{
  "success": true,
  "tool": "workflow.band_iperf",
  "human_summary": "PASS｜Band + iPerf 自動流程完成\n\n【Band / Connection】\nBand：B3\n頻寬：10.0 MHz\nUE 連線：已連線\n判定依據：phy_rate\nUE Data IP：192.168.3.2\nIP 來源：apn:internet\nPHY DL：91.641 Mbps\nPHY UL：19.055 Mbps\n\n【iPerf Download】\n方向：Download\nUE Data IP：192.168.3.2\n測試時間：30 秒\n平均速度：73.12 Mbps\n最低速度：62.908 Mbps\n最高速度：100.658 Mbps\n總傳輸量：274.201 MB\nRetransmissions：0\nTCP Congestion：BBR\n速度走勢：█▃▃▃▁▃▃▃▃▃▁▃▃▅▃▅▁▃▅▃▅▁▁▃▁▃▃▃▅▃\n\n【iPerf Upload】\n方向：Upload\nUE Data IP：192.168.3.2\n測試時間：30 秒\n平均速度：17.287 Mbps\n最低速度：11.627 Mbps\n最高速度：21.273 Mbps\n總傳輸量：64.825 MB\nRetransmissions：N/A\nTCP Congestion：BBR\n速度走勢：▆▅▆▆▃▁█▆▅▅▆▇▆▅▄▅▅▆▇█▅▆▆▅▄▃▅▃▃▄\n\n【Timing】\nLTE Service 穩定：2.1 秒\nUE/PHY/Data IP：61.1 秒\n\n結果：PASS",
  "machine_result": {
    "success": true,
    "workflow": "band_then_iperf",
    "stage": "completed",
    "ue_ip": "192.168.3.2",
    "ue_ip_source": "apn:internet",
    "ip_wait_attempts": [],
    "band_result": {
      "success": true,
      "tool": "amarisoft.set_band",
      "human_summary": "PASS｜LTE Band 設定完成\n\n【Band】\nCell：1\nBand：B3\n頻寬：10.0 MHz\nDL EARFCN：1575\n\n【Connection】\nLTE Service：Stable\nUE 連線：已連線\n判定依據：phy_rate\nUE Data IP：192.168.3.2\nIP 來源：apn:internet\nPHY DL：91.641 Mbps\nPHY UL：19.055 Mbps\n\n【Timing】\nLTE Service 穩定：2.1 秒\nUE/PHY/Data IP：61.1 秒\n\n結果：PASS",
      "machine_result": {
        "success": true,
        "stage_success": {
          "config_generated": true,
          "uploaded": true,
          "lte_service_stable": true,
          "remote_config_verified": true,
          "ue_connected": true
        },
        "modifier": {
          "success": true,
          "input_cfg": "D:\\NetworkAutomation\\plugins\\amarisoft\\AutoConfig.cfg",
          "output_cfg": "D:\\NetworkAutomation\\generated\\AutoConfig_LTE_B3_Cell1.cfg",
          "cell": 1,
          "band": 3,
          "mode": "FDD",
          "dl_earfcn": 1575,
          "bandwidth_mhz": 10.0,
          "rb_dl": 50,
          "changes": [
            {
              "key": "LTE_Cell_1_EARFCN_DL",
              "old": "2525",
              "new": "1575"
            },
            {
              "key": "LTE_Cell_1_RB_DL",
              "old": "50",
              "new": "50"
            },
            {
              "key": "LTE_TDD_Cell_1",
              "old": "0",
              "new": "0"
            }
          ]
        },
        "generated_cfg": "D:\\NetworkAutomation\\generated\\AutoConfig_LTE_B3_Cell1.cfg",
        "dry_run": false,
        "backup": {
          "success": true,
          "stdout": "",
          "stderr": ""
        },
        "upload": {
          "success": true,
          "local_path": "D:\\NetworkAutomation\\generated\\AutoConfig_LTE_B3_Cell1.cfg",
          "remote_path": "/root/enb/config/AutoConfig.cfg"
        },
        "restart": {
          "success": true,
          "commands": [
            {
              "success": true,
              "command": "cd /root/enb/config && ln -sfn AutoConfig.cfg enb.cfg",
              "exit_code": 0,
              "stdout": "",
              "stderr": ""
            },
            {
              "success": true,
              "command": "service lte restart",
              "exit_code": 0,
              "stdout": "",
              "stderr": "Redirecting to /bin/systemctl restart lte.service\n"
            }
          ]
        },
        "lte_service": {
          "success": true,
          "elapsed_sec": 2.1,
          "attempts": [
            {
              "elapsed_sec": 0.0,
              "running": true,
              "consecutive_success": 1
            },
            {
              "elapsed_sec": 2.1,
              "running": true,
              "consecutive_success": 2
            }
          ]
        },
        "config_verify": {
          "success": true,
          "command": "grep -E '^#define LTE_Cell_1_(EARFCN_DL|RB_DL)' /root/enb/config/AutoConfig.cfg",
          "earfcn_ok": true,
          "rb_ok": true,
          "stdout": "#define LTE_Cell_1_RB_DL 50\r\n#define LTE_Cell_1_EARFCN_DL 1575\r\n",
          "stderr": ""
        },
        "connection": {
          "success": true,
          "connected": true,
          "connection_basis": "phy_rate",
          "elapsed_sec": 61.1,
          "phy_connected_at_sec": 57.4,
          "data_ip_wait_sec": 3.8,
          "phy_rate": {
            "success": true,
            "cells": [
              {
                "cell_id": "1",
                "dl_bitrate_bps": 91641000,
                "ul_bitrate_bps": 19054560,
                "dl_bitrate_mbps": 91.641,
                "ul_bitrate_mbps": 19.055,
                "active": true
              }
            ],
            "total_dl_bitrate_bps": 91641000,
            "total_ul_bitrate_bps": 19054560,
            "total_dl_bitrate_mbps": 91.641,
            "total_ul_bitrate_mbps": 19.055,
            "active_cell_count": 1,
            "command": "cd /root/enb && ./ws.js 192.168.1.80:9001 '{\"message\":\"stats\"}'",
            "payload": {
              "message": "stats",
              "message_id": "id#1",
              "instance_id": "6a55d48a",
              "cpu": {},
              "cells": {
                "1": {
                  "dl_bitrate": 91641000,
                  "ul_bitrate": 19054560,
                  "dl_tx": 788,
                  "ul_tx": 350,
                  "dl_err": 0,
                  "ul_err": 0,
                  "dl_retx": 12,
                  "ul_retx": 44,
                  "dl_use_min": 0.9,
                  "dl_use_max": 1,
                  "dl_use_avg": 0.998,
                  "dl_data_use_min": 0.82,
                  "dl_data_use_max": 1,
                  "dl_data_use_avg": 0.991,
                  "ul_use_min": 0.24,
                  "ul_use_max": 0.96,
                  "ul_use_avg": 0.913,
                  "ul_data_use_min": 0,
                  "ul_data_use_max": 0.8,
                  "ul_data_use_avg": 0.705,
                  "ctrl_use_min": 0.211,
                  "ctrl_use_max": 0.421,
                  "ctrl_use_avg": 0.393,
                  "dl_sched_users_min": 1,
                  "dl_sched_users_max": 1,
                  "dl_sched_users_avg": 1,
                  "ul_sched_users_min": 0,
                  "ul_sched_users_max": 1,
                  "ul_sched_users_avg": 0.89,
                  "ue_count_min": 1,
                  "ue_count_max": 1,
                  "ue_count_avg": 1,
                  "ue_active_count_min": 1,
                  "ue_active_count_max": 1,
                  "ue_active_count_avg": 1,
                  "ue_inactive_count_min": 0,
                  "ue_inactive_count_max": 0,
                  "ue_inactive_count_avg": 0,
                  "erab_count_min": 2,
                  "erab_count_max": 2,
                  "erab_count_avg": 2,
                  "dl_gbr_use_min": 0,
                  "dl_gbr_use_max": 0,
                  "dl_gbr_use_avg": 0,
                  "ul_gbr_use_min": 0,
                  "ul_gbr_use_max": 0,
                  "ul_gbr_use_avg": 0,
                  "counters": {
                    "messages": {
                      "prach": 1,
                      "rrc_connection_request": 1,
                      "rrc_connection_setup": 1,
                      "rrc_connection_setup_complete": 1,
                      "rrc_ul_information_transfer": 9,
                      "rrc_dl_information_transfer": 3,
                      "rrc_security_mode_command": 1,
                      "rrc_security_mode_complete": 1,
                      "rrc_ue_capability_enquiry": 1,
                      "rrc_ue_capability_information": 1,
                      "rrc_connection_reconfiguration": 4,
                      "rrc_connection_reconfiguration_complete": 4
                    },
                    "errors": {}
                  }
                }
              },
              "rf_ports": {
                "0": {
                  "rxtx_delay": {
                    "min": 2.132,
                    "max": 3.461,
                    "avg": 2.893,
                    "sd": 0.272
                  }
                }
              },
              "counters": {
                "messages": {
                  "s1_erab_setup_request": 2,
                  "s1_erab_setup_response": 2,
                  "s1_erab_release_command": 1,
                  "s1_erab_release_response": 1,
                  "s1_initial_context_setup_request": 1,
                  "s1_initial_context_setup_response": 1,
                  "s1_downlink_nas_transport": 3,
                  "s1_initial_ue_message": 1,
                  "s1_uplink_nas_transport": 9,
                  "s1_setup_request": 1,
                  "s1_setup_response": 1,
                  "s1_ue_capability_info_indication": 1
                },
                "errors": {}
              },
              "duration": 0.4,
              "time": 38.217,
              "utc": 1784009925.219
            }
          },
          "ues": [
            {
              "ip": null,
              "imsi": "001010123888888",
              "imei": "8668870400991701",
              "apn": null,
              "enb_ue_id": 1,
              "mme_ue_id": 100,
              "rnti": null
            },
            {
              "ip": "192.168.2.2",
              "imsi": null,
              "imei": null,
              "apn": "TestPLMN",
              "enb_ue_id": null,
              "mme_ue_id": null,
              "rnti": null
            },
            {
              "ip": "192.168.3.2",
              "imsi": null,
              "imei": null,
              "apn": "internet",
              "enb_ue_id": null,
              "mme_ue_id": null,
              "rnti": null
            }
          ],
          "ue": {
            "ip": "192.168.3.2",
            "imsi": null,
            "imei": null,
            "apn": "internet",
            "enb_ue_id": null,
            "mme_ue_id": null,
            "rnti": null
          },
          "data_ue": {
            "ip": "192.168.3.2",
            "imsi": null,
            "imei": null,
            "apn": "internet",
            "enb_ue_id": null,
            "mme_ue_id": null,
            "rnti": null
          },
          "data_ue_ip": "192.168.3.2",
          "data_ip_source": "apn:internet",
          "ping": {
            "success": true,
            "ip": "192.168.3.2",
            "command": "ping -c 1 -W 2 192.168.3.2",
            "stdout": "PING 192.168.3.2 (192.168.3.2) 56(84) bytes of data.\n64 bytes from 192.168.3.2: icmp_seq=1 ttl=64 time=11.0 ms\n\n--- 192.168.3.2 ping statistics ---\n1 packets transmitted, 1 received, 0% packet loss, time 0ms\nrtt min/avg/max/mdev = 10.951/10.951/10.951/0.000 ms\n",
            "stderr": "",
            "exit_code": 0
          },
          "ip_status": "reachable",
          "attempt_count": 12,
          "attempts": [
            {
              "elapsed_sec": 0.1,
              "phy_connected": false,
              "phy_rate": {
                "success": false,
                "cells": [],
                "total_dl_bitrate_bps": 0,
                "total_ul_bitrate_bps": 0,
                "error": "[0.002] !!! Error Error: connect ECONNREFUSED 192.168.1.80:9001\n    at TCPConnectWrap.afterConnect [as oncomplete] (node:net:1278:16) {\n  errno: -111,\n  code: 'ECONNREFUSED',\n  syscall: 'connect',\n  address: '192.168.1.80',\n  port: 9001\n}\n",
                "command": "cd /root/enb && ./ws.js 192.168.1.80:9001 '{\"message\":\"stats\"}'",
                "raw_stdout": "WebSocket remote API tool version 2024-07-09, Copyright (C) 2012-2024 Amarisoft\n"
              },
              "ue_get_success": true,
              "matched_ues": [],
              "data_ue": null,
              "data_ip_source": "not_available",
              "data_ip_wait_sec": 0.0,
              "ping": null
            },
            {
              "elapsed_sec": 3.5,
              "phy_connected": false,
              "phy_rate": {
                "success": true,
                "cells": [
                  {
                    "cell_id": "1",
                    "dl_bitrate_bps": 0,
                    "ul_bitrate_bps": 0,
                    "dl_bitrate_mbps": 0.0,
                    "ul_bitrate_mbps": 0.0,
                    "active": false
                  }
                ],
                "total_dl_bitrate_bps": 0,
                "total_ul_bitrate_bps": 0,
                "total_dl_bitrate_mbps": 0.0,
                "total_ul_bitrate_mbps": 0.0,
                "active_cell_count": 0,
                "command": "cd /root/enb && ./ws.js 192.168.1.80:9001 '{\"message\":\"stats\"}'",
                "payload": {
                  "message": "stats",
                  "message_id": "id#1",
                  "instance_id": "6a55d48a",
                  "cpu": {},
                  "cells": {
                    "1": {
                      "dl_bitrate": 0,
                      "ul_bitrate": 0,
                      "dl_tx": 0,
                      "ul_tx": 0,
                      "dl_err": 0,
                      "ul_err": 0,
                      "dl_retx": 0,
                      "ul_retx": 0,
                      "dl_use_min": 0,
                      "dl_use_max": 0.14,
                      "dl_use_avg": 0.007,
                      "dl_data_use_min": 0,
                      "dl_data_use_max": 0,
                      "dl_data_use_avg": 0,
                      "ul_use_min": 0.12,
                      "ul_use_max": 0.24,
                      "ul_use_avg": 0.132,
                      "ul_data_use_min": 0,
                      "ul_data_use_max": 0,
                      "ul_data_use_avg": 0,
                      "ctrl_use_min": 0,
                      "ctrl_use_max": 0.5,
                      "ctrl_use_avg": 0.036,
                      "dl_sched_users_min": 0,
                      "dl_sched_users_max": 0,
                      "dl_sched_users_avg": 0,
                      "ul_sched_users_min": 0,
                      "ul_sched_users_max": 0,
                      "ul_sched_users_avg": 0,
                      "ue_count_min": 0,
                      "ue_count_max": 0,
                      "ue_count_avg": 0,
                      "ue_active_count_min": 0,
                      "ue_active_count_max": 0,
                      "ue_active_count_avg": 0,
                      "ue_inactive_count_min": 0,
                      "ue_inactive_count_max": 0,
                      "ue_inactive_count_avg": 0,
                      "erab_count_min": 0,
                      "erab_count_max": 0,
                      "erab_count_avg": 0,
                      "dl_gbr_use_min": 0,
                      "dl_gbr_use_max": 0,
                      "dl_gbr_use_avg": 0,
                      "ul_gbr_use_min": 0,
                      "ul_gbr_use_max": 0,
                      "ul_gbr_use_avg": 0,
                      "counters": {
                        "messages": {},
                        "errors": {}
                      }
                    }
                  },
                  "rf_ports": {
                    "0": {
                      "rxtx_delay": {
                        "min": 2.532,
                        "max": 3.527,
                        "avg": 3.071,
                        "sd": 0.263
                      }
                    }
                  },
                  "counters": {
                    "messages": {
                      "s1_setup_request": 1,
                      "s1_setup_response": 1
                    },
                    "errors": {}
                  },
                  "duration": 0.4,
                  "time": 0.425,
                  "utc": 1784009887.426
                }
              },
              "ue_get_success": true,
              "matched_ues": [],
              "data_ue": null,
              "data_ip_source": "not_available",
              "data_ip_wait_sec": 0.0,
              "ping": null
            },
            {
              "elapsed_sec": 27.1,
              "phy_connected": false,
              "phy_rate": {
                "success": true,
                "cells": [
                  {
                    "cell_id": "1",
                    "dl_bitrate_bps": 0,
                    "ul_bitrate_bps": 0,
                    "dl_bitrate_mbps": 0.0,
                    "ul_bitrate_mbps": 0.0,
                    "active": false
                  }
                ],
                "total_dl_bitrate_bps": 0,
                "total_ul_bitrate_bps": 0,
                "total_dl_bitrate_mbps": 0.0,
                "total_ul_bitrate_mbps": 0.0,
                "active_cell_count": 0,
                "command": "cd /root/enb && ./ws.js 192.168.1.80:9001 '{\"message\":\"stats\"}'",
                "payload": {
                  "message": "stats",
                  "message_id": "id#1",
                  "instance_id": "6a55d48a",
                  "cpu": {},
                  "cells": {
                    "1": {
                      "dl_bitrate": 0,
                      "ul_bitrate": 0,
                      "dl_tx": 0,
                      "ul_tx": 0,
                      "dl_err": 0,
                      "ul_err": 0,
                      "dl_retx": 0,
                      "ul_retx": 0,
                      "dl_use_min": 0,
                      "dl_use_max": 0.14,
                      "dl_use_avg": 0.008,
                      "dl_data_use_min": 0,
                      "dl_data_use_max": 0,
                      "dl_data_use_avg": 0,
                      "ul_use_min": 0.12,
                      "ul_use_max": 0.24,
                      "ul_use_avg": 0.132,
                      "ul_data_use_min": 0,
                      "ul_data_use_max": 0,
                      "ul_data_use_avg": 0,
                      "ctrl_use_min": 0,
                      "ctrl_use_max": 0.5,
                      "ctrl_use_avg": 0.04,
                      "dl_sched_users_min": 0,
                      "dl_sched_users_max": 0,
                      "dl_sched_users_avg": 0,
                      "ul_sched_users_min": 0,
                      "ul_sched_users_max": 0,
                      "ul_sched_users_avg": 0,
                      "ue_count_min": 0,
                      "ue_count_max": 0,
                      "ue_count_avg": 0,
                      "ue_active_count_min": 0,
                      "ue_active_count_max": 0,
                      "ue_active_count_avg": 0,
                      "ue_inactive_count_min": 0,
                      "ue_inactive_count_max": 0,
                      "ue_inactive_count_avg": 0,
                      "erab_count_min": 0,
                      "erab_count_max": 0,
                      "erab_count_avg": 0,
                      "dl_gbr_use_min": 0,
                      "dl_gbr_use_max": 0,
                      "dl_gbr_use_avg": 0,
                      "ul_gbr_use_min": 0,
                      "ul_gbr_use_max": 0,
                      "ul_gbr_use_avg": 0,
                      "counters": {
                        "messages": {},
                        "errors": {}
                      }
                    }
                  },
                  "rf_ports": {
                    "0": {
                      "rxtx_delay": {
                        "min": 2.532,
                        "max": 3.594,
                        "avg": 3.073,
                        "sd": 0.264
                      }
                    }
                  },
                  "counters": {
                    "messages": {
                      "s1_setup_request": 1,
                      "s1_setup_response": 1
                    },
                    "errors": {}
                  },
                  "duration": 0.4,
                  "time": 4.195,
                  "utc": 1784009891.197
                }
              },
              "ue_get_success": true,
              "matched_ues": [],
              "data_ue": null,
              "data_ip_source": "not_available",
              "data_ip_wait_sec": 0.0,
              "ping": null
            },
            {
              "elapsed_sec": 30.9,
              "phy_connected": false,
              "phy_rate": {
                "success": true,
                "cells": [
                  {
                    "cell_id": "1",
                    "dl_bitrate_bps": 0,
                    "ul_bitrate_bps": 0,
                    "dl_bitrate_mbps": 0.0,
                    "ul_bitrate_mbps": 0.0,
                    "active": false
                  }
                ],
                "total_dl_bitrate_bps": 0,
                "total_ul_bitrate_bps": 0,
                "total_dl_bitrate_mbps": 0.0,
                "total_ul_bitrate_mbps": 0.0,
                "active_cell_count": 0,
                "command": "cd /root/enb && ./ws.js 192.168.1.80:9001 '{\"message\":\"stats\"}'",
                "payload": {
                  "message": "stats",
                  "message_id": "id#1",
                  "instance_id": "6a55d48a",
                  "cpu": {},
                  "cells": {
                    "1": {
                      "dl_bitrate": 0,
                      "ul_bitrate": 0,
                      "dl_tx": 0,
                      "ul_tx": 0,
                      "dl_err": 0,
                      "ul_err": 0,
                      "dl_retx": 0,
                      "ul_retx": 0,
                      "dl_use_min": 0,
                      "dl_use_max": 0.14,
                      "dl_use_avg": 0.007,
                      "dl_data_use_min": 0,
                      "dl_data_use_max": 0,
                      "dl_data_use_avg": 0,
                      "ul_use_min": 0.12,
                      "ul_use_max": 0.24,
                      "ul_use_avg": 0.132,
                      "ul_data_use_min": 0,
                      "ul_data_use_max": 0,
                      "ul_data_use_avg": 0,
                      "ctrl_use_min": 0,
                      "ctrl_use_max": 0.5,
                      "ctrl_use_avg": 0.035,
                      "dl_sched_users_min": 0,
                      "dl_sched_users_max": 0,
                      "dl_sched_users_avg": 0,
                      "ul_sched_users_min": 0,
                      "ul_sched_users_max": 0,
                      "ul_sched_users_avg": 0,
                      "ue_count_min": 0,
                      "ue_count_max": 0,
                      "ue_count_avg": 0,
                      "ue_active_count_min": 0,
                      "ue_active_count_max": 0,
                      "ue_active_count_avg": 0,
                      "ue_inactive_count_min": 0,
                      "ue_inactive_count_max": 0,
                      "ue_inactive_count_avg": 0,
                      "erab_count_min": 0,
                      "erab_count_max": 0,
                      "erab_count_avg": 0,
                      "dl_gbr_use_min": 0,
                      "dl_gbr_use_max": 0,
                      "dl_gbr_use_avg": 0,
                      "ul_gbr_use_min": 0,
                      "ul_gbr_use_max": 0,
                      "ul_gbr_use_avg": 0,
                      "counters": {
                        "messages": {},
                        "errors": {}
                      }
                    }
                  },
                  "rf_ports": {
                    "0": {
                      "rxtx_delay": {
                        "min": 2.532,
                        "max": 3.594,
                        "avg": 3.069,
                        "sd": 0.265
                      }
                    }
                  },
                  "counters": {
                    "messages": {
                      "s1_setup_request": 1,
                      "s1_setup_response": 1
                    },
                    "errors": {}
                  },
                  "duration": 0.4,
                  "time": 7.961,
                  "utc": 1784009894.963
                }
              },
              "ue_get_success": true,
              "matched_ues": [],
              "data_ue": null,
              "data_ip_source": "not_available",
              "data_ip_wait_sec": 0.0,
              "ping": null
            },
            {
              "elapsed_sec": 34.6,
              "phy_connected": false,
              "phy_rate": {
                "success": true,
                "cells": [
                  {
                    "cell_id": "1",
                    "dl_bitrate_bps": 0,
                    "ul_bitrate_bps": 0,
                    "dl_bitrate_mbps": 0.0,
                    "ul_bitrate_mbps": 0.0,
                    "active": false
                  }
                ],
                "total_dl_bitrate_bps": 0,
                "total_ul_bitrate_bps": 0,
                "total_dl_bitrate_mbps": 0.0,
                "total_ul_bitrate_mbps": 0.0,
                "active_cell_count": 0,
                "command": "cd /root/enb && ./ws.js 192.168.1.80:9001 '{\"message\":\"stats\"}'",
                "payload": {
                  "message": "stats",
                  "message_id": "id#1",
                  "instance_id": "6a55d48a",
                  "cpu": {},
                  "cells": {
                    "1": {
                      "dl_bitrate": 0,
                      "ul_bitrate": 0,
                      "dl_tx": 0,
                      "ul_tx": 0,
                      "dl_err": 0,
                      "ul_err": 0,
                      "dl_retx": 0,
                      "ul_retx": 0,
                      "dl_use_min": 0,
                      "dl_use_max": 0.14,
                      "dl_use_avg": 0.008,
                      "dl_data_use_min": 0,
                      "dl_data_use_max": 0,
                      "dl_data_use_avg": 0,
                      "ul_use_min": 0.12,
                      "ul_use_max": 0.24,
                      "ul_use_avg": 0.132,
                      "ul_data_use_min": 0,
                      "ul_data_use_max": 0,
                      "ul_data_use_avg": 0,
                      "ctrl_use_min": 0,
                      "ctrl_use_max": 0.5,
                      "ctrl_use_avg": 0.04,
                      "dl_sched_users_min": 0,
                      "dl_sched_users_max": 0,
                      "dl_sched_users_avg": 0,
                      "ul_sched_users_min": 0,
                      "ul_sched_users_max": 0,
                      "ul_sched_users_avg": 0,
                      "ue_count_min": 0,
                      "ue_count_max": 0,
                      "ue_count_avg": 0,
                      "ue_active_count_min": 0,
                      "ue_active_count_max": 0,
                      "ue_active_count_avg": 0,
                      "ue_inactive_count_min": 0,
                      "ue_inactive_count_max": 0,
                      "ue_inactive_count_avg": 0,
                      "erab_count_min": 0,
                      "erab_count_max": 0,
                      "erab_count_avg": 0,
                      "dl_gbr_use_min": 0,
                      "dl_gbr_use_max": 0,
                      "dl_gbr_use_avg": 0,
                      "ul_gbr_use_min": 0,
                      "ul_gbr_use_max": 0,
                      "ul_gbr_use_avg": 0,
                      "counters": {
                        "messages": {},
                        "errors": {}
                      }
                    }
                  },
                  "rf_ports": {
                    "0": {
                      "rxtx_delay": {
                        "min": 2.532,
                        "max": 3.527,
                        "avg": 3.067,
                        "sd": 0.264
                      }
                    }
                  },
                  "counters": {
                    "messages": {
                      "s1_setup_request": 1,
                      "s1_setup_response": 1
                    },
                    "errors": {}
                  },
                  "duration": 0.4,
                  "time": 11.737,
                  "utc": 1784009898.744
                }
              },
              "ue_get_success": true,
              "matched_ues": [],
              "data_ue": null,
              "data_ip_source": "not_available",
              "data_ip_wait_sec": 0.0,
              "ping": null
            },
            {
              "elapsed_sec": 38.4,
              "phy_connected": false,
              "phy_rate": {
                "success": true,
                "cells": [
                  {
                    "cell_id": "1",
                    "dl_bitrate_bps": 0,
                    "ul_bitrate_bps": 0,
                    "dl_bitrate_mbps": 0.0,
                    "ul_bitrate_mbps": 0.0,
                    "active": false
                  }
                ],
                "total_dl_bitrate_bps": 0,
                "total_ul_bitrate_bps": 0,
                "total_dl_bitrate_mbps": 0.0,
                "total_ul_bitrate_mbps": 0.0,
                "active_cell_count": 0,
                "command": "cd /root/enb && ./ws.js 192.168.1.80:9001 '{\"message\":\"stats\"}'",
                "payload": {
                  "message": "stats",
                  "message_id": "id#1",
                  "instance_id": "6a55d48a",
                  "cpu": {},
                  "cells": {
                    "1": {
                      "dl_bitrate": 0,
                      "ul_bitrate": 0,
                      "dl_tx": 0,
                      "ul_tx": 0,
                      "dl_err": 0,
                      "ul_err": 0,
                      "dl_retx": 0,
                      "ul_retx": 0,
                      "dl_use_min": 0,
                      "dl_use_max": 0.14,
                      "dl_use_avg": 0.007,
                      "dl_data_use_min": 0,
                      "dl_data_use_max": 0,
                      "dl_data_use_avg": 0,
                      "ul_use_min": 0.12,
                      "ul_use_max": 0.24,
                      "ul_use_avg": 0.132,
                      "ul_data_use_min": 0,
                      "ul_data_use_max": 0,
                      "ul_data_use_avg": 0,
                      "ctrl_use_min": 0,
                      "ctrl_use_max": 0.5,
                      "ctrl_use_avg": 0.036,
                      "dl_sched_users_min": 0,
                      "dl_sched_users_max": 0,
                      "dl_sched_users_avg": 0,
                      "ul_sched_users_min": 0,
                      "ul_sched_users_max": 0,
                      "ul_sched_users_avg": 0,
                      "ue_count_min": 0,
                      "ue_count_max": 0,
                      "ue_count_avg": 0,
                      "ue_active_count_min": 0,
                      "ue_active_count_max": 0,
                      "ue_active_count_avg": 0,
                      "ue_inactive_count_min": 0,
                      "ue_inactive_count_max": 0,
                      "ue_inactive_count_avg": 0,
                      "erab_count_min": 0,
                      "erab_count_max": 0,
                      "erab_count_avg": 0,
                      "dl_gbr_use_min": 0,
                      "dl_gbr_use_max": 0,
                      "dl_gbr_use_avg": 0,
                      "ul_gbr_use_min": 0,
                      "ul_gbr_use_max": 0,
                      "ul_gbr_use_avg": 0,
                      "counters": {
                        "messages": {},
                        "errors": {}
                      }
                    }
                  },
                  "rf_ports": {
                    "0": {
                      "rxtx_delay": {
                        "min": 2.532,
                        "max": 3.594,
                        "avg": 3.072,
                        "sd": 0.264
                      }
                    }
                  },
                  "counters": {
                    "messages": {
                      "s1_setup_request": 1,
                      "s1_setup_response": 1
                    },
                    "errors": {}
                  },
                  "duration": 0.4,
                  "time": 15.525,
                  "utc": 1784009902.527
                }
              },
              "ue_get_success": true,
              "matched_ues": [],
              "data_ue": null,
              "data_ip_source": "not_available",
              "data_ip_wait_sec": 0.0,
              "ping": null
            },
            {
              "elapsed_sec": 42.2,
              "phy_connected": false,
              "phy_rate": {
                "success": true,
                "cells": [
                  {
                    "cell_id": "1",
                    "dl_bitrate_bps": 0,
                    "ul_bitrate_bps": 0,
                    "dl_bitrate_mbps": 0.0,
                    "ul_bitrate_mbps": 0.0,
                    "active": false
                  }
                ],
                "total_dl_bitrate_bps": 0,
                "total_ul_bitrate_bps": 0,
                "total_dl_bitrate_mbps": 0.0,
                "total_ul_bitrate_mbps": 0.0,
                "active_cell_count": 0,
                "command": "cd /root/enb && ./ws.js 192.168.1.80:9001 '{\"message\":\"stats\"}'",
                "payload": {
                  "message": "stats",
                  "message_id": "id#1",
                  "instance_id": "6a55d48a",
                  "cpu": {},
                  "cells": {
                    "1": {
                      "dl_bitrate": 0,
                      "ul_bitrate": 0,
                      "dl_tx": 0,
                      "ul_tx": 0,
                      "dl_err": 0,
                      "ul_err": 0,
                      "dl_retx": 0,
                      "ul_retx": 0,
                      "dl_use_min": 0,
                      "dl_use_max": 0.14,
                      "dl_use_avg": 0.007,
                      "dl_data_use_min": 0,
                      "dl_data_use_max": 0,
                      "dl_data_use_avg": 0,
                      "ul_use_min": 0.12,
                      "ul_use_max": 0.24,
                      "ul_use_avg": 0.132,
                      "ul_data_use_min": 0,
                      "ul_data_use_max": 0,
                      "ul_data_use_avg": 0,
                      "ctrl_use_min": 0,
                      "ctrl_use_max": 0.5,
                      "ctrl_use_avg": 0.036,
                      "dl_sched_users_min": 0,
                      "dl_sched_users_max": 0,
                      "dl_sched_users_avg": 0,
                      "ul_sched_users_min": 0,
                      "ul_sched_users_max": 0,
                      "ul_sched_users_avg": 0,
                      "ue_count_min": 0,
                      "ue_count_max": 0,
                      "ue_count_avg": 0,
                      "ue_active_count_min": 0,
                      "ue_active_count_max": 0,
                      "ue_active_count_avg": 0,
                      "ue_inactive_count_min": 0,
                      "ue_inactive_count_max": 0,
                      "ue_inactive_count_avg": 0,
                      "erab_count_min": 0,
                      "erab_count_max": 0,
                      "erab_count_avg": 0,
                      "dl_gbr_use_min": 0,
                      "dl_gbr_use_max": 0,
                      "dl_gbr_use_avg": 0,
                      "ul_gbr_use_min": 0,
                      "ul_gbr_use_max": 0,
                      "ul_gbr_use_avg": 0,
                      "counters": {
                        "messages": {},
                        "errors": {}
                      }
                    }
                  },
                  "rf_ports": {
                    "0": {
                      "rxtx_delay": {
                        "min": 2.532,
                        "max": 3.527,
                        "avg": 3.071,
                        "sd": 0.264
                      }
                    }
                  },
                  "counters": {
                    "messages": {
                      "s1_setup_request": 1,
                      "s1_setup_response": 1
                    },
                    "errors": {}
                  },
                  "duration": 0.4,
                  "time": 19.305,
                  "utc": 1784009906.307
                }
              },
              "ue_get_success": true,
              "matched_ues": [],
              "data_ue": null,
              "data_ip_source": "not_available",
              "data_ip_wait_sec": 0.0,
              "ping": null
            },
            {
              "elapsed_sec": 46.0,
              "phy_connected": false,
              "phy_rate": {
                "success": true,
                "cells": [
                  {
                    "cell_id": "1",
                    "dl_bitrate_bps": 0,
                    "ul_bitrate_bps": 0,
                    "dl_bitrate_mbps": 0.0,
                    "ul_bitrate_mbps": 0.0,
                    "active": false
                  }
                ],
                "total_dl_bitrate_bps": 0,
                "total_ul_bitrate_bps": 0,
                "total_dl_bitrate_mbps": 0.0,
                "total_ul_bitrate_mbps": 0.0,
                "active_cell_count": 0,
                "command": "cd /root/enb && ./ws.js 192.168.1.80:9001 '{\"message\":\"stats\"}'",
                "payload": {
                  "message": "stats",
                  "message_id": "id#1",
                  "instance_id": "6a55d48a",
                  "cpu": {},
                  "cells": {
                    "1": {
                      "dl_bitrate": 0,
                      "ul_bitrate": 0,
                      "dl_tx": 0,
                      "ul_tx": 0,
                      "dl_err": 0,
                      "ul_err": 0,
                      "dl_retx": 0,
                      "ul_retx": 0,
                      "dl_use_min": 0,
                      "dl_use_max": 0.14,
                      "dl_use_avg": 0.008,
                      "dl_data_use_min": 0,
                      "dl_data_use_max": 0,
                      "dl_data_use_avg": 0,
                      "ul_use_min": 0.12,
                      "ul_use_max": 0.24,
                      "ul_use_avg": 0.132,
                      "ul_data_use_min": 0,
                      "ul_data_use_max": 0,
                      "ul_data_use_avg": 0,
                      "ctrl_use_min": 0,
                      "ctrl_use_max": 0.5,
                      "ctrl_use_avg": 0.04,
                      "dl_sched_users_min": 0,
                      "dl_sched_users_max": 0,
                      "dl_sched_users_avg": 0,
                      "ul_sched_users_min": 0,
                      "ul_sched_users_max": 0,
                      "ul_sched_users_avg": 0,
                      "ue_count_min": 0,
                      "ue_count_max": 0,
                      "ue_count_avg": 0,
                      "ue_active_count_min": 0,
                      "ue_active_count_max": 0,
                      "ue_active_count_avg": 0,
                      "ue_inactive_count_min": 0,
                      "ue_inactive_count_max": 0,
                      "ue_inactive_count_avg": 0,
                      "erab_count_min": 0,
                      "erab_count_max": 0,
                      "erab_count_avg": 0,
                      "dl_gbr_use_min": 0,
                      "dl_gbr_use_max": 0,
                      "dl_gbr_use_avg": 0,
                      "ul_gbr_use_min": 0,
                      "ul_gbr_use_max": 0,
                      "ul_gbr_use_avg": 0,
                      "counters": {
                        "messages": {},
                        "errors": {}
                      }
                    }
                  },
                  "rf_ports": {
                    "0": {
                      "rxtx_delay": {
                        "min": 2.532,
                        "max": 3.527,
                        "avg": 3.068,
                        "sd": 0.264
                      }
                    }
                  },
                  "counters": {
                    "messages": {
                      "s1_setup_request": 1,
                      "s1_setup_response": 1
                    },
                    "errors": {}
                  },
                  "duration": 0.4,
                  "time": 23.096,
                  "utc": 1784009910.106
                }
              },
              "ue_get_success": true,
              "matched_ues": [],
              "data_ue": null,
              "data_ip_source": "not_available",
              "data_ip_wait_sec": 0.0,
              "ping": null
            },
            {
              "elapsed_sec": 49.8,
              "phy_connected": false,
              "phy_rate": {
                "success": true,
                "cells": [
                  {
                    "cell_id": "1",
                    "dl_bitrate_bps": 0,
                    "ul_bitrate_bps": 0,
                    "dl_bitrate_mbps": 0.0,
                    "ul_bitrate_mbps": 0.0,
                    "active": false
                  }
                ],
                "total_dl_bitrate_bps": 0,
                "total_ul_bitrate_bps": 0,
                "total_dl_bitrate_mbps": 0.0,
                "total_ul_bitrate_mbps": 0.0,
                "active_cell_count": 0,
                "command": "cd /root/enb && ./ws.js 192.168.1.80:9001 '{\"message\":\"stats\"}'",
                "payload": {
                  "message": "stats",
                  "message_id": "id#1",
                  "instance_id": "6a55d48a",
                  "cpu": {},
                  "cells": {
                    "1": {
                      "dl_bitrate": 0,
                      "ul_bitrate": 0,
                      "dl_tx": 0,
                      "ul_tx": 0,
                      "dl_err": 0,
                      "ul_err": 0,
                      "dl_retx": 0,
                      "ul_retx": 0,
                      "dl_use_min": 0,
                      "dl_use_max": 0.14,
                      "dl_use_avg": 0.007,
                      "dl_data_use_min": 0,
                      "dl_data_use_max": 0,
                      "dl_data_use_avg": 0,
                      "ul_use_min": 0.12,
                      "ul_use_max": 0.24,
                      "ul_use_avg": 0.132,
                      "ul_data_use_min": 0,
                      "ul_data_use_max": 0,
                      "ul_data_use_avg": 0,
                      "ctrl_use_min": 0,
                      "ctrl_use_max": 0.5,
                      "ctrl_use_avg": 0.036,
                      "dl_sched_users_min": 0,
                      "dl_sched_users_max": 0,
                      "dl_sched_users_avg": 0,
                      "ul_sched_users_min": 0,
                      "ul_sched_users_max": 0,
                      "ul_sched_users_avg": 0,
                      "ue_count_min": 0,
                      "ue_count_max": 0,
                      "ue_count_avg": 0,
                      "ue_active_count_min": 0,
                      "ue_active_count_max": 0,
                      "ue_active_count_avg": 0,
                      "ue_inactive_count_min": 0,
                      "ue_inactive_count_max": 0,
                      "ue_inactive_count_avg": 0,
                      "erab_count_min": 0,
                      "erab_count_max": 0,
                      "erab_count_avg": 0,
                      "dl_gbr_use_min": 0,
                      "dl_gbr_use_max": 0,
                      "dl_gbr_use_avg": 0,
                      "ul_gbr_use_min": 0,
                      "ul_gbr_use_max": 0,
                      "ul_gbr_use_avg": 0,
                      "counters": {
                        "messages": {},
                        "errors": {}
                      }
                    }
                  },
                  "rf_ports": {
                    "0": {
                      "rxtx_delay": {
                        "min": 2.532,
                        "max": 3.594,
                        "avg": 3.071,
                        "sd": 0.265
                      }
                    }
                  },
                  "counters": {
                    "messages": {
                      "s1_setup_request": 1,
                      "s1_setup_response": 1
                    },
                    "errors": {}
                  },
                  "duration": 0.4,
                  "time": 26.876,
                  "utc": 1784009913.878
                }
              },
              "ue_get_success": true,
              "matched_ues": [],
              "data_ue": null,
              "data_ip_source": "not_available",
              "data_ip_wait_sec": 0.0,
              "ping": null
            },
            {
              "elapsed_sec": 53.6,
              "phy_connected": false,
              "phy_rate": {
                "success": true,
                "cells": [
                  {
                    "cell_id": "1",
                    "dl_bitrate_bps": 0,
                    "ul_bitrate_bps": 0,
                    "dl_bitrate_mbps": 0.0,
                    "ul_bitrate_mbps": 0.0,
                    "active": false
                  }
                ],
                "total_dl_bitrate_bps": 0,
                "total_ul_bitrate_bps": 0,
                "total_dl_bitrate_mbps": 0.0,
                "total_ul_bitrate_mbps": 0.0,
                "active_cell_count": 0,
                "command": "cd /root/enb && ./ws.js 192.168.1.80:9001 '{\"message\":\"stats\"}'",
                "payload": {
                  "message": "stats",
                  "message_id": "id#1",
                  "instance_id": "6a55d48a",
                  "cpu": {},
                  "cells": {
                    "1": {
                      "dl_bitrate": 0,
                      "ul_bitrate": 0,
                      "dl_tx": 0,
                      "ul_tx": 0,
                      "dl_err": 0,
                      "ul_err": 0,
                      "dl_retx": 0,
                      "ul_retx": 0,
                      "dl_use_min": 0,
                      "dl_use_max": 0.14,
                      "dl_use_avg": 0.007,
                      "dl_data_use_min": 0,
                      "dl_data_use_max": 0,
                      "dl_data_use_avg": 0,
                      "ul_use_min": 0.12,
                      "ul_use_max": 0.24,
                      "ul_use_avg": 0.132,
                      "ul_data_use_min": 0,
                      "ul_data_use_max": 0,
                      "ul_data_use_avg": 0,
                      "ctrl_use_min": 0,
                      "ctrl_use_max": 0.5,
                      "ctrl_use_avg": 0.035,
                      "dl_sched_users_min": 0,
                      "dl_sched_users_max": 0,
                      "dl_sched_users_avg": 0,
                      "ul_sched_users_min": 0,
                      "ul_sched_users_max": 0,
                      "ul_sched_users_avg": 0,
                      "ue_count_min": 0,
                      "ue_count_max": 0,
                      "ue_count_avg": 0,
                      "ue_active_count_min": 0,
                      "ue_active_count_max": 0,
                      "ue_active_count_avg": 0,
                      "ue_inactive_count_min": 0,
                      "ue_inactive_count_max": 0,
                      "ue_inactive_count_avg": 0,
                      "erab_count_min": 0,
                      "erab_count_max": 0,
                      "erab_count_avg": 0,
                      "dl_gbr_use_min": 0,
                      "dl_gbr_use_max": 0,
                      "dl_gbr_use_avg": 0,
                      "ul_gbr_use_min": 0,
                      "ul_gbr_use_max": 0,
                      "ul_gbr_use_avg": 0,
                      "counters": {
                        "messages": {},
                        "errors": {}
                      }
                    }
                  },
                  "rf_ports": {
                    "0": {
                      "rxtx_delay": {
                        "min": 2.465,
                        "max": 3.594,
                        "avg": 3.068,
                        "sd": 0.265
                      }
                    }
                  },
                  "counters": {
                    "messages": {
                      "s1_setup_request": 1,
                      "s1_setup_response": 1
                    },
                    "errors": {}
                  },
                  "duration": 0.4,
                  "time": 30.668,
                  "utc": 1784009917.67
                }
              },
              "ue_get_success": true,
              "matched_ues": [],
              "data_ue": null,
              "data_ip_source": "not_available",
              "data_ip_wait_sec": 0.0,
              "ping": null
            },
            {
              "elapsed_sec": 57.4,
              "phy_connected": true,
              "phy_rate": {
                "success": true,
                "cells": [
                  {
                    "cell_id": "1",
                    "dl_bitrate_bps": 93542900,
                    "ul_bitrate_bps": 21063640,
                    "dl_bitrate_mbps": 93.543,
                    "ul_bitrate_mbps": 21.064,
                    "active": true
                  }
                ],
                "total_dl_bitrate_bps": 93542900,
                "total_ul_bitrate_bps": 21063640,
                "total_dl_bitrate_mbps": 93.543,
                "total_ul_bitrate_mbps": 21.064,
                "active_cell_count": 1,
                "command": "cd /root/enb && ./ws.js 192.168.1.80:9001 '{\"message\":\"stats\"}'",
                "payload": {
                  "message": "stats",
                  "message_id": "id#1",
                  "instance_id": "6a55d48a",
                  "cpu": {},
                  "cells": {
                    "1": {
                      "dl_bitrate": 93542900,
                      "ul_bitrate": 21063640,
                      "dl_tx": 796,
                      "ul_tx": 353,
                      "dl_err": 0,
                      "ul_err": 0,
                      "dl_retx": 4,
                      "ul_retx": 41,
                      "dl_use_min": 0.96,
                      "dl_use_max": 1,
                      "dl_use_avg": 0.997,
                      "dl_data_use_min": 0.82,
                      "dl_data_use_max": 1,
                      "dl_data_use_avg": 0.989,
                      "ul_use_min": 0.24,
                      "ul_use_max": 0.96,
                      "ul_use_avg": 0.913,
                      "ul_data_use_min": 0,
                      "ul_data_use_max": 0.8,
                      "ul_data_use_avg": 0.711,
                      "ctrl_use_min": 0.211,
                      "ctrl_use_max": 0.421,
                      "ctrl_use_avg": 0.394,
                      "dl_sched_users_min": 1,
                      "dl_sched_users_max": 1,
                      "dl_sched_users_avg": 1,
                      "ul_sched_users_min": 0,
                      "ul_sched_users_max": 1,
                      "ul_sched_users_avg": 0.897,
                      "ue_count_min": 1,
                      "ue_count_max": 1,
                      "ue_count_avg": 1,
                      "ue_active_count_min": 1,
                      "ue_active_count_max": 1,
                      "ue_active_count_avg": 1,
                      "ue_inactive_count_min": 0,
                      "ue_inactive_count_max": 0,
                      "ue_inactive_count_avg": 0,
                      "erab_count_min": 1,
                      "erab_count_max": 1,
                      "erab_count_avg": 1,
                      "dl_gbr_use_min": 0,
                      "dl_gbr_use_max": 0,
                      "dl_gbr_use_avg": 0,
                      "ul_gbr_use_min": 0,
                      "ul_gbr_use_max": 0,
                      "ul_gbr_use_avg": 0,
                      "counters": {
                        "messages": {
                          "prach": 1,
                          "rrc_connection_request": 1,
                          "rrc_connection_setup": 1,
                          "rrc_connection_setup_complete": 1,
                          "rrc_ul_information_transfer": 7,
                          "rrc_dl_information_transfer": 3,
                          "rrc_security_mode_command": 1,
                          "rrc_security_mode_complete": 1,
                          "rrc_ue_capability_enquiry": 1,
                          "rrc_ue_capability_information": 1,
                          "rrc_connection_reconfiguration": 3,
                          "rrc_connection_reconfiguration_complete": 3
                        },
                        "errors": {}
                      }
                    }
                  },
                  "rf_ports": {
                    "0": {
                      "rxtx_delay": {
                        "min": 2.132,
                        "max": 3.461,
                        "avg": 2.891,
                        "sd": 0.272
                      }
                    }
                  },
                  "counters": {
                    "messages": {
                      "s1_erab_setup_request": 1,
                      "s1_erab_setup_response": 1,
                      "s1_erab_release_command": 1,
                      "s1_erab_release_response": 1,
                      "s1_initial_context_setup_request": 1,
                      "s1_initial_context_setup_response": 1,
                      "s1_downlink_nas_transport": 3,
                      "s1_initial_ue_message": 1,
                      "s1_uplink_nas_transport": 7,
                      "s1_setup_request": 1,
                      "s1_setup_response": 1,
                      "s1_ue_capability_info_indication": 1
                    },
                    "errors": {}
                  },
                  "duration": 0.4,
                  "time": 34.44,
                  "utc": 1784009921.447
                }
              },
              "ue_get_success": true,
              "matched_ues": [
                {
                  "ip": null,
                  "imsi": "001010123888888",
                  "imei": "8668870400991701",
                  "apn": null,
                  "enb_ue_id": 1,
                  "mme_ue_id": 100,
                  "rnti": null
                },
                {
                  "ip": "192.168.2.2",
                  "imsi": null,
                  "imei": null,
                  "apn": "TestPLMN",
                  "enb_ue_id": null,
                  "mme_ue_id": null,
                  "rnti": null
                }
              ],
              "data_ue": null,
              "data_ip_source": "not_available",
              "data_ip_wait_sec": 0.0,
              "ping": null
            },
            {
              "elapsed_sec": 61.1,
              "phy_connected": true,
              "phy_rate": {
                "success": true,
                "cells": [
                  {
                    "cell_id": "1",
                    "dl_bitrate_bps": 91641000,
                    "ul_bitrate_bps": 19054560,
                    "dl_bitrate_mbps": 91.641,
                    "ul_bitrate_mbps": 19.055,
                    "active": true
                  }
                ],
                "total_dl_bitrate_bps": 91641000,
                "total_ul_bitrate_bps": 19054560,
                "total_dl_bitrate_mbps": 91.641,
                "total_ul_bitrate_mbps": 19.055,
                "active_cell_count": 1,
                "command": "cd /root/enb && ./ws.js 192.168.1.80:9001 '{\"message\":\"stats\"}'",
                "payload": {
                  "message": "stats",
                  "message_id": "id#1",
                  "instance_id": "6a55d48a",
                  "cpu": {},
                  "cells": {
                    "1": {
                      "dl_bitrate": 91641000,
                      "ul_bitrate": 19054560,
                      "dl_tx": 788,
                      "ul_tx": 350,
                      "dl_err": 0,
                      "ul_err": 0,
                      "dl_retx": 12,
                      "ul_retx": 44,
                      "dl_use_min": 0.9,
                      "dl_use_max": 1,
                      "dl_use_avg": 0.998,
                      "dl_data_use_min": 0.82,
                      "dl_data_use_max": 1,
                      "dl_data_use_avg": 0.991,
                      "ul_use_min": 0.24,
                      "ul_use_max": 0.96,
                      "ul_use_avg": 0.913,
                      "ul_data_use_min": 0,
                      "ul_data_use_max": 0.8,
                      "ul_data_use_avg": 0.705,
                      "ctrl_use_min": 0.211,
                      "ctrl_use_max": 0.421,
                      "ctrl_use_avg": 0.393,
                      "dl_sched_users_min": 1,
                      "dl_sched_users_max": 1,
                      "dl_sched_users_avg": 1,
                      "ul_sched_users_min": 0,
                      "ul_sched_users_max": 1,
                      "ul_sched_users_avg": 0.89,
                      "ue_count_min": 1,
                      "ue_count_max": 1,
                      "ue_count_avg": 1,
                      "ue_active_count_min": 1,
                      "ue_active_count_max": 1,
                      "ue_active_count_avg": 1,
                      "ue_inactive_count_min": 0,
                      "ue_inactive_count_max": 0,
                      "ue_inactive_count_avg": 0,
                      "erab_count_min": 2,
                      "erab_count_max": 2,
                      "erab_count_avg": 2,
                      "dl_gbr_use_min": 0,
                      "dl_gbr_use_max": 0,
                      "dl_gbr_use_avg": 0,
                      "ul_gbr_use_min": 0,
                      "ul_gbr_use_max": 0,
                      "ul_gbr_use_avg": 0,
                      "counters": {
                        "messages": {
                          "prach": 1,
                          "rrc_connection_request": 1,
                          "rrc_connection_setup": 1,
                          "rrc_connection_setup_complete": 1,
                          "rrc_ul_information_transfer": 9,
                          "rrc_dl_information_transfer": 3,
                          "rrc_security_mode_command": 1,
                          "rrc_security_mode_complete": 1,
                          "rrc_ue_capability_enquiry": 1,
                          "rrc_ue_capability_information": 1,
                          "rrc_connection_reconfiguration": 4,
                          "rrc_connection_reconfiguration_complete": 4
                        },
                        "errors": {}
                      }
                    }
                  },
                  "rf_ports": {
                    "0": {
                      "rxtx_delay": {
                        "min": 2.132,
                        "max": 3.461,
                        "avg": 2.893,
                        "sd": 0.272
                      }
                    }
                  },
                  "counters": {
                    "messages": {
                      "s1_erab_setup_request": 2,
                      "s1_erab_setup_response": 2,
                      "s1_erab_release_command": 1,
                      "s1_erab_release_response": 1,
                      "s1_initial_context_setup_request": 1,
                      "s1_initial_context_setup_response": 1,
                      "s1_downlink_nas_transport": 3,
                      "s1_initial_ue_message": 1,
                      "s1_uplink_nas_transport": 9,
                      "s1_setup_request": 1,
                      "s1_setup_response": 1,
                      "s1_ue_capability_info_indication": 1
                    },
                    "errors": {}
                  },
                  "duration": 0.4,
                  "time": 38.217,
                  "utc": 1784009925.219
                }
              },
              "ue_get_success": true,
              "matched_ues": [
                {
                  "ip": null,
                  "imsi": "001010123888888",
                  "imei": "8668870400991701",
                  "apn": null,
                  "enb_ue_id": 1,
                  "mme_ue_id": 100,
                  "rnti": null
                },
                {
                  "ip": "192.168.2.2",
                  "imsi": null,
                  "imei": null,
                  "apn": "TestPLMN",
                  "enb_ue_id": null,
                  "mme_ue_id": null,
                  "rnti": null
                },
                {
                  "ip": "192.168.3.2",
                  "imsi": null,
                  "imei": null,
                  "apn": "internet",
                  "enb_ue_id": null,
                  "mme_ue_id": null,
                  "rnti": null
                }
              ],
              "data_ue": {
                "ip": "192.168.3.2",
                "imsi": null,
                "imei": null,
                "apn": "internet",
                "enb_ue_id": null,
                "mme_ue_id": null,
                "rnti": null
              },
              "data_ip_source": "apn:internet",
              "data_ip_wait_sec": 3.8,
              "ping": {
                "success": true,
                "ip": "192.168.3.2",
                "command": "ping -c 1 -W 2 192.168.3.2",
                "stdout": "PING 192.168.3.2 (192.168.3.2) 56(84) bytes of data.\n64 bytes from 192.168.3.2: icmp_seq=1 ttl=64 time=11.0 ms\n\n--- 192.168.3.2 ping statistics ---\n1 packets transmitted, 1 received, 0% packet loss, time 0ms\nrtt min/avg/max/mdev = 10.951/10.951/10.951/0.000 ms\n",
                "stderr": "",
                "exit_code": 0
              }
            }
          ],
          "message": "UE �w�z�L PHY Rate �P�w�s�u�FDL=91.641 Mbps�AUL=19.055 Mbps�FData IP=192.168.3.2 (apn:internet)�C"
        },
        "state": {
          "mode": "LTE",
          "cell": 1,
          "band": 3,
          "bandwidth_mhz": 10.0,
          "dl_earfcn": 1575,
          "rb_dl": 50,
          "service_stable": true,
          "remote_config_verified": true,
          "ue_connected": true,
          "connection_basis": "phy_rate",
          "phy_rate": {
            "success": true,
            "cells": [
              {
                "cell_id": "1",
                "dl_bitrate_bps": 91641000,
                "ul_bitrate_bps": 19054560,
                "dl_bitrate_mbps": 91.641,
                "ul_bitrate_mbps": 19.055,
                "active": true
              }
            ],
            "total_dl_bitrate_bps": 91641000,
            "total_ul_bitrate_bps": 19054560,
            "total_dl_bitrate_mbps": 91.641,
            "total_ul_bitrate_mbps": 19.055,
            "active_cell_count": 1,
            "command": "cd /root/enb && ./ws.js 192.168.1.80:9001 '{\"message\":\"stats\"}'",
            "payload": {
              "message": "stats",
              "message_id": "id#1",
              "instance_id": "6a55d48a",
              "cpu": {},
              "cells": {
                "1": {
                  "dl_bitrate": 91641000,
                  "ul_bitrate": 19054560,
                  "dl_tx": 788,
                  "ul_tx": 350,
                  "dl_err": 0,
                  "ul_err": 0,
                  "dl_retx": 12,
                  "ul_retx": 44,
                  "dl_use_min": 0.9,
                  "dl_use_max": 1,
                  "dl_use_avg": 0.998,
                  "dl_data_use_min": 0.82,
                  "dl_data_use_max": 1,
                  "dl_data_use_avg": 0.991,
                  "ul_use_min": 0.24,
                  "ul_use_max": 0.96,
                  "ul_use_avg": 0.913,
                  "ul_data_use_min": 0,
                  "ul_data_use_max": 0.8,
                  "ul_data_use_avg": 0.705,
                  "ctrl_use_min": 0.211,
                  "ctrl_use_max": 0.421,
                  "ctrl_use_avg": 0.393,
                  "dl_sched_users_min": 1,
                  "dl_sched_users_max": 1,
                  "dl_sched_users_avg": 1,
                  "ul_sched_users_min": 0,
                  "ul_sched_users_max": 1,
                  "ul_sched_users_avg": 0.89,
                  "ue_count_min": 1,
                  "ue_count_max": 1,
                  "ue_count_avg": 1,
                  "ue_active_count_min": 1,
                  "ue_active_count_max": 1,
                  "ue_active_count_avg": 1,
                  "ue_inactive_count_min": 0,
                  "ue_inactive_count_max": 0,
                  "ue_inactive_count_avg": 0,
                  "erab_count_min": 2,
                  "erab_count_max": 2,
                  "erab_count_avg": 2,
                  "dl_gbr_use_min": 0,
                  "dl_gbr_use_max": 0,
                  "dl_gbr_use_avg": 0,
                  "ul_gbr_use_min": 0,
                  "ul_gbr_use_max": 0,
                  "ul_gbr_use_avg": 0,
                  "counters": {
                    "messages": {
                      "prach": 1,
                      "rrc_connection_request": 1,
                      "rrc_connection_setup": 1,
                      "rrc_connection_setup_complete": 1,
                      "rrc_ul_information_transfer": 9,
                      "rrc_dl_information_transfer": 3,
                      "rrc_security_mode_command": 1,
                      "rrc_security_mode_complete": 1,
                      "rrc_ue_capability_enquiry": 1,
                      "rrc_ue_capability_information": 1,
                      "rrc_connection_reconfiguration": 4,
                      "rrc_connection_reconfiguration_complete": 4
                    },
                    "errors": {}
                  }
                }
              },
              "rf_ports": {
                "0": {
                  "rxtx_delay": {
                    "min": 2.132,
                    "max": 3.461,
                    "avg": 2.893,
                    "sd": 0.272
                  }
                }
              },
              "counters": {
                "messages": {
                  "s1_erab_setup_request": 2,
                  "s1_erab_setup_response": 2,
                  "s1_erab_release_command": 1,
                  "s1_erab_release_response": 1,
                  "s1_initial_context_setup_request": 1,
                  "s1_initial_context_setup_response": 1,
                  "s1_downlink_nas_transport": 3,
                  "s1_initial_ue_message": 1,
                  "s1_uplink_nas_transport": 9,
                  "s1_setup_request": 1,
                  "s1_setup_response": 1,
                  "s1_ue_capability_info_indication": 1
                },
                "errors": {}
              },
              "duration": 0.4,
              "time": 38.217,
              "utc": 1784009925.219
            }
          },
          "ue": {
            "ip": "192.168.3.2",
            "imsi": null,
            "imei": null,
            "apn": "internet",
            "enb_ue_id": null,
            "mme_ue_id": null,
            "rnti": null
          },
          "data_ue_ip": "192.168.3.2",
          "data_ip_source": "apn:internet"
        },
        "message": "Band ���������GCell1, B3, 10.0MHz�FLTE service í�w�B���� config ���T�BUE �w�s�u�FPHY DL=91.641 Mbps�APHY UL=19.055 Mbps�AIP 192.168.3.2�C",
        "returncode": 0
      },
      "schema_version": "1.0",
      "timestamp": "2026-07-14T14:26:47+08:00",
      "result_file": null,
      "returncode": 0
    },
    "iperf_results": [
      {
        "direction": "download",
        "result": {
          "success": true,
          "tool": "iperf.run",
          "human_summary": "PASS｜iPerf 測試完成\n\n方向：Download\nUE Data IP：192.168.3.2\n測試時間：30 秒\n平均速度：73.12 Mbps\n最低速度：62.908 Mbps\n最高速度：100.658 Mbps\n總傳輸量：274.201 MB\nRetransmissions：0\nTCP Congestion：BBR\n速度走勢：█▃▃▃▁▃▃▃▃▃▁▃▃▅▃▅▁▃▅▃▅▁▁▃▁▃▃▃▅▃\n\n結果：PASS",
          "machine_result": {
            "success": true,
            "schema_version": "2.0",
            "test_id": "iperf-20260714-142718-488981",
            "test_type": "iperf3",
            "timestamp_end": "2026-07-14T14:27:18+08:00",
            "parameters": {
              "ue_ip": "192.168.3.2",
              "direction": "download",
              "duration_sec": 30,
              "port": 5201,
              "parallel_streams": 1,
              "interval_sec": 1,
              "reverse": false
            },
            "precheck": {
              "ue_ping": true,
              "ping_command": "ping -c 1 -W 2 192.168.3.2",
              "iperf_server": {
                "success": true,
                "ready": true,
                "action": "already_listening",
                "initial_check": {
                  "success": true,
                  "reachable": true,
                  "host": "192.168.3.2",
                  "port": 5201,
                  "method": "executor_tcp",
                  "command": "python3 -c 'import socket,sys;s=socket.socket();s.settimeout(3);r=s.connect_ex(('\"'\"'192.168.3.2'\"'\"',5201));s.close();sys.exit(0 if r==0 else 1)'",
                  "stdout": "",
                  "stderr": "",
                  "exit_code": 0
                },
                "message": "iPerf Server 192.168.3.2:5201 �w�b Listen�C"
              }
            },
            "summary": {
              "average_mbps": 73.12,
              "minimum_mbps": 62.908,
              "maximum_mbps": 100.658,
              "total_transfer_mbytes": 274.201,
              "retransmissions": 0,
              "packet_loss_percent": null,
              "sample_count": 30
            },
            "samples": [
              {
                "second_start": 0,
                "second_end": 1.000056,
                "throughput_mbps": 100.658,
                "transfer_mbytes": 12.583,
                "retransmissions": 0,
                "packet_loss_percent": null,
                "omitted": false
              },
              {
                "second_start": 1.000056,
                "second_end": 2.000056,
                "throughput_mbps": 73.4,
                "transfer_mbytes": 9.175,
                "retransmissions": 0,
                "packet_loss_percent": null,
                "omitted": false
              },
              {
                "second_start": 2.000056,
                "second_end": 3.000064,
                "throughput_mbps": 73.4,
                "transfer_mbytes": 9.175,
                "retransmissions": 0,
                "packet_loss_percent": null,
                "omitted": false
              },
              {
                "second_start": 3.000064,
                "second_end": 4.000056,
                "throughput_mbps": 73.401,
                "transfer_mbytes": 9.175,
                "retransmissions": 0,
                "packet_loss_percent": null,
                "omitted": false
              },
              {
                "second_start": 4.000056,
                "second_end": 5.000106,
                "throughput_mbps": 62.911,
                "transfer_mbytes": 7.864,
                "retransmissions": 0,
                "packet_loss_percent": null,
                "omitted": false
              },
              {
                "second_start": 5.000106,
                "second_end": 6.00008,
                "throughput_mbps": 73.402,
                "transfer_mbytes": 9.175,
                "retransmissions": 0,
                "packet_loss_percent": null,
                "omitted": false
              },
              {
                "second_start": 6.00008,
                "second_end": 7.000138,
                "throughput_mbps": 73.396,
                "transfer_mbytes": 9.175,
                "retransmissions": 0,
                "packet_loss_percent": null,
                "omitted": false
              },
              {
                "second_start": 7.000138,
                "second_end": 8.000142,
                "throughput_mbps": 73.4,
                "transfer_mbytes": 9.175,
                "retransmissions": 0,
                "packet_loss_percent": null,
                "omitted": false
              },
              {
                "second_start": 8.000142,
                "second_end": 9.000056,
                "throughput_mbps": 73.407,
                "transfer_mbytes": 9.175,
                "retransmissions": 0,
                "packet_loss_percent": null,
                "omitted": false
              },
              {
                "second_start": 9.000056,
                "second_end": 10.000056,
                "throughput_mbps": 73.4,
                "transfer_mbytes": 9.175,
                "retransmissions": 0,
                "packet_loss_percent": null,
                "omitted": false
              },
              {
                "second_start": 10.000056,
                "second_end": 11.000057,
                "throughput_mbps": 62.915,
                "transfer_mbytes": 7.864,
                "retransmissions": 0,
                "packet_loss_percent": null,
                "omitted": false
              },
              {
                "second_start": 11.000057,
                "second_end": 12.000082,
                "throughput_mbps": 73.398,
                "transfer_mbytes": 9.175,
                "retransmissions": 0,
                "packet_loss_percent": null,
                "omitted": false
              },
              {
                "second_start": 12.000082,
                "second_end": 13.000126,
                "throughput_mbps": 73.397,
                "transfer_mbytes": 9.175,
                "retransmissions": 0,
                "packet_loss_percent": null,
                "omitted": false
              },
              {
                "second_start": 13.000126,
                "second_end": 14.000075,
                "throughput_mbps": 83.89,
                "transfer_mbytes": 10.486,
                "retransmissions": 0,
                "packet_loss_percent": null,
                "omitted": false
              },
              {
                "second_start": 14.000075,
                "second_end": 15.000113,
                "throughput_mbps": 73.398,
                "transfer_mbytes": 9.175,
                "retransmissions": 0,
                "packet_loss_percent": null,
                "omitted": false
              },
              {
                "second_start": 15.000113,
                "second_end": 16.000055,
                "throughput_mbps": 83.891,
                "transfer_mbytes": 10.486,
                "retransmissions": 0,
                "packet_loss_percent": null,
                "omitted": false
              },
              {
                "second_start": 16.000055,
                "second_end": 17.000069,
                "throughput_mbps": 62.914,
                "transfer_mbytes": 7.864,
                "retransmissions": 0,
                "packet_loss_percent": null,
                "omitted": false
              },
              {
                "second_start": 17.000069,
                "second_end": 18.000173,
                "throughput_mbps": 73.393,
                "transfer_mbytes": 9.175,
                "retransmissions": 0,
                "packet_loss_percent": null,
                "omitted": false
              },
              {
                "second_start": 18.000173,
                "second_end": 19.000058,
                "throughput_mbps": 83.896,
                "transfer_mbytes": 10.486,
                "retransmissions": 0,
                "packet_loss_percent": null,
                "omitted": false
              },
              {
                "second_start": 19.000058,
                "second_end": 20.000113,
                "throughput_mbps": 73.396,
                "transfer_mbytes": 9.175,
                "retransmissions": 0,
                "packet_loss_percent": null,
                "omitted": false
              },
              {
                "second_start": 20.000113,
                "second_end": 21.000055,
                "throughput_mbps": 83.891,
                "transfer_mbytes": 10.486,
                "retransmissions": 0,
                "packet_loss_percent": null,
                "omitted": false
              },
              {
                "second_start": 21.000055,
                "second_end": 22.000157,
                "throughput_mbps": 62.908,
                "transfer_mbytes": 7.864,
                "retransmissions": 0,
                "packet_loss_percent": null,
                "omitted": false
              },
              {
                "second_start": 22.000157,
                "second_end": 23.000092,
                "throughput_mbps": 62.919,
                "transfer_mbytes": 7.864,
                "retransmissions": 0,
                "packet_loss_percent": null,
                "omitted": false
              },
              {
                "second_start": 23.000092,
                "second_end": 24.000122,
                "throughput_mbps": 73.398,
                "transfer_mbytes": 9.175,
                "retransmissions": 0,
                "packet_loss_percent": null,
                "omitted": false
              },
              {
                "second_start": 24.000122,
                "second_end": 25.000056,
                "throughput_mbps": 62.919,
                "transfer_mbytes": 7.864,
                "retransmissions": 0,
                "packet_loss_percent": null,
                "omitted": false
              },
              {
                "second_start": 25.000056,
                "second_end": 26.000074,
                "throughput_mbps": 73.399,
                "transfer_mbytes": 9.175,
                "retransmissions": 0,
                "packet_loss_percent": null,
                "omitted": false
              },
              {
                "second_start": 26.000074,
                "second_end": 27.000121,
                "throughput_mbps": 73.397,
                "transfer_mbytes": 9.175,
                "retransmissions": 0,
                "packet_loss_percent": null,
                "omitted": false
              },
              {
                "second_start": 27.000121,
                "second_end": 28.000132,
                "throughput_mbps": 73.4,
                "transfer_mbytes": 9.175,
                "retransmissions": 0,
                "packet_loss_percent": null,
                "omitted": false
              },
              {
                "second_start": 28.000132,
                "second_end": 29.000056,
                "throughput_mbps": 83.892,
                "transfer_mbytes": 10.486,
                "retransmissions": 0,
                "packet_loss_percent": null,
                "omitted": false
              },
              {
                "second_start": 29.000056,
                "second_end": 30.000072,
                "throughput_mbps": 73.399,
                "transfer_mbytes": 9.175,
                "retransmissions": 0,
                "packet_loss_percent": null,
                "omitted": false
              }
            ],
            "raw": {
              "command": "iperf3 -c 192.168.3.2 -p 5201 -P 1 -t 30 -i 1 -J",
              "stdout": "{\n\t\"start\":\t{\n\t\t\"connected\":\t[{\n\t\t\t\t\"socket\":\t5,\n\t\t\t\t\"local_host\":\t\"192.168.3.1\",\n\t\t\t\t\"local_port\":\t33988,\n\t\t\t\t\"remote_host\":\t\"192.168.3.2\",\n\t\t\t\t\"remote_port\":\t5201\n\t\t\t}],\n\t\t\"version\":\t\"iperf 3.10.1\",\n\t\t\"system_info\":\t\"Linux CBA-20240614 6.2.15-100.fc36.x86_64 #1 SMP PREEMPT_DYNAMIC Thu May 11 16:51:53 UTC 2023 x86_64\",\n\t\t\"timestamp\":\t{\n\t\t\t\"time\":\t\"Tue, 14 Jul 2026 06:18:46 GMT\",\n\t\t\t\"timesecs\":\t1784009926\n\t\t},\n\t\t\"connecting_to\":\t{\n\t\t\t\"host\":\t\"192.168.3.2\",\n\t\t\t\"port\":\t5201\n\t\t},\n\t\t\"cookie\":\t\"4fsdkc3adh55hp6oj35zahlimreigu7d5r7a\",\n\t\t\"tcp_mss_default\":\t1448,\n\t\t\"sock_bufsize\":\t0,\n\t\t\"sndbuf_actual\":\t16384,\n\t\t\"rcvbuf_actual\":\t131072,\n\t\t\"test_start\":\t{\n\t\t\t\"protocol\":\t\"TCP\",\n\t\t\t\"num_streams\":\t1,\n\t\t\t\"blksize\":\t131072,\n\t\t\t\"omit\":\t0,\n\t\t\t\"duration\":\t30,\n\t\t\t\"bytes\":\t0,\n\t\t\t\"blocks\":\t0,\n\t\t\t\"reverse\":\t0,\n\t\t\t\"tos\":\t0\n\t\t}\n\t},\n\t\"intervals\":\t[{\n\t\t\t\"streams\":\t[{\n\t\t\t\t\t\"socket\":\t5,\n\t\t\t\t\t\"start\":\t0,\n\t\t\t\t\t\"end\":\t1.000056,\n\t\t\t\t\t\"seconds\":\t1.0000560283660889,\n\t\t\t\t\t\"bytes\":\t12582912,\n\t\t\t\t\t\"bits_per_second\":\t100657656.31598228,\n\t\t\t\t\t\"retransmits\":\t0,\n\t\t\t\t\t\"snd_cwnd\":\t469152,\n\t\t\t\t\t\"snd_wnd\":\t212992,\n\t\t\t\t\t\"rtt\":\t15844,\n\t\t\t\t\t\"rttvar\":\t1320,\n\t\t\t\t\t\"pmtu\":\t1500,\n\t\t\t\t\t\"omitted\":\tfalse,\n\t\t\t\t\t\"sender\":\ttrue\n\t\t\t\t}],\n\t\t\t\"sum\":\t{\n\t\t\t\t\"start\":\t0,\n\t\t\t\t\"end\":\t1.000056,\n\t\t\t\t\"seconds\":\t1.0000560283660889,\n\t\t\t\t\"bytes\":\t12582912,\n\t\t\t\t\"bits_per_second\":\t100657656.31598228,\n\t\t\t\t\"retransmits\":\t0,\n\t\t\t\t\"omitted\":\tfalse,\n\t\t\t\t\"sender\":\ttrue\n\t\t\t}\n\t\t}, {\n\t\t\t\"streams\":\t[{\n\t\t\t\t\t\"socket\":\t5,\n\t\t\t\t\t\"start\":\t1.000056,\n\t\t\t\t\t\"end\":\t2.000056,\n\t\t\t\t\t\"seconds\":\t1,\n\t\t\t\t\t\"bytes\":\t9175040,\n\t\t\t\t\t\"bits_per_second\":\t73400320,\n\t\t\t\t\t\"retransmits\":\t0,\n\t\t\t\t\t\"snd_cwnd\":\t457568,\n\t\t\t\t\t\"snd_wnd\":\t212992,\n\t\t\t\t\t\"rtt\":\t14775,\n\t\t\t\t\t\"rttvar\":\t1827,\n\t\t\t\t\t\"pmtu\":\t1500,\n\t\t\t\t\t\"omitted\":\tfalse,\n\t\t\t\t\t\"sender\":\ttrue\n\t\t\t\t}],\n\t\t\t\"sum\":\t{\n\t\t\t\t\"start\":\t1.000056,\n\t\t\t\t\"end\":\t2.000056,\n\t\t\t\t\"seconds\":\t1,\n\t\t\t\t\"bytes\":\t9175040,\n\t\t\t\t\"bits_per_second\":\t73400320,\n\t\t\t\t\"retransmits\":\t0,\n\t\t\t\t\"omitted\":\tfalse,\n\t\t\t\t\"sender\":\ttrue\n\t\t\t}\n\t\t}, {\n\t\t\t\"streams\":\t[{\n\t\t\t\t\t\"socket\":\t5,\n\t\t\t\t\t\"start\":\t2.000056,\n\t\t\t\t\t\"end\":\t3.000064,\n\t\t\t\t\t\"seconds\":\t1.0000079870224,\n\t\t\t\t\t\"bytes\":\t9175040,\n\t\t\t\t\t\"bits_per_second\":\t73399733.754682347,\n\t\t\t\t\t\"retransmits\":\t0,\n\t\t\t\t\t\"snd_cwnd\":\t460464,\n\t\t\t\t\t\"snd_wnd\":\t212992,\n\t\t\t\t\t\"rtt\":\t14102,\n\t\t\t\t\t\"rttvar\":\t517,\n\t\t\t\t\t\"pmtu\":\t1500,\n\t\t\t\t\t\"omitted\":\tfalse,\n\t\t\t\t\t\"sender\":\ttrue\n\t\t\t\t}],\n\t\t\t\"sum\":\t{\n\t\t\t\t\"start\":\t2.000056,\n\t\t\t\t\"end\":\t3.000064,\n\t\t\t\t\"seconds\":\t1.0000079870224,\n\t\t\t\t\"bytes\":\t9175040,\n\t\t\t\t\"bits_per_second\":\t73399733.754682347,\n\t\t\t\t\"retransmits\":\t0,\n\t\t\t\t\"omitted\":\tfalse,\n\t\t\t\t\"sender\":\ttrue\n\t\t\t}\n\t\t}, {\n\t\t\t\"streams\":\t[{\n\t\t\t\t\t\"socket\":\t5,\n\t\t\t\t\t\"start\":\t3.000064,\n\t\t\t\t\t\"end\":\t4.000056,\n\t\t\t\t\t\"seconds\":\t0.9999920129776,\n\t\t\t\t\t\"bytes\":\t9175040,\n\t\t\t\t\t\"bits_per_second\":\t73400906.254682437,\n\t\t\t\t\t\"retransmits\":\t0,\n\t\t\t\t\t\"snd_cwnd\":\t498112,\n\t\t\t\t\t\"snd_wnd\":\t212992,\n\t\t\t\t\t\"rtt\":\t16739,\n\t\t\t\t\t\"rttvar\":\t3585,\n\t\t\t\t\t\"pmtu\":\t1500,\n\t\t\t\t\t\"omitted\":\tfalse,\n\t\t\t\t\t\"sender\":\ttrue\n\t\t\t\t}],\n\t\t\t\"sum\":\t{\n\t\t\t\t\"start\":\t3.000064,\n\t\t\t\t\"end\":\t4.000056,\n\t\t\t\t\"seconds\":\t0.9999920129776,\n\t\t\t\t\"bytes\":\t9175040,\n\t\t\t\t\"bits_per_second\":\t73400906.254682437,\n\t\t\t\t\"retransmits\":\t0,\n\t\t\t\t\"omitted\":\tfalse,\n\t\t\t\t\"sender\":\ttrue\n\t\t\t}\n\t\t}, {\n\t\t\t\"streams\":\t[{\n\t\t\t\t\t\"socket\":\t5,\n\t\t\t\t\t\"start\":\t4.000056,\n\t\t\t\t\t\"end\":\t5.000106,\n\t\t\t\t\t\"seconds\":\t1.0000499486923218,\n\t\t\t\t\t\"bytes\":\t7864320,\n\t\t\t\t\t\"bits_per_second\":\t62911417.656955928,\n\t\t\t\t\t\"retransmits\":\t0,\n\t\t\t\t\t\"snd_cwnd\":\t480736,\n\t\t\t\t\t\"snd_wnd\":\t212992,\n\t\t\t\t\t\"rtt\":\t23459,\n\t\t\t\t\t\"rttvar\":\t3356,\n\t\t\t\t\t\"pmtu\":\t1500,\n\t\t\t\t\t\"omitted\":\tfalse,\n\t\t\t\t\t\"sender\":\ttrue\n\t\t\t\t}],\n\t\t\t\"sum\":\t{\n\t\t\t\t\"start\":\t4.000056,\n\t\t\t\t\"end\":\t5.000106,\n\t\t\t\t\"seconds\":\t1.0000499486923218,\n\t\t\t\t\"bytes\":\t7864320,\n\t\t\t\t\"bits_per_second\":\t62911417.656955928,\n\t\t\t\t\"retransmits\":\t0,\n\t\t\t\t\"omitted\":\tfalse,\n\t\t\t\t\"sender\":\ttrue\n\t\t\t}\n\t\t}, {\n\t\t\t\"streams\":\t[{\n\t\t\t\t\t\"socket\":\t5,\n\t\t\t\t\t\"start\":\t5.000106,\n\t\t\t\t\t\"end\":\t6.00008,\n\t\t\t\t\t\"seconds\":\t0.999974012374878,\n\t\t\t\t\t\"bytes\":\t9175040,\n\t\t\t\t\t\"bits_per_second\":\t73402227.549572676,\n\t\t\t\t\t\"retransmits\":\t0,\n\t\t\t\t\t\"snd_cwnd\":\t396752,\n\t\t\t\t\t\"snd_wnd\":\t212992,\n\t\t\t\t\t\"rtt\":\t13025,\n\t\t\t\t\t\"rttvar\":\t420,\n\t\t\t\t\t\"pmtu\":\t1500,\n\t\t\t\t\t\"omitted\":\tfalse,\n\t\t\t\t\t\"sender\":\ttrue\n\t\t\t\t}],\n\t\t\t\"sum\":\t{\n\t\t\t\t\"start\":\t5.000106,\n\t\t\t\t\"end\":\t6.00008,\n\t\t\t\t\"seconds\":\t0.999974012374878,\n\t\t\t\t\"bytes\":\t9175040,\n\t\t\t\t\"bits_per_second\":\t73402227.549572676,\n\t\t\t\t\"retransmits\":\t0,\n\t\t\t\t\"omitted\":\tfalse,\n\t\t\t\t\"sender\":\ttrue\n\t\t\t}\n\t\t}, {\n\t\t\t\"streams\":\t[{\n\t\t\t\t\t\"socket\":\t5,\n\t\t\t\t\t\"start\":\t6.00008,\n\t\t\t\t\t\"end\":\t7.000138,\n\t\t\t\t\t\"seconds\":\t1.0000580549240112,\n\t\t\t\t\t\"bytes\":\t9175040,\n\t\t\t\t\t\"bits_per_second\":\t73396058.9973722,\n\t\t\t\t\t\"retransmits\":\t0,\n\t\t\t\t\t\"snd_cwnd\":\t480736,\n\t\t\t\t\t\"snd_wnd\":\t212992,\n\t\t\t\t\t\"rtt\":\t17399,\n\t\t\t\t\t\"rttvar\":\t2691,\n\t\t\t\t\t\"pmtu\":\t1500,\n\t\t\t\t\t\"omitted\":\tfalse,\n\t\t\t\t\t\"sender\":\ttrue\n\t\t\t\t}],\n\t\t\t\"sum\":\t{\n\t\t\t\t\"start\":\t6.00008,\n\t\t\t\t\"end\":\t7.000138,\n\t\t\t\t\"seconds\":\t1.0000580549240112,\n\t\t\t\t\"bytes\":\t9175040,\n\t\t\t\t\"bits_per_second\":\t73396058.9973722,\n\t\t\t\t\"retransmits\":\t0,\n\t\t\t\t\"omitted\":\tfalse,\n\t\t\t\t\"sender\":\ttrue\n\t\t\t}\n\t\t}, {\n\t\t\t\"streams\":\t[{\n\t\t\t\t\t\"socket\":\t5,\n\t\t\t\t\t\"start\":\t7.000138,\n\t\t\t\t\t\"end\":\t8.000142,\n\t\t\t\t\t\"seconds\":\t1.0000040531158447,\n\t\t\t\t\t\"bytes\":\t9175040,\n\t\t\t\t\t\"bits_per_second\":\t73400022.5012058,\n\t\t\t\t\t\"retransmits\":\t0,\n\t\t\t\t\t\"snd_cwnd\":\t477840,\n\t\t\t\t\t\"snd_wnd\":\t212992,\n\t\t\t\t\t\"rtt\":\t19773,\n\t\t\t\t\t\"rttvar\":\t4359,\n\t\t\t\t\t\"pmtu\":\t1500,\n\t\t\t\t\t\"omitted\":\tfalse,\n\t\t\t\t\t\"sender\":\ttrue\n\t\t\t\t}],\n\t\t\t\"sum\":\t{\n\t\t\t\t\"start\":\t7.000138,\n\t\t\t\t\"end\":\t8.000142,\n\t\t\t\t\"seconds\":\t1.0000040531158447,\n\t\t\t\t\"bytes\":\t9175040,\n\t\t\t\t\"bits_per_second\":\t73400022.5012058,\n\t\t\t\t\"retransmits\":\t0,\n\t\t\t\t\"omitted\":\tfalse,\n\t\t\t\t\"sender\":\ttrue\n\t\t\t}\n\t\t}, {\n\t\t\t\"streams\":\t[{\n\t\t\t\t\t\"socket\":\t5,\n\t\t\t\t\t\"start\":\t8.000142,\n\t\t\t\t\t\"end\":\t9.000056,\n\t\t\t\t\t\"seconds\":\t0.999913990497589,\n\t\t\t\t\t\"bytes\":\t9175040,\n\t\t\t\t\t\"bits_per_second\":\t73406633.668035448,\n\t\t\t\t\t\"retransmits\":\t0,\n\t\t\t\t\t\"snd_cwnd\":\t477840,\n\t\t\t\t\t\"snd_wnd\":\t212992,\n\t\t\t\t\t\"rtt\":\t19931,\n\t\t\t\t\t\"rttvar\":\t3534,\n\t\t\t\t\t\"pmtu\":\t1500,\n\t\t\t\t\t\"omitted\":\tfalse,\n\t\t\t\t\t\"sender\":\ttrue\n\t\t\t\t}],\n\t\t\t\"sum\":\t{\n\t\t\t\t\"start\":\t8.000142,\n\t\t\t\t\"end\":\t9.000056,\n\t\t\t\t\"seconds\":\t0.999913990497589,\n\t\t\t\t\"bytes\":\t9175040,\n\t\t\t\t\"bits_per_second\":\t73406633.668035448,\n\t\t\t\t\"retransmits\":\t0,\n\t\t\t\t\"omitted\":\tfalse,\n\t\t\t\t\"sender\":\ttrue\n\t\t\t}\n\t\t}, {\n\t\t\t\"streams\":\t[{\n\t\t\t\t\t\"socket\":\t5,\n\t\t\t\t\t\"start\":\t9.000056,\n\t\t\t\t\t\"end\":\t10.000056,\n\t\t\t\t\t\"seconds\":\t1,\n\t\t\t\t\t\"bytes\":\t9175040,\n\t\t\t\t\t\"bits_per_second\":\t73400320,\n\t\t\t\t\t\"retransmits\":\t0,\n\t\t\t\t\t\"snd_cwnd\":\t379376,\n\t\t\t\t\t\"snd_wnd\":\t212992,\n\t\t\t\t\t\"rtt\":\t14833,\n\t\t\t\t\t\"rttvar\":\t198,\n\t\t\t\t\t\"pmtu\":\t1500,\n\t\t\t\t\t\"omitted\":\tfalse,\n\t\t\t\t\t\"sender\":\ttrue\n\t\t\t\t}],\n\t\t\t\"sum\":\t{\n\t\t\t\t\"start\":\t9.000056,\n\t\t\t\t\"end\":\t10.000056,\n\t\t\t\t\"seconds\":\t1,\n\t\t\t\t\"bytes\":\t9175040,\n\t\t\t\t\"bits_per_second\":\t73400320,\n\t\t\t\t\"retransmits\":\t0,\n\t\t\t\t\"omitted\":\tfalse,\n\t\t\t\t\"sender\":\ttrue\n\t\t\t}\n\t\t}, {\n\t\t\t\"streams\":\t[{\n\t\t\t\t\t\"socket\":\t5,\n\t\t\t\t\t\"start\":\t10.000056,\n\t\t\t\t\t\"end\":\t11.000057,\n\t\t\t\t\t\"seconds\":\t1.0000009536743164,\n\t\t\t\t\t\"bytes\":\t7864320,\n\t\t\t\t\t\"bits_per_second\":\t62914500.00005722,\n\t\t\t\t\t\"retransmits\":\t0,\n\t\t\t\t\t\"snd_cwnd\":\t434400,\n\t\t\t\t\t\"snd_wnd\":\t212992,\n\t\t\t\t\t\"rtt\":\t15882,\n\t\t\t\t\t\"rttvar\":\t876,\n\t\t\t\t\t\"pmtu\":\t1500,\n\t\t\t\t\t\"omitted\":\tfalse,\n\t\t\t\t\t\"sender\":\ttrue\n\t\t\t\t}],\n\t\t\t\"sum\":\t{\n\t\t\t\t\"start\":\t10.000056,\n\t\t\t\t\"end\":\t11.000057,\n\t\t\t\t\"seconds\":\t1.0000009536743164,\n\t\t\t\t\"bytes\":\t7864320,\n\t\t\t\t\"bits_per_second\":\t62914500.00005722,\n\t\t\t\t\"retransmits\":\t0,\n\t\t\t\t\"omitted\":\tfalse,\n\t\t\t\t\"sender\":\ttrue\n\t\t\t}\n\t\t}, {\n\t\t\t\"streams\":\t[{\n\t\t\t\t\t\"socket\":\t5,\n\t\t\t\t\t\"start\":\t11.000057,\n\t\t\t\t\t\"end\":\t12.000082,\n\t\t\t\t\t\"seconds\":\t1.0000250339508057,\n\t\t\t\t\t\"bytes\":\t9175040,\n\t\t\t\t\t\"bits_per_second\":\t73398482.545998737,\n\t\t\t\t\t\"retransmits\":\t0,\n\t\t\t\t\t\"snd_cwnd\":\t390960,\n\t\t\t\t\t\"snd_wnd\":\t212992,\n\t\t\t\t\t\"rtt\":\t12823,\n\t\t\t\t\t\"rttvar\":\t204,\n\t\t\t\t\t\"pmtu\":\t1500,\n\t\t\t\t\t\"omitted\":\tfalse,\n\t\t\t\t\t\"sender\":\ttrue\n\t\t\t\t}],\n\t\t\t\"sum\":\t{\n\t\t\t\t\"start\":\t11.000057,\n\t\t\t\t\"end\":\t12.000082,\n\t\t\t\t\"seconds\":\t1.0000250339508057,\n\t\t\t\t\"bytes\":\t9175040,\n\t\t\t\t\"bits_per_second\":\t73398482.545998737,\n\t\t\t\t\"retransmits\":\t0,\n\t\t\t\t\"omitted\":\tfalse,\n\t\t\t\t\"sender\":\ttrue\n\t\t\t}\n\t\t}, {\n\t\t\t\"streams\":\t[{\n\t\t\t\t\t\"socket\":\t5,\n\t\t\t\t\t\"start\":\t12.000082,\n\t\t\t\t\t\"end\":\t13.000126,\n\t\t\t\t\t\"seconds\":\t1.0000439882278442,\n\t\t\t\t\t\"bytes\":\t9175040,\n\t\t\t\t\t\"bits_per_second\":\t73397091.392020747,\n\t\t\t\t\t\"retransmits\":\t0,\n\t\t\t\t\t\"snd_cwnd\":\t469152,\n\t\t\t\t\t\"snd_wnd\":\t212992,\n\t\t\t\t\t\"rtt\":\t13882,\n\t\t\t\t\t\"rttvar\":\t1625,\n\t\t\t\t\t\"pmtu\":\t1500,\n\t\t\t\t\t\"omitted\":\tfalse,\n\t\t\t\t\t\"sender\":\ttrue\n\t\t\t\t}],\n\t\t\t\"sum\":\t{\n\t\t\t\t\"start\":\t12.000082,\n\t\t\t\t\"end\":\t13.000126,\n\t\t\t\t\"seconds\":\t1.0000439882278442,\n\t\t\t\t\"bytes\":\t9175040,\n\t\t\t\t\"bits_per_second\":\t73397091.392020747,\n\t\t\t\t\"retransmits\":\t0,\n\t\t\t\t\"omitted\":\tfalse,\n\t\t\t\t\"sender\":\ttrue\n\t\t\t}\n\t\t}, {\n\t\t\t\"streams\":\t[{\n\t\t\t\t\t\"socket\":\t5,\n\t\t\t\t\t\"start\":\t13.000126,\n\t\t\t\t\t\"end\":\t14.000075,\n\t\t\t\t\t\"seconds\":\t0.99994897842407227,\n\t\t\t\t\t\"bytes\":\t10485760,\n\t\t\t\t\t\"bits_per_second\":\t83890360.2183835,\n\t\t\t\t\t\"retransmits\":\t0,\n\t\t\t\t\t\"snd_cwnd\":\t486528,\n\t\t\t\t\t\"snd_wnd\":\t212992,\n\t\t\t\t\t\"rtt\":\t14984,\n\t\t\t\t\t\"rttvar\":\t1794,\n\t\t\t\t\t\"pmtu\":\t1500,\n\t\t\t\t\t\"omitted\":\tfalse,\n\t\t\t\t\t\"sender\":\ttrue\n\t\t\t\t}],\n\t\t\t\"sum\":\t{\n\t\t\t\t\"start\":\t13.000126,\n\t\t\t\t\"end\":\t14.000075,\n\t\t\t\t\"seconds\":\t0.99994897842407227,\n\t\t\t\t\"bytes\":\t10485760,\n\t\t\t\t\"bits_per_second\":\t83890360.2183835,\n\t\t\t\t\"retransmits\":\t0,\n\t\t\t\t\"omitted\":\tfalse,\n\t\t\t\t\"sender\":\ttrue\n\t\t\t}\n\t\t}, {\n\t\t\t\"streams\":\t[{\n\t\t\t\t\t\"socket\":\t5,\n\t\t\t\t\t\"start\":\t14.000075,\n\t\t\t\t\t\"end\":\t15.000113,\n\t\t\t\t\t\"seconds\":\t1.0000380277633667,\n\t\t\t\t\t\"bytes\":\t9175040,\n\t\t\t\t\t\"bits_per_second\":\t73397528.856140956,\n\t\t\t\t\t\"retransmits\":\t0,\n\t\t\t\t\t\"snd_cwnd\":\t477840,\n\t\t\t\t\t\"snd_wnd\":\t212992,\n\t\t\t\t\t\"rtt\":\t13404,\n\t\t\t\t\t\"rttvar\":\t1025,\n\t\t\t\t\t\"pmtu\":\t1500,\n\t\t\t\t\t\"omitted\":\tfalse,\n\t\t\t\t\t\"sender\":\ttrue\n\t\t\t\t}],\n\t\t\t\"sum\":\t{\n\t\t\t\t\"start\":\t14.000075,\n\t\t\t\t\"end\":\t15.000113,\n\t\t\t\t\"seconds\":\t1.0000380277633667,\n\t\t\t\t\"bytes\":\t9175040,\n\t\t\t\t\"bits_per_second\":\t73397528.856140956,\n\t\t\t\t\"retransmits\":\t0,\n\t\t\t\t\"omitted\":\tfalse,\n\t\t\t\t\"sender\":\ttrue\n\t\t\t}\n\t\t}, {\n\t\t\t\"streams\":\t[{\n\t\t\t\t\t\"socket\":\t5,\n\t\t\t\t\t\"start\":\t15.000113,\n\t\t\t\t\t\"end\":\t16.000055,\n\t\t\t\t\t\"seconds\":\t0.99994200468063354,\n\t\t\t\t\t\"bytes\":\t10485760,\n\t\t\t\t\t\"bits_per_second\":\t83890945.2821636,\n\t\t\t\t\t\"retransmits\":\t0,\n\t\t\t\t\t\"snd_cwnd\":\t483632,\n\t\t\t\t\t\"snd_wnd\":\t212992,\n\t\t\t\t\t\"rtt\":\t16427,\n\t\t\t\t\t\"rttvar\":\t1947,\n\t\t\t\t\t\"pmtu\":\t1500,\n\t\t\t\t\t\"omitted\":\tfalse,\n\t\t\t\t\t\"sender\":\ttrue\n\t\t\t\t}],\n\t\t\t\"sum\":\t{\n\t\t\t\t\"start\":\t15.000113,\n\t\t\t\t\"end\":\t16.000055,\n\t\t\t\t\"seconds\":\t0.99994200468063354,\n\t\t\t\t\"bytes\":\t10485760,\n\t\t\t\t\"bits_per_second\":\t83890945.2821636,\n\t\t\t\t\"retransmits\":\t0,\n\t\t\t\t\"omitted\":\tfalse,\n\t\t\t\t\"sender\":\ttrue\n\t\t\t}\n\t\t}, {\n\t\t\t\"streams\":\t[{\n\t\t\t\t\t\"socket\":\t5,\n\t\t\t\t\t\"start\":\t16.000055,\n\t\t\t\t\t\"end\":\t17.000069,\n\t\t\t\t\t\"seconds\":\t1.0000139474868774,\n\t\t\t\t\t\"bytes\":\t7864320,\n\t\t\t\t\t\"bits_per_second\":\t62913682.512238748,\n\t\t\t\t\t\"retransmits\":\t0,\n\t\t\t\t\t\"snd_cwnd\":\t477840,\n\t\t\t\t\t\"snd_wnd\":\t212992,\n\t\t\t\t\t\"rtt\":\t16212,\n\t\t\t\t\t\"rttvar\":\t911,\n\t\t\t\t\t\"pmtu\":\t1500,\n\t\t\t\t\t\"omitted\":\tfalse,\n\t\t\t\t\t\"sender\":\ttrue\n\t\t\t\t}],\n\t\t\t\"sum\":\t{\n\t\t\t\t\"start\":\t16.000055,\n\t\t\t\t\"end\":\t17.000069,\n\t\t\t\t\"seconds\":\t1.0000139474868774,\n\t\t\t\t\"bytes\":\t7864320,\n\t\t\t\t\"bits_per_second\":\t62913682.512238748,\n\t\t\t\t\"retransmits\":\t0,\n\t\t\t\t\"omitted\":\tfalse,\n\t\t\t\t\"sender\":\ttrue\n\t\t\t}\n\t\t}, {\n\t\t\t\"streams\":\t[{\n\t\t\t\t\t\"socket\":\t5,\n\t\t\t\t\t\"start\":\t17.000069,\n\t\t\t\t\t\"end\":\t18.000173,\n\t\t\t\t\t\"seconds\":\t1.0001039505004883,\n\t\t\t\t\t\"bytes\":\t9175040,\n\t\t\t\t\t\"bits_per_second\":\t73392690.7930599,\n\t\t\t\t\t\"retransmits\":\t0,\n\t\t\t\t\t\"snd_cwnd\":\t448880,\n\t\t\t\t\t\"snd_wnd\":\t212992,\n\t\t\t\t\t\"rtt\":\t16799,\n\t\t\t\t\t\"rttvar\":\t1520,\n\t\t\t\t\t\"pmtu\":\t1500,\n\t\t\t\t\t\"omitted\":\tfalse,\n\t\t\t\t\t\"sender\":\ttrue\n\t\t\t\t}],\n\t\t\t\"sum\":\t{\n\t\t\t\t\"start\":\t17.000069,\n\t\t\t\t\"end\":\t18.000173,\n\t\t\t\t\"seconds\":\t1.0001039505004883,\n\t\t\t\t\"bytes\":\t9175040,\n\t\t\t\t\"bits_per_second\":\t73392690.7930599,\n\t\t\t\t\"retransmits\":\t0,\n\t\t\t\t\"omitted\":\tfalse,\n\t\t\t\t\"sender\":\ttrue\n\t\t\t}\n\t\t}, {\n\t\t\t\"streams\":\t[{\n\t\t\t\t\t\"socket\":\t5,\n\t\t\t\t\t\"start\":\t18.000173,\n\t\t\t\t\t\"end\":\t19.000058,\n\t\t\t\t\t\"seconds\":\t0.99988502264022827,\n\t\t\t\t\t\"bytes\":\t10485760,\n\t\t\t\t\t\"bits_per_second\":\t83895726.109084159,\n\t\t\t\t\t\"retransmits\":\t0,\n\t\t\t\t\t\"snd_cwnd\":\t489424,\n\t\t\t\t\t\"snd_wnd\":\t212992,\n\t\t\t\t\t\"rtt\":\t15935,\n\t\t\t\t\t\"rttvar\":\t3799,\n\t\t\t\t\t\"pmtu\":\t1500,\n\t\t\t\t\t\"omitted\":\tfalse,\n\t\t\t\t\t\"sender\":\ttrue\n\t\t\t\t}],\n\t\t\t\"sum\":\t{\n\t\t\t\t\"start\":\t18.000173,\n\t\t\t\t\"end\":\t19.000058,\n\t\t\t\t\"seconds\":\t0.99988502264022827,\n\t\t\t\t\"bytes\":\t10485760,\n\t\t\t\t\"bits_per_second\":\t83895726.109084159,\n\t\t\t\t\"retransmits\":\t0,\n\t\t\t\t\"omitted\":\tfalse,\n\t\t\t\t\"sender\":\ttrue\n\t\t\t}\n\t\t}, {\n\t\t\t\"streams\":\t[{\n\t\t\t\t\t\"socket\":\t5,\n\t\t\t\t\t\"start\":\t19.000058,\n\t\t\t\t\t\"end\":\t20.000113,\n\t\t\t\t\t\"seconds\":\t1.0000549554824829,\n\t\t\t\t\t\"bytes\":\t9175040,\n\t\t\t\t\t\"bits_per_second\":\t73396286.4716645,\n\t\t\t\t\t\"retransmits\":\t0,\n\t\t\t\t\t\"snd_cwnd\":\t472048,\n\t\t\t\t\t\"snd_wnd\":\t212992,\n\t\t\t\t\t\"rtt\":\t14083,\n\t\t\t\t\t\"rttvar\":\t2394,\n\t\t\t\t\t\"pmtu\":\t1500,\n\t\t\t\t\t\"omitted\":\tfalse,\n\t\t\t\t\t\"sender\":\ttrue\n\t\t\t\t}],\n\t\t\t\"sum\":\t{\n\t\t\t\t\"start\":\t19.000058,\n\t\t\t\t\"end\":\t20.000113,\n\t\t\t\t\"seconds\":\t1.0000549554824829,\n\t\t\t\t\"bytes\":\t9175040,\n\t\t\t\t\"bits_per_second\":\t73396286.4716645,\n\t\t\t\t\"retransmits\":\t0,\n\t\t\t\t\"omitted\":\tfalse,\n\t\t\t\t\"sender\":\ttrue\n\t\t\t}\n\t\t}, {\n\t\t\t\"streams\":\t[{\n\t\t\t\t\t\"socket\":\t5,\n\t\t\t\t\t\"start\":\t20.000113,\n\t\t\t\t\t\"end\":\t21.000055,\n\t\t\t\t\t\"seconds\":\t0.99994200468063354,\n\t\t\t\t\t\"bytes\":\t10485760,\n\t\t\t\t\t\"bits_per_second\":\t83890945.2821636,\n\t\t\t\t\t\"retransmits\":\t0,\n\t\t\t\t\t\"snd_cwnd\":\t483632,\n\t\t\t\t\t\"snd_wnd\":\t212992,\n\t\t\t\t\t\"rtt\":\t18914,\n\t\t\t\t\t\"rttvar\":\t2288,\n\t\t\t\t\t\"pmtu\":\t1500,\n\t\t\t\t\t\"omitted\":\tfalse,\n\t\t\t\t\t\"sender\":\ttrue\n\t\t\t\t}],\n\t\t\t\"sum\":\t{\n\t\t\t\t\"start\":\t20.000113,\n\t\t\t\t\"end\":\t21.000055,\n\t\t\t\t\"seconds\":\t0.99994200468063354,\n\t\t\t\t\"bytes\":\t10485760,\n\t\t\t\t\"bits_per_second\":\t83890945.2821636,\n\t\t\t\t\"retransmits\":\t0,\n\t\t\t\t\"omitted\":\tfalse,\n\t\t\t\t\"sender\":\ttrue\n\t\t\t}\n\t\t}, {\n\t\t\t\"streams\":\t[{\n\t\t\t\t\t\"socket\":\t5,\n\t\t\t\t\t\"start\":\t21.000055,\n\t\t\t\t\t\"end\":\t22.000157,\n\t\t\t\t\t\"seconds\":\t1.0001020431518555,\n\t\t\t\t\t\"bytes\":\t7864320,\n\t\t\t\t\t\"bits_per_second\":\t62908140.655050188,\n\t\t\t\t\t\"retransmits\":\t0,\n\t\t\t\t\t\"snd_cwnd\":\t489424,\n\t\t\t\t\t\"snd_wnd\":\t212992,\n\t\t\t\t\t\"rtt\":\t14160,\n\t\t\t\t\t\"rttvar\":\t742,\n\t\t\t\t\t\"pmtu\":\t1500,\n\t\t\t\t\t\"omitted\":\tfalse,\n\t\t\t\t\t\"sender\":\ttrue\n\t\t\t\t}],\n\t\t\t\"sum\":\t{\n\t\t\t\t\"start\":\t21.000055,\n\t\t\t\t\"end\":\t22.000157,\n\t\t\t\t\"seconds\":\t1.0001020431518555,\n\t\t\t\t\"bytes\":\t7864320,\n\t\t\t\t\"bits_per_second\":\t62908140.655050188,\n\t\t\t\t\"retransmits\":\t0,\n\t\t\t\t\"omitted\":\tfalse,\n\t\t\t\t\"sender\":\ttrue\n\t\t\t}\n\t\t}, {\n\t\t\t\"streams\":\t[{\n\t\t\t\t\t\"socket\":\t5,\n\t\t\t\t\t\"start\":\t22.000157,\n\t\t\t\t\t\"end\":\t23.000092,\n\t\t\t\t\t\"seconds\":\t0.99993497133255,\n\t\t\t\t\t\"bytes\":\t7864320,\n\t\t\t\t\t\"bits_per_second\":\t62918651.516065836,\n\t\t\t\t\t\"retransmits\":\t0,\n\t\t\t\t\t\"snd_cwnd\":\t503904,\n\t\t\t\t\t\"snd_wnd\":\t212992,\n\t\t\t\t\t\"rtt\":\t15495,\n\t\t\t\t\t\"rttvar\":\t1836,\n\t\t\t\t\t\"pmtu\":\t1500,\n\t\t\t\t\t\"omitted\":\tfalse,\n\t\t\t\t\t\"sender\":\ttrue\n\t\t\t\t}],\n\t\t\t\"sum\":\t{\n\t\t\t\t\"start\":\t22.000157,\n\t\t\t\t\"end\":\t23.000092,\n\t\t\t\t\"seconds\":\t0.99993497133255,\n\t\t\t\t\"bytes\":\t7864320,\n\t\t\t\t\"bits_per_second\":\t62918651.516065836,\n\t\t\t\t\"retransmits\":\t0,\n\t\t\t\t\"omitted\":\tfalse,\n\t\t\t\t\"sender\":\ttrue\n\t\t\t}\n\t\t}, {\n\t\t\t\"streams\":\t[{\n\t\t\t\t\t\"socket\":\t5,\n\t\t\t\t\t\"start\":\t23.000092,\n\t\t\t\t\t\"end\":\t24.000122,\n\t\t\t\t\t\"seconds\":\t1.0000300407409668,\n\t\t\t\t\t\"bytes\":\t9175040,\n\t\t\t\t\t\"bits_per_second\":\t73398115.066237837,\n\t\t\t\t\t\"retransmits\":\t0,\n\t\t\t\t\t\"snd_cwnd\":\t399648,\n\t\t\t\t\t\"snd_wnd\":\t212992,\n\t\t\t\t\t\"rtt\":\t13653,\n\t\t\t\t\t\"rttvar\":\t232,\n\t\t\t\t\t\"pmtu\":\t1500,\n\t\t\t\t\t\"omitted\":\tfalse,\n\t\t\t\t\t\"sender\":\ttrue\n\t\t\t\t}],\n\t\t\t\"sum\":\t{\n\t\t\t\t\"start\":\t23.000092,\n\t\t\t\t\"end\":\t24.000122,\n\t\t\t\t\"seconds\":\t1.0000300407409668,\n\t\t\t\t\"bytes\":\t9175040,\n\t\t\t\t\"bits_per_second\":\t73398115.066237837,\n\t\t\t\t\"retransmits\":\t0,\n\t\t\t\t\"omitted\":\tfalse,\n\t\t\t\t\"sender\":\ttrue\n\t\t\t}\n\t\t}, {\n\t\t\t\"streams\":\t[{\n\t\t\t\t\t\"socket\":\t5,\n\t\t\t\t\t\"start\":\t24.000122,\n\t\t\t\t\t\"end\":\t25.000056,\n\t\t\t\t\t\"seconds\":\t0.99993401765823364,\n\t\t\t\t\t\"bytes\":\t7864320,\n\t\t\t\t\t\"bits_per_second\":\t62918711.523927271,\n\t\t\t\t\t\"retransmits\":\t0,\n\t\t\t\t\t\"snd_cwnd\":\t477840,\n\t\t\t\t\t\"snd_wnd\":\t212992,\n\t\t\t\t\t\"rtt\":\t25014,\n\t\t\t\t\t\"rttvar\":\t2556,\n\t\t\t\t\t\"pmtu\":\t1500,\n\t\t\t\t\t\"omitted\":\tfalse,\n\t\t\t\t\t\"sender\":\ttrue\n\t\t\t\t}],\n\t\t\t\"sum\":\t{\n\t\t\t\t\"start\":\t24.000122,\n\t\t\t\t\"end\":\t25.000056,\n\t\t\t\t\"seconds\":\t0.99993401765823364,\n\t\t\t\t\"bytes\":\t7864320,\n\t\t\t\t\"bits_per_second\":\t62918711.523927271,\n\t\t\t\t\"retransmits\":\t0,\n\t\t\t\t\"omitted\":\tfalse,\n\t\t\t\t\"sender\":\ttrue\n\t\t\t}\n\t\t}, {\n\t\t\t\"streams\":\t[{\n\t\t\t\t\t\"socket\":\t5,\n\t\t\t\t\t\"start\":\t25.000056,\n\t\t\t\t\t\"end\":\t26.000074,\n\t\t\t\t\t\"seconds\":\t1.0000180006027222,\n\t\t\t\t\t\"bytes\":\t9175040,\n\t\t\t\t\t\"bits_per_second\":\t73398998.773782864,\n\t\t\t\t\t\"retransmits\":\t0,\n\t\t\t\t\t\"snd_cwnd\":\t495216,\n\t\t\t\t\t\"snd_wnd\":\t212992,\n\t\t\t\t\t\"rtt\":\t21031,\n\t\t\t\t\t\"rttvar\":\t5298,\n\t\t\t\t\t\"pmtu\":\t1500,\n\t\t\t\t\t\"omitted\":\tfalse,\n\t\t\t\t\t\"sender\":\ttrue\n\t\t\t\t}],\n\t\t\t\"sum\":\t{\n\t\t\t\t\"start\":\t25.000056,\n\t\t\t\t\"end\":\t26.000074,\n\t\t\t\t\"seconds\":\t1.0000180006027222,\n\t\t\t\t\"bytes\":\t9175040,\n\t\t\t\t\"bits_per_second\":\t73398998.773782864,\n\t\t\t\t\"retransmits\":\t0,\n\t\t\t\t\"omitted\":\tfalse,\n\t\t\t\t\"sender\":\ttrue\n\t\t\t}\n\t\t}, {\n\t\t\t\"streams\":\t[{\n\t\t\t\t\t\"socket\":\t5,\n\t\t\t\t\t\"start\":\t26.000074,\n\t\t\t\t\t\"end\":\t27.000121,\n\t\t\t\t\t\"seconds\":\t1.000046968460083,\n\t\t\t\t\t\"bytes\":\t9175040,\n\t\t\t\t\t\"bits_per_second\":\t73396872.661916167,\n\t\t\t\t\t\"retransmits\":\t0,\n\t\t\t\t\t\"snd_cwnd\":\t472048,\n\t\t\t\t\t\"snd_wnd\":\t212992,\n\t\t\t\t\t\"rtt\":\t13449,\n\t\t\t\t\t\"rttvar\":\t1039,\n\t\t\t\t\t\"pmtu\":\t1500,\n\t\t\t\t\t\"omitted\":\tfalse,\n\t\t\t\t\t\"sender\":\ttrue\n\t\t\t\t}],\n\t\t\t\"sum\":\t{\n\t\t\t\t\"start\":\t26.000074,\n\t\t\t\t\"end\":\t27.000121,\n\t\t\t\t\"seconds\":\t1.000046968460083,\n\t\t\t\t\"bytes\":\t9175040,\n\t\t\t\t\"bits_per_second\":\t73396872.661916167,\n\t\t\t\t\"retransmits\":\t0,\n\t\t\t\t\"omitted\":\tfalse,\n\t\t\t\t\"sender\":\ttrue\n\t\t\t}\n\t\t}, {\n\t\t\t\"streams\":\t[{\n\t\t\t\t\t\"socket\":\t5,\n\t\t\t\t\t\"start\":\t27.000121,\n\t\t\t\t\t\"end\":\t28.000132,\n\t\t\t\t\t\"seconds\":\t1.0000109672546387,\n\t\t\t\t\t\"bytes\":\t9175040,\n\t\t\t\t\t\"bits_per_second\":\t73399515.008828551,\n\t\t\t\t\t\"retransmits\":\t0,\n\t\t\t\t\t\"snd_cwnd\":\t506800,\n\t\t\t\t\t\"snd_wnd\":\t212992,\n\t\t\t\t\t\"rtt\":\t17243,\n\t\t\t\t\t\"rttvar\":\t3779,\n\t\t\t\t\t\"pmtu\":\t1500,\n\t\t\t\t\t\"omitted\":\tfalse,\n\t\t\t\t\t\"sender\":\ttrue\n\t\t\t\t}],\n\t\t\t\"sum\":\t{\n\t\t\t\t\"start\":\t27.000121,\n\t\t\t\t\"end\":\t28.000132,\n\t\t\t\t\"seconds\":\t1.0000109672546387,\n\t\t\t\t\"bytes\":\t9175040,\n\t\t\t\t\"bits_per_second\":\t73399515.008828551,\n\t\t\t\t\"retransmits\":\t0,\n\t\t\t\t\"omitted\":\tfalse,\n\t\t\t\t\"sender\":\ttrue\n\t\t\t}\n\t\t}, {\n\t\t\t\"streams\":\t[{\n\t\t\t\t\t\"socket\":\t5,\n\t\t\t\t\t\"start\":\t28.000132,\n\t\t\t\t\t\"end\":\t29.000056,\n\t\t\t\t\t\"seconds\":\t0.99992400407791138,\n\t\t\t\t\t\"bytes\":\t10485760,\n\t\t\t\t\t\"bits_per_second\":\t83892455.484510824,\n\t\t\t\t\t\"retransmits\":\t0,\n\t\t\t\t\t\"snd_cwnd\":\t463360,\n\t\t\t\t\t\"snd_wnd\":\t212992,\n\t\t\t\t\t\"rtt\":\t12937,\n\t\t\t\t\t\"rttvar\":\t277,\n\t\t\t\t\t\"pmtu\":\t1500,\n\t\t\t\t\t\"omitted\":\tfalse,\n\t\t\t\t\t\"sender\":\ttrue\n\t\t\t\t}],\n\t\t\t\"sum\":\t{\n\t\t\t\t\"start\":\t28.000132,\n\t\t\t\t\"end\":\t29.000056,\n\t\t\t\t\"seconds\":\t0.99992400407791138,\n\t\t\t\t\"bytes\":\t10485760,\n\t\t\t\t\"bits_per_second\":\t83892455.484510824,\n\t\t\t\t\"retransmits\":\t0,\n\t\t\t\t\"omitted\":\tfalse,\n\t\t\t\t\"sender\":\ttrue\n\t\t\t}\n\t\t}, {\n\t\t\t\"streams\":\t[{\n\t\t\t\t\t\"socket\":\t5,\n\t\t\t\t\t\"start\":\t29.000056,\n\t\t\t\t\t\"end\":\t30.000072,\n\t\t\t\t\t\"seconds\":\t1.0000159740448,\n\t\t\t\t\t\"bytes\":\t9175040,\n\t\t\t\t\t\"bits_per_second\":\t73399147.51872927,\n\t\t\t\t\t\"retransmits\":\t0,\n\t\t\t\t\t\"snd_cwnd\":\t393856,\n\t\t\t\t\t\"snd_wnd\":\t212992,\n\t\t\t\t\t\"rtt\":\t13258,\n\t\t\t\t\t\"rttvar\":\t580,\n\t\t\t\t\t\"pmtu\":\t1500,\n\t\t\t\t\t\"omitted\":\tfalse,\n\t\t\t\t\t\"sender\":\ttrue\n\t\t\t\t}],\n\t\t\t\"sum\":\t{\n\t\t\t\t\"start\":\t29.000056,\n\t\t\t\t\"end\":\t30.000072,\n\t\t\t\t\"seconds\":\t1.0000159740448,\n\t\t\t\t\"bytes\":\t9175040,\n\t\t\t\t\"bits_per_second\":\t73399147.51872927,\n\t\t\t\t\"retransmits\":\t0,\n\t\t\t\t\"omitted\":\tfalse,\n\t\t\t\t\"sender\":\ttrue\n\t\t\t}\n\t\t}],\n\t\"end\":\t{\n\t\t\"streams\":\t[{\n\t\t\t\t\"sender\":\t{\n\t\t\t\t\t\"socket\":\t5,\n\t\t\t\t\t\"start\":\t0,\n\t\t\t\t\t\"end\":\t30.000072,\n\t\t\t\t\t\"seconds\":\t30.000072,\n\t\t\t\t\t\"bytes\":\t277348352,\n\t\t\t\t\t\"bits_per_second\":\t73959383.030814067,\n\t\t\t\t\t\"retransmits\":\t0,\n\t\t\t\t\t\"max_snd_cwnd\":\t506800,\n\t\t\t\t\t\"max_snd_wnd\":\t212992,\n\t\t\t\t\t\"max_rtt\":\t25014,\n\t\t\t\t\t\"min_rtt\":\t12823,\n\t\t\t\t\t\"mean_rtt\":\t16182,\n\t\t\t\t\t\"sender\":\ttrue\n\t\t\t\t},\n\t\t\t\t\"receiver\":\t{\n\t\t\t\t\t\"socket\":\t5,\n\t\t\t\t\t\"start\":\t0,\n\t\t\t\t\t\"end\":\t30.000072,\n\t\t\t\t\t\"seconds\":\t30.000072,\n\t\t\t\t\t\"bytes\":\t274200520,\n\t\t\t\t\t\"bits_per_second\":\t73119963.178755045,\n\t\t\t\t\t\"sender\":\ttrue\n\t\t\t\t}\n\t\t\t}],\n\t\t\"sum_sent\":\t{\n\t\t\t\"start\":\t0,\n\t\t\t\"end\":\t30.000072,\n\t\t\t\"seconds\":\t30.000072,\n\t\t\t\"bytes\":\t277348352,\n\t\t\t\"bits_per_second\":\t73959383.030814067,\n\t\t\t\"retransmits\":\t0,\n\t\t\t\"sender\":\ttrue\n\t\t},\n\t\t\"sum_received\":\t{\n\t\t\t\"start\":\t0,\n\t\t\t\"end\":\t30.000072,\n\t\t\t\"seconds\":\t30.000072,\n\t\t\t\"bytes\":\t274200520,\n\t\t\t\"bits_per_second\":\t73119963.178755045,\n\t\t\t\"sender\":\ttrue\n\t\t},\n\t\t\"cpu_utilization_percent\":\t{\n\t\t\t\"host_total\":\t0.22360254062582588,\n\t\t\t\"host_user\":\t0.021957076143091666,\n\t\t\t\"host_system\":\t0.20164546448273421,\n\t\t\t\"remote_total\":\t15.074814,\n\t\t\t\"remote_user\":\t8.029734,\n\t\t\t\"remote_system\":\t7.04508\n\t\t},\n\t\t\"sender_tcp_congestion\":\t\"bbr\"\n\t}\n}\n",
              "stderr": "",
              "exit_code": 0,
              "iperf_json": {
                "start": {
                  "connected": [
                    {
                      "socket": 5,
                      "local_host": "192.168.3.1",
                      "local_port": 33988,
                      "remote_host": "192.168.3.2",
                      "remote_port": 5201
                    }
                  ],
                  "version": "iperf 3.10.1",
                  "system_info": "Linux CBA-20240614 6.2.15-100.fc36.x86_64 #1 SMP PREEMPT_DYNAMIC Thu May 11 16:51:53 UTC 2023 x86_64",
                  "timestamp": {
                    "time": "Tue, 14 Jul 2026 06:18:46 GMT",
                    "timesecs": 1784009926
                  },
                  "connecting_to": {
                    "host": "192.168.3.2",
                    "port": 5201
                  },
                  "cookie": "4fsdkc3adh55hp6oj35zahlimreigu7d5r7a",
                  "tcp_mss_default": 1448,
                  "sock_bufsize": 0,
                  "sndbuf_actual": 16384,
                  "rcvbuf_actual": 131072,
                  "test_start": {
                    "protocol": "TCP",
                    "num_streams": 1,
                    "blksize": 131072,
                    "omit": 0,
                    "duration": 30,
                    "bytes": 0,
                    "blocks": 0,
                    "reverse": 0,
                    "tos": 0
                  }
                },
                "intervals": [
                  {
                    "streams": [
                      {
                        "socket": 5,
                        "start": 0,
                        "end": 1.000056,
                        "seconds": 1.0000560283660889,
                        "bytes": 12582912,
                        "bits_per_second": 100657656.31598228,
                        "retransmits": 0,
                        "snd_cwnd": 469152,
                        "snd_wnd": 212992,
                        "rtt": 15844,
                        "rttvar": 1320,
                        "pmtu": 1500,
                        "omitted": false,
                        "sender": true
                      }
                    ],
                    "sum": {
                      "start": 0,
                      "end": 1.000056,
                      "seconds": 1.0000560283660889,
                      "bytes": 12582912,
                      "bits_per_second": 100657656.31598228,
                      "retransmits": 0,
                      "omitted": false,
                      "sender": true
                    }
                  },
                  {
                    "streams": [
                      {
                        "socket": 5,
                        "start": 1.000056,
                        "end": 2.000056,
                        "seconds": 1,
                        "bytes": 9175040,
                        "bits_per_second": 73400320,
                        "retransmits": 0,
                        "snd_cwnd": 457568,
                        "snd_wnd": 212992,
                        "rtt": 14775,
                        "rttvar": 1827,
                        "pmtu": 1500,
                        "omitted": false,
                        "sender": true
                      }
                    ],
                    "sum": {
                      "start": 1.000056,
                      "end": 2.000056,
                      "seconds": 1,
                      "bytes": 9175040,
                      "bits_per_second": 73400320,
                      "retransmits": 0,
                      "omitted": false,
                      "sender": true
                    }
                  },
                  {
                    "streams": [
                      {
                        "socket": 5,
                        "start": 2.000056,
                        "end": 3.000064,
                        "seconds": 1.0000079870224,
                        "bytes": 9175040,
                        "bits_per_second": 73399733.75468235,
                        "retransmits": 0,
                        "snd_cwnd": 460464,
                        "snd_wnd": 212992,
                        "rtt": 14102,
                        "rttvar": 517,
                        "pmtu": 1500,
                        "omitted": false,
                        "sender": true
                      }
                    ],
                    "sum": {
                      "start": 2.000056,
                      "end": 3.000064,
                      "seconds": 1.0000079870224,
                      "bytes": 9175040,
                      "bits_per_second": 73399733.75468235,
                      "retransmits": 0,
                      "omitted": false,
                      "sender": true
                    }
                  },
                  {
                    "streams": [
                      {
                        "socket": 5,
                        "start": 3.000064,
                        "end": 4.000056,
                        "seconds": 0.9999920129776,
                        "bytes": 9175040,
                        "bits_per_second": 73400906.25468244,
                        "retransmits": 0,
                        "snd_cwnd": 498112,
                        "snd_wnd": 212992,
                        "rtt": 16739,
                        "rttvar": 3585,
                        "pmtu": 1500,
                        "omitted": false,
                        "sender": true
                      }
                    ],
                    "sum": {
                      "start": 3.000064,
                      "end": 4.000056,
                      "seconds": 0.9999920129776,
                      "bytes": 9175040,
                      "bits_per_second": 73400906.25468244,
                      "retransmits": 0,
                      "omitted": false,
                      "sender": true
                    }
                  },
                  {
                    "streams": [
                      {
                        "socket": 5,
                        "start": 4.000056,
                        "end": 5.000106,
                        "seconds": 1.0000499486923218,
                        "bytes": 7864320,
                        "bits_per_second": 62911417.65695593,
                        "retransmits": 0,
                        "snd_cwnd": 480736,
                        "snd_wnd": 212992,
                        "rtt": 23459,
                        "rttvar": 3356,
                        "pmtu": 1500,
                        "omitted": false,
                        "sender": true
                      }
                    ],
                    "sum": {
                      "start": 4.000056,
                      "end": 5.000106,
                      "seconds": 1.0000499486923218,
                      "bytes": 7864320,
                      "bits_per_second": 62911417.65695593,
                      "retransmits": 0,
                      "omitted": false,
                      "sender": true
                    }
                  },
                  {
                    "streams": [
                      {
                        "socket": 5,
                        "start": 5.000106,
                        "end": 6.00008,
                        "seconds": 0.999974012374878,
                        "bytes": 9175040,
                        "bits_per_second": 73402227.54957268,
                        "retransmits": 0,
                        "snd_cwnd": 396752,
                        "snd_wnd": 212992,
                        "rtt": 13025,
                        "rttvar": 420,
                        "pmtu": 1500,
                        "omitted": false,
                        "sender": true
                      }
                    ],
                    "sum": {
                      "start": 5.000106,
                      "end": 6.00008,
                      "seconds": 0.999974012374878,
                      "bytes": 9175040,
                      "bits_per_second": 73402227.54957268,
                      "retransmits": 0,
                      "omitted": false,
                      "sender": true
                    }
                  },
                  {
                    "streams": [
                      {
                        "socket": 5,
                        "start": 6.00008,
                        "end": 7.000138,
                        "seconds": 1.0000580549240112,
                        "bytes": 9175040,
                        "bits_per_second": 73396058.9973722,
                        "retransmits": 0,
                        "snd_cwnd": 480736,
                        "snd_wnd": 212992,
                        "rtt": 17399,
                        "rttvar": 2691,
                        "pmtu": 1500,
                        "omitted": false,
                        "sender": true
                      }
                    ],
                    "sum": {
                      "start": 6.00008,
                      "end": 7.000138,
                      "seconds": 1.0000580549240112,
                      "bytes": 9175040,
                      "bits_per_second": 73396058.9973722,
                      "retransmits": 0,
                      "omitted": false,
                      "sender": true
                    }
                  },
                  {
                    "streams": [
                      {
                        "socket": 5,
                        "start": 7.000138,
                        "end": 8.000142,
                        "seconds": 1.0000040531158447,
                        "bytes": 9175040,
                        "bits_per_second": 73400022.5012058,
                        "retransmits": 0,
                        "snd_cwnd": 477840,
                        "snd_wnd": 212992,
                        "rtt": 19773,
                        "rttvar": 4359,
                        "pmtu": 1500,
                        "omitted": false,
                        "sender": true
                      }
                    ],
                    "sum": {
                      "start": 7.000138,
                      "end": 8.000142,
                      "seconds": 1.0000040531158447,
                      "bytes": 9175040,
                      "bits_per_second": 73400022.5012058,
                      "retransmits": 0,
                      "omitted": false,
                      "sender": true
                    }
                  },
                  {
                    "streams": [
                      {
                        "socket": 5,
                        "start": 8.000142,
                        "end": 9.000056,
                        "seconds": 0.999913990497589,
                        "bytes": 9175040,
                        "bits_per_second": 73406633.66803545,
                        "retransmits": 0,
                        "snd_cwnd": 477840,
                        "snd_wnd": 212992,
                        "rtt": 19931,
                        "rttvar": 3534,
                        "pmtu": 1500,
                        "omitted": false,
                        "sender": true
                      }
                    ],
                    "sum": {
                      "start": 8.000142,
                      "end": 9.000056,
                      "seconds": 0.999913990497589,
                      "bytes": 9175040,
                      "bits_per_second": 73406633.66803545,
                      "retransmits": 0,
                      "omitted": false,
                      "sender": true
                    }
                  },
                  {
                    "streams": [
                      {
                        "socket": 5,
                        "start": 9.000056,
                        "end": 10.000056,
                        "seconds": 1,
                        "bytes": 9175040,
                        "bits_per_second": 73400320,
                        "retransmits": 0,
                        "snd_cwnd": 379376,
                        "snd_wnd": 212992,
                        "rtt": 14833,
                        "rttvar": 198,
                        "pmtu": 1500,
                        "omitted": false,
                        "sender": true
                      }
                    ],
                    "sum": {
                      "start": 9.000056,
                      "end": 10.000056,
                      "seconds": 1,
                      "bytes": 9175040,
                      "bits_per_second": 73400320,
                      "retransmits": 0,
                      "omitted": false,
                      "sender": true
                    }
                  },
                  {
                    "streams": [
                      {
                        "socket": 5,
                        "start": 10.000056,
                        "end": 11.000057,
                        "seconds": 1.0000009536743164,
                        "bytes": 7864320,
                        "bits_per_second": 62914500.00005722,
                        "retransmits": 0,
                        "snd_cwnd": 434400,
                        "snd_wnd": 212992,
                        "rtt": 15882,
                        "rttvar": 876,
                        "pmtu": 1500,
                        "omitted": false,
                        "sender": true
                      }
                    ],
                    "sum": {
                      "start": 10.000056,
                      "end": 11.000057,
                      "seconds": 1.0000009536743164,
                      "bytes": 7864320,
                      "bits_per_second": 62914500.00005722,
                      "retransmits": 0,
                      "omitted": false,
                      "sender": true
                    }
                  },
                  {
                    "streams": [
                      {
                        "socket": 5,
                        "start": 11.000057,
                        "end": 12.000082,
                        "seconds": 1.0000250339508057,
                        "bytes": 9175040,
                        "bits_per_second": 73398482.54599874,
                        "retransmits": 0,
                        "snd_cwnd": 390960,
                        "snd_wnd": 212992,
                        "rtt": 12823,
                        "rttvar": 204,
                        "pmtu": 1500,
                        "omitted": false,
                        "sender": true
                      }
                    ],
                    "sum": {
                      "start": 11.000057,
                      "end": 12.000082,
                      "seconds": 1.0000250339508057,
                      "bytes": 9175040,
                      "bits_per_second": 73398482.54599874,
                      "retransmits": 0,
                      "omitted": false,
                      "sender": true
                    }
                  },
                  {
                    "streams": [
                      {
                        "socket": 5,
                        "start": 12.000082,
                        "end": 13.000126,
                        "seconds": 1.0000439882278442,
                        "bytes": 9175040,
                        "bits_per_second": 73397091.39202075,
                        "retransmits": 0,
                        "snd_cwnd": 469152,
                        "snd_wnd": 212992,
                        "rtt": 13882,
                        "rttvar": 1625,
                        "pmtu": 1500,
                        "omitted": false,
                        "sender": true
                      }
                    ],
                    "sum": {
                      "start": 12.000082,
                      "end": 13.000126,
                      "seconds": 1.0000439882278442,
                      "bytes": 9175040,
                      "bits_per_second": 73397091.39202075,
                      "retransmits": 0,
                      "omitted": false,
                      "sender": true
                    }
                  },
                  {
                    "streams": [
                      {
                        "socket": 5,
                        "start": 13.000126,
                        "end": 14.000075,
                        "seconds": 0.9999489784240723,
                        "bytes": 10485760,
                        "bits_per_second": 83890360.2183835,
                        "retransmits": 0,
                        "snd_cwnd": 486528,
                        "snd_wnd": 212992,
                        "rtt": 14984,
                        "rttvar": 1794,
                        "pmtu": 1500,
                        "omitted": false,
                        "sender": true
                      }
                    ],
                    "sum": {
                      "start": 13.000126,
                      "end": 14.000075,
                      "seconds": 0.9999489784240723,
                      "bytes": 10485760,
                      "bits_per_second": 83890360.2183835,
                      "retransmits": 0,
                      "omitted": false,
                      "sender": true
                    }
                  },
                  {
                    "streams": [
                      {
                        "socket": 5,
                        "start": 14.000075,
                        "end": 15.000113,
                        "seconds": 1.0000380277633667,
                        "bytes": 9175040,
                        "bits_per_second": 73397528.85614096,
                        "retransmits": 0,
                        "snd_cwnd": 477840,
                        "snd_wnd": 212992,
                        "rtt": 13404,
                        "rttvar": 1025,
                        "pmtu": 1500,
                        "omitted": false,
                        "sender": true
                      }
                    ],
                    "sum": {
                      "start": 14.000075,
                      "end": 15.000113,
                      "seconds": 1.0000380277633667,
                      "bytes": 9175040,
                      "bits_per_second": 73397528.85614096,
                      "retransmits": 0,
                      "omitted": false,
                      "sender": true
                    }
                  },
                  {
                    "streams": [
                      {
                        "socket": 5,
                        "start": 15.000113,
                        "end": 16.000055,
                        "seconds": 0.9999420046806335,
                        "bytes": 10485760,
                        "bits_per_second": 83890945.2821636,
                        "retransmits": 0,
                        "snd_cwnd": 483632,
                        "snd_wnd": 212992,
                        "rtt": 16427,
                        "rttvar": 1947,
                        "pmtu": 1500,
                        "omitted": false,
                        "sender": true
                      }
                    ],
                    "sum": {
                      "start": 15.000113,
                      "end": 16.000055,
                      "seconds": 0.9999420046806335,
                      "bytes": 10485760,
                      "bits_per_second": 83890945.2821636,
                      "retransmits": 0,
                      "omitted": false,
                      "sender": true
                    }
                  },
                  {
                    "streams": [
                      {
                        "socket": 5,
                        "start": 16.000055,
                        "end": 17.000069,
                        "seconds": 1.0000139474868774,
                        "bytes": 7864320,
                        "bits_per_second": 62913682.51223875,
                        "retransmits": 0,
                        "snd_cwnd": 477840,
                        "snd_wnd": 212992,
                        "rtt": 16212,
                        "rttvar": 911,
                        "pmtu": 1500,
                        "omitted": false,
                        "sender": true
                      }
                    ],
                    "sum": {
                      "start": 16.000055,
                      "end": 17.000069,
                      "seconds": 1.0000139474868774,
                      "bytes": 7864320,
                      "bits_per_second": 62913682.51223875,
                      "retransmits": 0,
                      "omitted": false,
                      "sender": true
                    }
                  },
                  {
                    "streams": [
                      {
                        "socket": 5,
                        "start": 17.000069,
                        "end": 18.000173,
                        "seconds": 1.0001039505004883,
                        "bytes": 9175040,
                        "bits_per_second": 73392690.7930599,
                        "retransmits": 0,
                        "snd_cwnd": 448880,
                        "snd_wnd": 212992,
                        "rtt": 16799,
                        "rttvar": 1520,
                        "pmtu": 1500,
                        "omitted": false,
                        "sender": true
                      }
                    ],
                    "sum": {
                      "start": 17.000069,
                      "end": 18.000173,
                      "seconds": 1.0001039505004883,
                      "bytes": 9175040,
                      "bits_per_second": 73392690.7930599,
                      "retransmits": 0,
                      "omitted": false,
                      "sender": true
                    }
                  },
                  {
                    "streams": [
                      {
                        "socket": 5,
                        "start": 18.000173,
                        "end": 19.000058,
                        "seconds": 0.9998850226402283,
                        "bytes": 10485760,
                        "bits_per_second": 83895726.10908416,
                        "retransmits": 0,
                        "snd_cwnd": 489424,
                        "snd_wnd": 212992,
                        "rtt": 15935,
                        "rttvar": 3799,
                        "pmtu": 1500,
                        "omitted": false,
                        "sender": true
                      }
                    ],
                    "sum": {
                      "start": 18.000173,
                      "end": 19.000058,
                      "seconds": 0.9998850226402283,
                      "bytes": 10485760,
                      "bits_per_second": 83895726.10908416,
                      "retransmits": 0,
                      "omitted": false,
                      "sender": true
                    }
                  },
                  {
                    "streams": [
                      {
                        "socket": 5,
                        "start": 19.000058,
                        "end": 20.000113,
                        "seconds": 1.000054955482483,
                        "bytes": 9175040,
                        "bits_per_second": 73396286.4716645,
                        "retransmits": 0,
                        "snd_cwnd": 472048,
                        "snd_wnd": 212992,
                        "rtt": 14083,
                        "rttvar": 2394,
                        "pmtu": 1500,
                        "omitted": false,
                        "sender": true
                      }
                    ],
                    "sum": {
                      "start": 19.000058,
                      "end": 20.000113,
                      "seconds": 1.000054955482483,
                      "bytes": 9175040,
                      "bits_per_second": 73396286.4716645,
                      "retransmits": 0,
                      "omitted": false,
                      "sender": true
                    }
                  },
                  {
                    "streams": [
                      {
                        "socket": 5,
                        "start": 20.000113,
                        "end": 21.000055,
                        "seconds": 0.9999420046806335,
                        "bytes": 10485760,
                        "bits_per_second": 83890945.2821636,
                        "retransmits": 0,
                        "snd_cwnd": 483632,
                        "snd_wnd": 212992,
                        "rtt": 18914,
                        "rttvar": 2288,
                        "pmtu": 1500,
                        "omitted": false,
                        "sender": true
                      }
                    ],
                    "sum": {
                      "start": 20.000113,
                      "end": 21.000055,
                      "seconds": 0.9999420046806335,
                      "bytes": 10485760,
                      "bits_per_second": 83890945.2821636,
                      "retransmits": 0,
                      "omitted": false,
                      "sender": true
                    }
                  },
                  {
                    "streams": [
                      {
                        "socket": 5,
                        "start": 21.000055,
                        "end": 22.000157,
                        "seconds": 1.0001020431518555,
                        "bytes": 7864320,
                        "bits_per_second": 62908140.65505019,
                        "retransmits": 0,
                        "snd_cwnd": 489424,
                        "snd_wnd": 212992,
                        "rtt": 14160,
                        "rttvar": 742,
                        "pmtu": 1500,
                        "omitted": false,
                        "sender": true
                      }
                    ],
                    "sum": {
                      "start": 21.000055,
                      "end": 22.000157,
                      "seconds": 1.0001020431518555,
                      "bytes": 7864320,
                      "bits_per_second": 62908140.65505019,
                      "retransmits": 0,
                      "omitted": false,
                      "sender": true
                    }
                  },
                  {
                    "streams": [
                      {
                        "socket": 5,
                        "start": 22.000157,
                        "end": 23.000092,
                        "seconds": 0.99993497133255,
                        "bytes": 7864320,
                        "bits_per_second": 62918651.516065836,
                        "retransmits": 0,
                        "snd_cwnd": 503904,
                        "snd_wnd": 212992,
                        "rtt": 15495,
                        "rttvar": 1836,
                        "pmtu": 1500,
                        "omitted": false,
                        "sender": true
                      }
                    ],
                    "sum": {
                      "start": 22.000157,
                      "end": 23.000092,
                      "seconds": 0.99993497133255,
                      "bytes": 7864320,
                      "bits_per_second": 62918651.516065836,
                      "retransmits": 0,
                      "omitted": false,
                      "sender": true
                    }
                  },
                  {
                    "streams": [
                      {
                        "socket": 5,
                        "start": 23.000092,
                        "end": 24.000122,
                        "seconds": 1.0000300407409668,
                        "bytes": 9175040,
                        "bits_per_second": 73398115.06623784,
                        "retransmits": 0,
                        "snd_cwnd": 399648,
                        "snd_wnd": 212992,
                        "rtt": 13653,
                        "rttvar": 232,
                        "pmtu": 1500,
                        "omitted": false,
                        "sender": true
                      }
                    ],
                    "sum": {
                      "start": 23.000092,
                      "end": 24.000122,
                      "seconds": 1.0000300407409668,
                      "bytes": 9175040,
                      "bits_per_second": 73398115.06623784,
                      "retransmits": 0,
                      "omitted": false,
                      "sender": true
                    }
                  },
                  {
                    "streams": [
                      {
                        "socket": 5,
                        "start": 24.000122,
                        "end": 25.000056,
                        "seconds": 0.9999340176582336,
                        "bytes": 7864320,
                        "bits_per_second": 62918711.52392727,
                        "retransmits": 0,
                        "snd_cwnd": 477840,
                        "snd_wnd": 212992,
                        "rtt": 25014,
                        "rttvar": 2556,
                        "pmtu": 1500,
                        "omitted": false,
                        "sender": true
                      }
                    ],
                    "sum": {
                      "start": 24.000122,
                      "end": 25.000056,
                      "seconds": 0.9999340176582336,
                      "bytes": 7864320,
                      "bits_per_second": 62918711.52392727,
                      "retransmits": 0,
                      "omitted": false,
                      "sender": true
                    }
                  },
                  {
                    "streams": [
                      {
                        "socket": 5,
                        "start": 25.000056,
                        "end": 26.000074,
                        "seconds": 1.0000180006027222,
                        "bytes": 9175040,
                        "bits_per_second": 73398998.77378286,
                        "retransmits": 0,
                        "snd_cwnd": 495216,
                        "snd_wnd": 212992,
                        "rtt": 21031,
                        "rttvar": 5298,
                        "pmtu": 1500,
                        "omitted": false,
                        "sender": true
                      }
                    ],
                    "sum": {
                      "start": 25.000056,
                      "end": 26.000074,
                      "seconds": 1.0000180006027222,
                      "bytes": 9175040,
                      "bits_per_second": 73398998.77378286,
                      "retransmits": 0,
                      "omitted": false,
                      "sender": true
                    }
                  },
                  {
                    "streams": [
                      {
                        "socket": 5,
                        "start": 26.000074,
                        "end": 27.000121,
                        "seconds": 1.000046968460083,
                        "bytes": 9175040,
                        "bits_per_second": 73396872.66191617,
                        "retransmits": 0,
                        "snd_cwnd": 472048,
                        "snd_wnd": 212992,
                        "rtt": 13449,
                        "rttvar": 1039,
                        "pmtu": 1500,
                        "omitted": false,
                        "sender": true
                      }
                    ],
                    "sum": {
                      "start": 26.000074,
                      "end": 27.000121,
                      "seconds": 1.000046968460083,
                      "bytes": 9175040,
                      "bits_per_second": 73396872.66191617,
                      "retransmits": 0,
                      "omitted": false,
                      "sender": true
                    }
                  },
                  {
                    "streams": [
                      {
                        "socket": 5,
                        "start": 27.000121,
                        "end": 28.000132,
                        "seconds": 1.0000109672546387,
                        "bytes": 9175040,
                        "bits_per_second": 73399515.00882855,
                        "retransmits": 0,
                        "snd_cwnd": 506800,
                        "snd_wnd": 212992,
                        "rtt": 17243,
                        "rttvar": 3779,
                        "pmtu": 1500,
                        "omitted": false,
                        "sender": true
                      }
                    ],
                    "sum": {
                      "start": 27.000121,
                      "end": 28.000132,
                      "seconds": 1.0000109672546387,
                      "bytes": 9175040,
                      "bits_per_second": 73399515.00882855,
                      "retransmits": 0,
                      "omitted": false,
                      "sender": true
                    }
                  },
                  {
                    "streams": [
                      {
                        "socket": 5,
                        "start": 28.000132,
                        "end": 29.000056,
                        "seconds": 0.9999240040779114,
                        "bytes": 10485760,
                        "bits_per_second": 83892455.48451082,
                        "retransmits": 0,
                        "snd_cwnd": 463360,
                        "snd_wnd": 212992,
                        "rtt": 12937,
                        "rttvar": 277,
                        "pmtu": 1500,
                        "omitted": false,
                        "sender": true
                      }
                    ],
                    "sum": {
                      "start": 28.000132,
                      "end": 29.000056,
                      "seconds": 0.9999240040779114,
                      "bytes": 10485760,
                      "bits_per_second": 83892455.48451082,
                      "retransmits": 0,
                      "omitted": false,
                      "sender": true
                    }
                  },
                  {
                    "streams": [
                      {
                        "socket": 5,
                        "start": 29.000056,
                        "end": 30.000072,
                        "seconds": 1.0000159740448,
                        "bytes": 9175040,
                        "bits_per_second": 73399147.51872927,
                        "retransmits": 0,
                        "snd_cwnd": 393856,
                        "snd_wnd": 212992,
                        "rtt": 13258,
                        "rttvar": 580,
                        "pmtu": 1500,
                        "omitted": false,
                        "sender": true
                      }
                    ],
                    "sum": {
                      "start": 29.000056,
                      "end": 30.000072,
                      "seconds": 1.0000159740448,
                      "bytes": 9175040,
                      "bits_per_second": 73399147.51872927,
                      "retransmits": 0,
                      "omitted": false,
                      "sender": true
                    }
                  }
                ],
                "end": {
                  "streams": [
                    {
                      "sender": {
                        "socket": 5,
                        "start": 0,
                        "end": 30.000072,
                        "seconds": 30.000072,
                        "bytes": 277348352,
                        "bits_per_second": 73959383.03081407,
                        "retransmits": 0,
                        "max_snd_cwnd": 506800,
                        "max_snd_wnd": 212992,
                        "max_rtt": 25014,
                        "min_rtt": 12823,
                        "mean_rtt": 16182,
                        "sender": true
                      },
                      "receiver": {
                        "socket": 5,
                        "start": 0,
                        "end": 30.000072,
                        "seconds": 30.000072,
                        "bytes": 274200520,
                        "bits_per_second": 73119963.17875504,
                        "sender": true
                      }
                    }
                  ],
                  "sum_sent": {
                    "start": 0,
                    "end": 30.000072,
                    "seconds": 30.000072,
                    "bytes": 277348352,
                    "bits_per_second": 73959383.03081407,
                    "retransmits": 0,
                    "sender": true
                  },
                  "sum_received": {
                    "start": 0,
                    "end": 30.000072,
                    "seconds": 30.000072,
                    "bytes": 274200520,
                    "bits_per_second": 73119963.17875504,
                    "sender": true
                  },
                  "cpu_utilization_percent": {
                    "host_total": 0.22360254062582588,
                    "host_user": 0.021957076143091666,
                    "host_system": 0.2016454644827342,
                    "remote_total": 15.074814,
                    "remote_user": 8.029734,
                    "remote_system": 7.04508
                  },
                  "sender_tcp_congestion": "bbr"
                }
              }
            },
            "storage_targets": {
              "timeseries": "samples",
              "neo4j": "parameters + context + test relationship",
              "qdrant": "summary + future notes/log analysis"
            },
            "result_file": "D:\\NetworkAutomation\\results\\iperf\\2026-07-14\\iperf-20260714-142718-488981.json",
            "returncode": 0
          },
          "schema_version": "1.0",
          "timestamp": "2026-07-14T14:27:18+08:00",
          "result_file": null,
          "returncode": 0
        }
      },
      {
        "direction": "upload",
        "result": {
          "success": true,
          "tool": "iperf.run",
          "human_summary": "PASS｜iPerf 測試完成\n\n方向：Upload\nUE Data IP：192.168.3.2\n測試時間：30 秒\n平均速度：17.287 Mbps\n最低速度：11.627 Mbps\n最高速度：21.273 Mbps\n總傳輸量：64.825 MB\nRetransmissions：N/A\nTCP Congestion：BBR\n速度走勢：▆▅▆▆▃▁█▆▅▅▆▇▆▅▄▅▅▆▇█▅▆▆▅▄▃▅▃▃▄\n\n結果：PASS",
          "machine_result": {
            "success": true,
            "schema_version": "2.0",
            "test_id": "iperf-20260714-142750-8626aa",
            "test_type": "iperf3",
            "timestamp_end": "2026-07-14T14:27:50+08:00",
            "parameters": {
              "ue_ip": "192.168.3.2",
              "direction": "upload",
              "duration_sec": 30,
              "port": 5201,
              "parallel_streams": 1,
              "interval_sec": 1,
              "reverse": true
            },
            "precheck": {
              "ue_ping": true,
              "ping_command": "ping -c 1 -W 2 192.168.3.2",
              "iperf_server": {
                "success": true,
                "ready": true,
                "action": "already_listening",
                "initial_check": {
                  "success": true,
                  "reachable": true,
                  "host": "192.168.3.2",
                  "port": 5201,
                  "method": "executor_tcp",
                  "command": "python3 -c 'import socket,sys;s=socket.socket();s.settimeout(3);r=s.connect_ex(('\"'\"'192.168.3.2'\"'\"',5201));s.close();sys.exit(0 if r==0 else 1)'",
                  "stdout": "",
                  "stderr": "",
                  "exit_code": 0
                },
                "message": "iPerf Server 192.168.3.2:5201 �w�b Listen�C"
              }
            },
            "summary": {
              "average_mbps": 17.287,
              "minimum_mbps": 11.627,
              "maximum_mbps": 21.273,
              "total_transfer_mbytes": 64.825,
              "retransmissions": null,
              "packet_loss_percent": null,
              "sample_count": 30
            },
            "samples": [
              {
                "second_start": 0,
                "second_end": 1.000017,
                "throughput_mbps": 18.022,
                "transfer_mbytes": 2.253,
                "retransmissions": null,
                "packet_loss_percent": null,
                "omitted": false
              },
              {
                "second_start": 1.000017,
                "second_end": 2.000023,
                "throughput_mbps": 16.615,
                "transfer_mbytes": 2.077,
                "retransmissions": null,
                "packet_loss_percent": null,
                "omitted": false
              },
              {
                "second_start": 2.000023,
                "second_end": 3.000055,
                "throughput_mbps": 18.578,
                "transfer_mbytes": 2.322,
                "retransmissions": null,
                "packet_loss_percent": null,
                "omitted": false
              },
              {
                "second_start": 3.000055,
                "second_end": 4.000055,
                "throughput_mbps": 17.837,
                "transfer_mbytes": 2.23,
                "retransmissions": null,
                "packet_loss_percent": null,
                "omitted": false
              },
              {
                "second_start": 4.000055,
                "second_end": 5.000023,
                "throughput_mbps": 14.321,
                "transfer_mbytes": 1.79,
                "retransmissions": null,
                "packet_loss_percent": null,
                "omitted": false
              },
              {
                "second_start": 5.000023,
                "second_end": 6.000023,
                "throughput_mbps": 11.627,
                "transfer_mbytes": 1.453,
                "retransmissions": null,
                "packet_loss_percent": null,
                "omitted": false
              },
              {
                "second_start": 6.000023,
                "second_end": 7.000005,
                "throughput_mbps": 21.273,
                "transfer_mbytes": 2.659,
                "retransmissions": null,
                "packet_loss_percent": null,
                "omitted": false
              },
              {
                "second_start": 7.000005,
                "second_end": 8.000054,
                "throughput_mbps": 18.758,
                "transfer_mbytes": 2.345,
                "retransmissions": null,
                "packet_loss_percent": null,
                "omitted": false
              },
              {
                "second_start": 8.000054,
                "second_end": 9.000054,
                "throughput_mbps": 17.629,
                "transfer_mbytes": 2.204,
                "retransmissions": null,
                "packet_loss_percent": null,
                "omitted": false
              },
              {
                "second_start": 9.000054,
                "second_end": 10.000054,
                "throughput_mbps": 17.432,
                "transfer_mbytes": 2.179,
                "retransmissions": null,
                "packet_loss_percent": null,
                "omitted": false
              },
              {
                "second_start": 10.000054,
                "second_end": 11.000054,
                "throughput_mbps": 18.173,
                "transfer_mbytes": 2.272,
                "retransmissions": null,
                "packet_loss_percent": null,
                "omitted": false
              },
              {
                "second_start": 11.000054,
                "second_end": 12.000054,
                "throughput_mbps": 19.784,
                "transfer_mbytes": 2.473,
                "retransmissions": null,
                "packet_loss_percent": null,
                "omitted": false
              },
              {
                "second_start": 12.000054,
                "second_end": 13.000009,
                "throughput_mbps": 18.313,
                "transfer_mbytes": 2.289,
                "retransmissions": null,
                "packet_loss_percent": null,
                "omitted": false
              },
              {
                "second_start": 13.000009,
                "second_end": 14.000023,
                "throughput_mbps": 17.687,
                "transfer_mbytes": 2.211,
                "retransmissions": null,
                "packet_loss_percent": null,
                "omitted": false
              },
              {
                "second_start": 14.000023,
                "second_end": 15.000054,
                "throughput_mbps": 15.3,
                "transfer_mbytes": 1.913,
                "retransmissions": null,
                "packet_loss_percent": null,
                "omitted": false
              },
              {
                "second_start": 15.000054,
                "second_end": 16.000054,
                "throughput_mbps": 16.963,
                "transfer_mbytes": 2.12,
                "retransmissions": null,
                "packet_loss_percent": null,
                "omitted": false
              },
              {
                "second_start": 16.000054,
                "second_end": 17.000007,
                "throughput_mbps": 16.488,
                "transfer_mbytes": 2.061,
                "retransmissions": null,
                "packet_loss_percent": null,
                "omitted": false
              },
              {
                "second_start": 17.000007,
                "second_end": 18.000006,
                "throughput_mbps": 19.083,
                "transfer_mbytes": 2.385,
                "retransmissions": null,
                "packet_loss_percent": null,
                "omitted": false
              },
              {
                "second_start": 18.000006,
                "second_end": 19.000055,
                "throughput_mbps": 19.383,
                "transfer_mbytes": 2.423,
                "retransmissions": null,
                "packet_loss_percent": null,
                "omitted": false
              },
              {
                "second_start": 19.000055,
                "second_end": 20.000054,
                "throughput_mbps": 21.232,
                "transfer_mbytes": 2.654,
                "retransmissions": null,
                "packet_loss_percent": null,
                "omitted": false
              },
              {
                "second_start": 20.000054,
                "second_end": 21.000011,
                "throughput_mbps": 17.195,
                "transfer_mbytes": 2.149,
                "retransmissions": null,
                "packet_loss_percent": null,
                "omitted": false
              },
              {
                "second_start": 21.000011,
                "second_end": 22.000055,
                "throughput_mbps": 18.068,
                "transfer_mbytes": 2.259,
                "retransmissions": null,
                "packet_loss_percent": null,
                "omitted": false
              },
              {
                "second_start": 22.000055,
                "second_end": 23.000055,
                "throughput_mbps": 18.411,
                "transfer_mbytes": 2.301,
                "retransmissions": null,
                "packet_loss_percent": null,
                "omitted": false
              },
              {
                "second_start": 23.000055,
                "second_end": 24.000055,
                "throughput_mbps": 17.345,
                "transfer_mbytes": 2.168,
                "retransmissions": null,
                "packet_loss_percent": null,
                "omitted": false
              },
              {
                "second_start": 24.000055,
                "second_end": 25.000015,
                "throughput_mbps": 16.21,
                "transfer_mbytes": 2.026,
                "retransmissions": null,
                "packet_loss_percent": null,
                "omitted": false
              },
              {
                "second_start": 25.000015,
                "second_end": 26.000004,
                "throughput_mbps": 14.761,
                "transfer_mbytes": 1.845,
                "retransmissions": null,
                "packet_loss_percent": null,
                "omitted": false
              },
              {
                "second_start": 26.000004,
                "second_end": 27.000055,
                "throughput_mbps": 16.985,
                "transfer_mbytes": 2.123,
                "retransmissions": null,
                "packet_loss_percent": null,
                "omitted": false
              },
              {
                "second_start": 27.000055,
                "second_end": 28.000055,
                "throughput_mbps": 14.889,
                "transfer_mbytes": 1.861,
                "retransmissions": null,
                "packet_loss_percent": null,
                "omitted": false
              },
              {
                "second_start": 28.000055,
                "second_end": 29.00006,
                "throughput_mbps": 14.425,
                "transfer_mbytes": 1.803,
                "retransmissions": null,
                "packet_loss_percent": null,
                "omitted": false
              },
              {
                "second_start": 29.00006,
                "second_end": 30.000018,
                "throughput_mbps": 15.81,
                "transfer_mbytes": 1.976,
                "retransmissions": null,
                "packet_loss_percent": null,
                "omitted": false
              }
            ],
            "raw": {
              "command": "iperf3 -c 192.168.3.2 -p 5201 -P 1 -t 30 -i 1 -J -R",
              "stdout": "{\n\t\"start\":\t{\n\t\t\"connected\":\t[{\n\t\t\t\t\"socket\":\t5,\n\t\t\t\t\"local_host\":\t\"192.168.3.1\",\n\t\t\t\t\"local_port\":\t32932,\n\t\t\t\t\"remote_host\":\t\"192.168.3.2\",\n\t\t\t\t\"remote_port\":\t5201\n\t\t\t}],\n\t\t\"version\":\t\"iperf 3.10.1\",\n\t\t\"system_info\":\t\"Linux CBA-20240614 6.2.15-100.fc36.x86_64 #1 SMP PREEMPT_DYNAMIC Thu May 11 16:51:53 UTC 2023 x86_64\",\n\t\t\"timestamp\":\t{\n\t\t\t\"time\":\t\"Tue, 14 Jul 2026 06:19:18 GMT\",\n\t\t\t\"timesecs\":\t1784009958\n\t\t},\n\t\t\"connecting_to\":\t{\n\t\t\t\"host\":\t\"192.168.3.2\",\n\t\t\t\"port\":\t5201\n\t\t},\n\t\t\"cookie\":\t\"rxifg2tynn3b23lenza3zpvszcfcybdf7wcp\",\n\t\t\"tcp_mss_default\":\t1448,\n\t\t\"sock_bufsize\":\t0,\n\t\t\"sndbuf_actual\":\t16384,\n\t\t\"rcvbuf_actual\":\t131072,\n\t\t\"test_start\":\t{\n\t\t\t\"protocol\":\t\"TCP\",\n\t\t\t\"num_streams\":\t1,\n\t\t\t\"blksize\":\t131072,\n\t\t\t\"omit\":\t0,\n\t\t\t\"duration\":\t30,\n\t\t\t\"bytes\":\t0,\n\t\t\t\"blocks\":\t0,\n\t\t\t\"reverse\":\t1,\n\t\t\t\"tos\":\t0\n\t\t}\n\t},\n\t\"intervals\":\t[{\n\t\t\t\"streams\":\t[{\n\t\t\t\t\t\"socket\":\t5,\n\t\t\t\t\t\"start\":\t0,\n\t\t\t\t\t\"end\":\t1.000017,\n\t\t\t\t\t\"seconds\":\t1.0000170469284058,\n\t\t\t\t\t\"bytes\":\t2252840,\n\t\t\t\t\t\"bits_per_second\":\t18022412.773219757,\n\t\t\t\t\t\"omitted\":\tfalse,\n\t\t\t\t\t\"sender\":\tfalse\n\t\t\t\t}],\n\t\t\t\"sum\":\t{\n\t\t\t\t\"start\":\t0,\n\t\t\t\t\"end\":\t1.000017,\n\t\t\t\t\"seconds\":\t1.0000170469284058,\n\t\t\t\t\"bytes\":\t2252840,\n\t\t\t\t\"bits_per_second\":\t18022412.773219757,\n\t\t\t\t\"omitted\":\tfalse,\n\t\t\t\t\"sender\":\tfalse\n\t\t\t}\n\t\t}, {\n\t\t\t\"streams\":\t[{\n\t\t\t\t\t\"socket\":\t5,\n\t\t\t\t\t\"start\":\t1.000017,\n\t\t\t\t\t\"end\":\t2.000023,\n\t\t\t\t\t\"seconds\":\t1.0000059604644775,\n\t\t\t\t\t\"bytes\":\t2076880,\n\t\t\t\t\t\"bits_per_second\":\t16614940.967234569,\n\t\t\t\t\t\"omitted\":\tfalse,\n\t\t\t\t\t\"sender\":\tfalse\n\t\t\t\t}],\n\t\t\t\"sum\":\t{\n\t\t\t\t\"start\":\t1.000017,\n\t\t\t\t\"end\":\t2.000023,\n\t\t\t\t\"seconds\":\t1.0000059604644775,\n\t\t\t\t\"bytes\":\t2076880,\n\t\t\t\t\"bits_per_second\":\t16614940.967234569,\n\t\t\t\t\"omitted\":\tfalse,\n\t\t\t\t\"sender\":\tfalse\n\t\t\t}\n\t\t}, {\n\t\t\t\"streams\":\t[{\n\t\t\t\t\t\"socket\":\t5,\n\t\t\t\t\t\"start\":\t2.000023,\n\t\t\t\t\t\"end\":\t3.000055,\n\t\t\t\t\t\"seconds\":\t1.0000319480895996,\n\t\t\t\t\t\"bytes\":\t2322344,\n\t\t\t\t\t\"bits_per_second\":\t18578158.463328816,\n\t\t\t\t\t\"omitted\":\tfalse,\n\t\t\t\t\t\"sender\":\tfalse\n\t\t\t\t}],\n\t\t\t\"sum\":\t{\n\t\t\t\t\"start\":\t2.000023,\n\t\t\t\t\"end\":\t3.000055,\n\t\t\t\t\"seconds\":\t1.0000319480895996,\n\t\t\t\t\"bytes\":\t2322344,\n\t\t\t\t\"bits_per_second\":\t18578158.463328816,\n\t\t\t\t\"omitted\":\tfalse,\n\t\t\t\t\"sender\":\tfalse\n\t\t\t}\n\t\t}, {\n\t\t\t\"streams\":\t[{\n\t\t\t\t\t\"socket\":\t5,\n\t\t\t\t\t\"start\":\t3.000055,\n\t\t\t\t\t\"end\":\t4.000055,\n\t\t\t\t\t\"seconds\":\t1,\n\t\t\t\t\t\"bytes\":\t2229672,\n\t\t\t\t\t\"bits_per_second\":\t17837376,\n\t\t\t\t\t\"omitted\":\tfalse,\n\t\t\t\t\t\"sender\":\tfalse\n\t\t\t\t}],\n\t\t\t\"sum\":\t{\n\t\t\t\t\"start\":\t3.000055,\n\t\t\t\t\"end\":\t4.000055,\n\t\t\t\t\"seconds\":\t1,\n\t\t\t\t\"bytes\":\t2229672,\n\t\t\t\t\"bits_per_second\":\t17837376,\n\t\t\t\t\"omitted\":\tfalse,\n\t\t\t\t\"sender\":\tfalse\n\t\t\t}\n\t\t}, {\n\t\t\t\"streams\":\t[{\n\t\t\t\t\t\"socket\":\t5,\n\t\t\t\t\t\"start\":\t4.000055,\n\t\t\t\t\t\"end\":\t5.000023,\n\t\t\t\t\t\"seconds\":\t0.99996799230575562,\n\t\t\t\t\t\"bytes\":\t1790120,\n\t\t\t\t\t\"bits_per_second\":\t14321418.395581152,\n\t\t\t\t\t\"omitted\":\tfalse,\n\t\t\t\t\t\"sender\":\tfalse\n\t\t\t\t}],\n\t\t\t\"sum\":\t{\n\t\t\t\t\"start\":\t4.000055,\n\t\t\t\t\"end\":\t5.000023,\n\t\t\t\t\"seconds\":\t0.99996799230575562,\n\t\t\t\t\"bytes\":\t1790120,\n\t\t\t\t\"bits_per_second\":\t14321418.395581152,\n\t\t\t\t\"omitted\":\tfalse,\n\t\t\t\t\"sender\":\tfalse\n\t\t\t}\n\t\t}, {\n\t\t\t\"streams\":\t[{\n\t\t\t\t\t\"socket\":\t5,\n\t\t\t\t\t\"start\":\t5.000023,\n\t\t\t\t\t\"end\":\t6.000023,\n\t\t\t\t\t\"seconds\":\t1,\n\t\t\t\t\t\"bytes\":\t1453376,\n\t\t\t\t\t\"bits_per_second\":\t11627008,\n\t\t\t\t\t\"omitted\":\tfalse,\n\t\t\t\t\t\"sender\":\tfalse\n\t\t\t\t}],\n\t\t\t\"sum\":\t{\n\t\t\t\t\"start\":\t5.000023,\n\t\t\t\t\"end\":\t6.000023,\n\t\t\t\t\"seconds\":\t1,\n\t\t\t\t\"bytes\":\t1453376,\n\t\t\t\t\"bits_per_second\":\t11627008,\n\t\t\t\t\"omitted\":\tfalse,\n\t\t\t\t\"sender\":\tfalse\n\t\t\t}\n\t\t}, {\n\t\t\t\"streams\":\t[{\n\t\t\t\t\t\"socket\":\t5,\n\t\t\t\t\t\"start\":\t6.000023,\n\t\t\t\t\t\"end\":\t7.000005,\n\t\t\t\t\t\"seconds\":\t0.99998199939727783,\n\t\t\t\t\t\"bytes\":\t2659088,\n\t\t\t\t\t\"bits_per_second\":\t21273086.928386472,\n\t\t\t\t\t\"omitted\":\tfalse,\n\t\t\t\t\t\"sender\":\tfalse\n\t\t\t\t}],\n\t\t\t\"sum\":\t{\n\t\t\t\t\"start\":\t6.000023,\n\t\t\t\t\"end\":\t7.000005,\n\t\t\t\t\"seconds\":\t0.99998199939727783,\n\t\t\t\t\"bytes\":\t2659088,\n\t\t\t\t\"bits_per_second\":\t21273086.928386472,\n\t\t\t\t\"omitted\":\tfalse,\n\t\t\t\t\"sender\":\tfalse\n\t\t\t}\n\t\t}, {\n\t\t\t\"streams\":\t[{\n\t\t\t\t\t\"socket\":\t5,\n\t\t\t\t\t\"start\":\t7.000005,\n\t\t\t\t\t\"end\":\t8.000054,\n\t\t\t\t\t\"seconds\":\t1.0000489950180054,\n\t\t\t\t\t\"bytes\":\t2344816,\n\t\t\t\t\t\"bits_per_second\":\t18757608.970610749,\n\t\t\t\t\t\"omitted\":\tfalse,\n\t\t\t\t\t\"sender\":\tfalse\n\t\t\t\t}],\n\t\t\t\"sum\":\t{\n\t\t\t\t\"start\":\t7.000005,\n\t\t\t\t\"end\":\t8.000054,\n\t\t\t\t\"seconds\":\t1.0000489950180054,\n\t\t\t\t\"bytes\":\t2344816,\n\t\t\t\t\"bits_per_second\":\t18757608.970610749,\n\t\t\t\t\"omitted\":\tfalse,\n\t\t\t\t\"sender\":\tfalse\n\t\t\t}\n\t\t}, {\n\t\t\t\"streams\":\t[{\n\t\t\t\t\t\"socket\":\t5,\n\t\t\t\t\t\"start\":\t8.000054,\n\t\t\t\t\t\"end\":\t9.000054,\n\t\t\t\t\t\"seconds\":\t1,\n\t\t\t\t\t\"bytes\":\t2203608,\n\t\t\t\t\t\"bits_per_second\":\t17628864,\n\t\t\t\t\t\"omitted\":\tfalse,\n\t\t\t\t\t\"sender\":\tfalse\n\t\t\t\t}],\n\t\t\t\"sum\":\t{\n\t\t\t\t\"start\":\t8.000054,\n\t\t\t\t\"end\":\t9.000054,\n\t\t\t\t\"seconds\":\t1,\n\t\t\t\t\"bytes\":\t2203608,\n\t\t\t\t\"bits_per_second\":\t17628864,\n\t\t\t\t\"omitted\":\tfalse,\n\t\t\t\t\"sender\":\tfalse\n\t\t\t}\n\t\t}, {\n\t\t\t\"streams\":\t[{\n\t\t\t\t\t\"socket\":\t5,\n\t\t\t\t\t\"start\":\t9.000054,\n\t\t\t\t\t\"end\":\t10.000054,\n\t\t\t\t\t\"seconds\":\t1,\n\t\t\t\t\t\"bytes\":\t2178992,\n\t\t\t\t\t\"bits_per_second\":\t17431936,\n\t\t\t\t\t\"omitted\":\tfalse,\n\t\t\t\t\t\"sender\":\tfalse\n\t\t\t\t}],\n\t\t\t\"sum\":\t{\n\t\t\t\t\"start\":\t9.000054,\n\t\t\t\t\"end\":\t10.000054,\n\t\t\t\t\"seconds\":\t1,\n\t\t\t\t\"bytes\":\t2178992,\n\t\t\t\t\"bits_per_second\":\t17431936,\n\t\t\t\t\"omitted\":\tfalse,\n\t\t\t\t\"sender\":\tfalse\n\t\t\t}\n\t\t}, {\n\t\t\t\"streams\":\t[{\n\t\t\t\t\t\"socket\":\t5,\n\t\t\t\t\t\"start\":\t10.000054,\n\t\t\t\t\t\"end\":\t11.000054,\n\t\t\t\t\t\"seconds\":\t1,\n\t\t\t\t\t\"bytes\":\t2271664,\n\t\t\t\t\t\"bits_per_second\":\t18173312,\n\t\t\t\t\t\"omitted\":\tfalse,\n\t\t\t\t\t\"sender\":\tfalse\n\t\t\t\t}],\n\t\t\t\"sum\":\t{\n\t\t\t\t\"start\":\t10.000054,\n\t\t\t\t\"end\":\t11.000054,\n\t\t\t\t\"seconds\":\t1,\n\t\t\t\t\"bytes\":\t2271664,\n\t\t\t\t\"bits_per_second\":\t18173312,\n\t\t\t\t\"omitted\":\tfalse,\n\t\t\t\t\"sender\":\tfalse\n\t\t\t}\n\t\t}, {\n\t\t\t\"streams\":\t[{\n\t\t\t\t\t\"socket\":\t5,\n\t\t\t\t\t\"start\":\t11.000054,\n\t\t\t\t\t\"end\":\t12.000054,\n\t\t\t\t\t\"seconds\":\t1,\n\t\t\t\t\t\"bytes\":\t2472992,\n\t\t\t\t\t\"bits_per_second\":\t19783936,\n\t\t\t\t\t\"omitted\":\tfalse,\n\t\t\t\t\t\"sender\":\tfalse\n\t\t\t\t}],\n\t\t\t\"sum\":\t{\n\t\t\t\t\"start\":\t11.000054,\n\t\t\t\t\"end\":\t12.000054,\n\t\t\t\t\"seconds\":\t1,\n\t\t\t\t\"bytes\":\t2472992,\n\t\t\t\t\"bits_per_second\":\t19783936,\n\t\t\t\t\"omitted\":\tfalse,\n\t\t\t\t\"sender\":\tfalse\n\t\t\t}\n\t\t}, {\n\t\t\t\"streams\":\t[{\n\t\t\t\t\t\"socket\":\t5,\n\t\t\t\t\t\"start\":\t12.000054,\n\t\t\t\t\t\"end\":\t13.000009,\n\t\t\t\t\t\"seconds\":\t0.99995499849319458,\n\t\t\t\t\t\"bytes\":\t2289040,\n\t\t\t\t\t\"bits_per_second\":\t18313144.1190797,\n\t\t\t\t\t\"omitted\":\tfalse,\n\t\t\t\t\t\"sender\":\tfalse\n\t\t\t\t}],\n\t\t\t\"sum\":\t{\n\t\t\t\t\"start\":\t12.000054,\n\t\t\t\t\"end\":\t13.000009,\n\t\t\t\t\"seconds\":\t0.99995499849319458,\n\t\t\t\t\"bytes\":\t2289040,\n\t\t\t\t\"bits_per_second\":\t18313144.1190797,\n\t\t\t\t\"omitted\":\tfalse,\n\t\t\t\t\"sender\":\tfalse\n\t\t\t}\n\t\t}, {\n\t\t\t\"streams\":\t[{\n\t\t\t\t\t\"socket\":\t5,\n\t\t\t\t\t\"start\":\t13.000009,\n\t\t\t\t\t\"end\":\t14.000023,\n\t\t\t\t\t\"seconds\":\t1.0000139474868774,\n\t\t\t\t\t\"bytes\":\t2210848,\n\t\t\t\t\t\"bits_per_second\":\t17686537.317252859,\n\t\t\t\t\t\"omitted\":\tfalse,\n\t\t\t\t\t\"sender\":\tfalse\n\t\t\t\t}],\n\t\t\t\"sum\":\t{\n\t\t\t\t\"start\":\t13.000009,\n\t\t\t\t\"end\":\t14.000023,\n\t\t\t\t\"seconds\":\t1.0000139474868774,\n\t\t\t\t\"bytes\":\t2210848,\n\t\t\t\t\"bits_per_second\":\t17686537.317252859,\n\t\t\t\t\"omitted\":\tfalse,\n\t\t\t\t\"sender\":\tfalse\n\t\t\t}\n\t\t}, {\n\t\t\t\"streams\":\t[{\n\t\t\t\t\t\"socket\":\t5,\n\t\t\t\t\t\"start\":\t14.000023,\n\t\t\t\t\t\"end\":\t15.000054,\n\t\t\t\t\t\"seconds\":\t1.0000309944152832,\n\t\t\t\t\t\"bytes\":\t1912504,\n\t\t\t\t\t\"bits_per_second\":\t15299557.799151924,\n\t\t\t\t\t\"omitted\":\tfalse,\n\t\t\t\t\t\"sender\":\tfalse\n\t\t\t\t}],\n\t\t\t\"sum\":\t{\n\t\t\t\t\"start\":\t14.000023,\n\t\t\t\t\"end\":\t15.000054,\n\t\t\t\t\"seconds\":\t1.0000309944152832,\n\t\t\t\t\"bytes\":\t1912504,\n\t\t\t\t\"bits_per_second\":\t15299557.799151924,\n\t\t\t\t\"omitted\":\tfalse,\n\t\t\t\t\"sender\":\tfalse\n\t\t\t}\n\t\t}, {\n\t\t\t\"streams\":\t[{\n\t\t\t\t\t\"socket\":\t5,\n\t\t\t\t\t\"start\":\t15.000054,\n\t\t\t\t\t\"end\":\t16.000054,\n\t\t\t\t\t\"seconds\":\t1,\n\t\t\t\t\t\"bytes\":\t2120320,\n\t\t\t\t\t\"bits_per_second\":\t16962560,\n\t\t\t\t\t\"omitted\":\tfalse,\n\t\t\t\t\t\"sender\":\tfalse\n\t\t\t\t}],\n\t\t\t\"sum\":\t{\n\t\t\t\t\"start\":\t15.000054,\n\t\t\t\t\"end\":\t16.000054,\n\t\t\t\t\"seconds\":\t1,\n\t\t\t\t\"bytes\":\t2120320,\n\t\t\t\t\"bits_per_second\":\t16962560,\n\t\t\t\t\"omitted\":\tfalse,\n\t\t\t\t\"sender\":\tfalse\n\t\t\t}\n\t\t}, {\n\t\t\t\"streams\":\t[{\n\t\t\t\t\t\"socket\":\t5,\n\t\t\t\t\t\"start\":\t16.000054,\n\t\t\t\t\t\"end\":\t17.000007,\n\t\t\t\t\t\"seconds\":\t0.99995297193527222,\n\t\t\t\t\t\"bytes\":\t2060952,\n\t\t\t\t\t\"bits_per_second\":\t16488391.417138822,\n\t\t\t\t\t\"omitted\":\tfalse,\n\t\t\t\t\t\"sender\":\tfalse\n\t\t\t\t}],\n\t\t\t\"sum\":\t{\n\t\t\t\t\"start\":\t16.000054,\n\t\t\t\t\"end\":\t17.000007,\n\t\t\t\t\"seconds\":\t0.99995297193527222,\n\t\t\t\t\"bytes\":\t2060952,\n\t\t\t\t\"bits_per_second\":\t16488391.417138822,\n\t\t\t\t\"omitted\":\tfalse,\n\t\t\t\t\"sender\":\tfalse\n\t\t\t}\n\t\t}, {\n\t\t\t\"streams\":\t[{\n\t\t\t\t\t\"socket\":\t5,\n\t\t\t\t\t\"start\":\t17.000007,\n\t\t\t\t\t\"end\":\t18.000006,\n\t\t\t\t\t\"seconds\":\t0.99999898672103882,\n\t\t\t\t\t\"bytes\":\t2385360,\n\t\t\t\t\t\"bits_per_second\":\t19082899.336300414,\n\t\t\t\t\t\"omitted\":\tfalse,\n\t\t\t\t\t\"sender\":\tfalse\n\t\t\t\t}],\n\t\t\t\"sum\":\t{\n\t\t\t\t\"start\":\t17.000007,\n\t\t\t\t\"end\":\t18.000006,\n\t\t\t\t\"seconds\":\t0.99999898672103882,\n\t\t\t\t\"bytes\":\t2385360,\n\t\t\t\t\"bits_per_second\":\t19082899.336300414,\n\t\t\t\t\"omitted\":\tfalse,\n\t\t\t\t\"sender\":\tfalse\n\t\t\t}\n\t\t}, {\n\t\t\t\"streams\":\t[{\n\t\t\t\t\t\"socket\":\t5,\n\t\t\t\t\t\"start\":\t18.000006,\n\t\t\t\t\t\"end\":\t19.000055,\n\t\t\t\t\t\"seconds\":\t1.0000489950180054,\n\t\t\t\t\t\"bytes\":\t2423008,\n\t\t\t\t\t\"bits_per_second\":\t19383114.3239647,\n\t\t\t\t\t\"omitted\":\tfalse,\n\t\t\t\t\t\"sender\":\tfalse\n\t\t\t\t}],\n\t\t\t\"sum\":\t{\n\t\t\t\t\"start\":\t18.000006,\n\t\t\t\t\"end\":\t19.000055,\n\t\t\t\t\"seconds\":\t1.0000489950180054,\n\t\t\t\t\"bytes\":\t2423008,\n\t\t\t\t\"bits_per_second\":\t19383114.3239647,\n\t\t\t\t\"omitted\":\tfalse,\n\t\t\t\t\"sender\":\tfalse\n\t\t\t}\n\t\t}, {\n\t\t\t\"streams\":\t[{\n\t\t\t\t\t\"socket\":\t5,\n\t\t\t\t\t\"start\":\t19.000055,\n\t\t\t\t\t\"end\":\t20.000054,\n\t\t\t\t\t\"seconds\":\t0.99999898672103882,\n\t\t\t\t\t\"bytes\":\t2654048,\n\t\t\t\t\t\"bits_per_second\":\t21232405.5143498,\n\t\t\t\t\t\"omitted\":\tfalse,\n\t\t\t\t\t\"sender\":\tfalse\n\t\t\t\t}],\n\t\t\t\"sum\":\t{\n\t\t\t\t\"start\":\t19.000055,\n\t\t\t\t\"end\":\t20.000054,\n\t\t\t\t\"seconds\":\t0.99999898672103882,\n\t\t\t\t\"bytes\":\t2654048,\n\t\t\t\t\"bits_per_second\":\t21232405.5143498,\n\t\t\t\t\"omitted\":\tfalse,\n\t\t\t\t\"sender\":\tfalse\n\t\t\t}\n\t\t}, {\n\t\t\t\"streams\":\t[{\n\t\t\t\t\t\"socket\":\t5,\n\t\t\t\t\t\"start\":\t20.000054,\n\t\t\t\t\t\"end\":\t21.000011,\n\t\t\t\t\t\"seconds\":\t0.999957025051117,\n\t\t\t\t\t\"bytes\":\t2149280,\n\t\t\t\t\t\"bits_per_second\":\t17194978.953341566,\n\t\t\t\t\t\"omitted\":\tfalse,\n\t\t\t\t\t\"sender\":\tfalse\n\t\t\t\t}],\n\t\t\t\"sum\":\t{\n\t\t\t\t\"start\":\t20.000054,\n\t\t\t\t\"end\":\t21.000011,\n\t\t\t\t\"seconds\":\t0.999957025051117,\n\t\t\t\t\"bytes\":\t2149280,\n\t\t\t\t\"bits_per_second\":\t17194978.953341566,\n\t\t\t\t\"omitted\":\tfalse,\n\t\t\t\t\"sender\":\tfalse\n\t\t\t}\n\t\t}, {\n\t\t\t\"streams\":\t[{\n\t\t\t\t\t\"socket\":\t5,\n\t\t\t\t\t\"start\":\t21.000011,\n\t\t\t\t\t\"end\":\t22.000055,\n\t\t\t\t\t\"seconds\":\t1.0000439882278442,\n\t\t\t\t\t\"bytes\":\t2258632,\n\t\t\t\t\t\"bits_per_second\":\t18068261.209209181,\n\t\t\t\t\t\"omitted\":\tfalse,\n\t\t\t\t\t\"sender\":\tfalse\n\t\t\t\t}],\n\t\t\t\"sum\":\t{\n\t\t\t\t\"start\":\t21.000011,\n\t\t\t\t\"end\":\t22.000055,\n\t\t\t\t\"seconds\":\t1.0000439882278442,\n\t\t\t\t\"bytes\":\t2258632,\n\t\t\t\t\"bits_per_second\":\t18068261.209209181,\n\t\t\t\t\"omitted\":\tfalse,\n\t\t\t\t\"sender\":\tfalse\n\t\t\t}\n\t\t}, {\n\t\t\t\"streams\":\t[{\n\t\t\t\t\t\"socket\":\t5,\n\t\t\t\t\t\"start\":\t22.000055,\n\t\t\t\t\t\"end\":\t23.000055,\n\t\t\t\t\t\"seconds\":\t1,\n\t\t\t\t\t\"bytes\":\t2301376,\n\t\t\t\t\t\"bits_per_second\":\t18411008,\n\t\t\t\t\t\"omitted\":\tfalse,\n\t\t\t\t\t\"sender\":\tfalse\n\t\t\t\t}],\n\t\t\t\"sum\":\t{\n\t\t\t\t\"start\":\t22.000055,\n\t\t\t\t\"end\":\t23.000055,\n\t\t\t\t\"seconds\":\t1,\n\t\t\t\t\"bytes\":\t2301376,\n\t\t\t\t\"bits_per_second\":\t18411008,\n\t\t\t\t\"omitted\":\tfalse,\n\t\t\t\t\"sender\":\tfalse\n\t\t\t}\n\t\t}, {\n\t\t\t\"streams\":\t[{\n\t\t\t\t\t\"socket\":\t5,\n\t\t\t\t\t\"start\":\t23.000055,\n\t\t\t\t\t\"end\":\t24.000055,\n\t\t\t\t\t\"seconds\":\t1,\n\t\t\t\t\t\"bytes\":\t2168104,\n\t\t\t\t\t\"bits_per_second\":\t17344832,\n\t\t\t\t\t\"omitted\":\tfalse,\n\t\t\t\t\t\"sender\":\tfalse\n\t\t\t\t}],\n\t\t\t\"sum\":\t{\n\t\t\t\t\"start\":\t23.000055,\n\t\t\t\t\"end\":\t24.000055,\n\t\t\t\t\"seconds\":\t1,\n\t\t\t\t\"bytes\":\t2168104,\n\t\t\t\t\"bits_per_second\":\t17344832,\n\t\t\t\t\"omitted\":\tfalse,\n\t\t\t\t\"sender\":\tfalse\n\t\t\t}\n\t\t}, {\n\t\t\t\"streams\":\t[{\n\t\t\t\t\t\"socket\":\t5,\n\t\t\t\t\t\"start\":\t24.000055,\n\t\t\t\t\t\"end\":\t25.000015,\n\t\t\t\t\t\"seconds\":\t0.99996000528335571,\n\t\t\t\t\t\"bytes\":\t2026200,\n\t\t\t\t\t\"bits_per_second\":\t16210248.324288463,\n\t\t\t\t\t\"omitted\":\tfalse,\n\t\t\t\t\t\"sender\":\tfalse\n\t\t\t\t}],\n\t\t\t\"sum\":\t{\n\t\t\t\t\"start\":\t24.000055,\n\t\t\t\t\"end\":\t25.000015,\n\t\t\t\t\"seconds\":\t0.99996000528335571,\n\t\t\t\t\"bytes\":\t2026200,\n\t\t\t\t\"bits_per_second\":\t16210248.324288463,\n\t\t\t\t\"omitted\":\tfalse,\n\t\t\t\t\"sender\":\tfalse\n\t\t\t}\n\t\t}, {\n\t\t\t\"streams\":\t[{\n\t\t\t\t\t\"socket\":\t5,\n\t\t\t\t\t\"start\":\t25.000015,\n\t\t\t\t\t\"end\":\t26.000004,\n\t\t\t\t\t\"seconds\":\t0.99998897314071655,\n\t\t\t\t\t\"bytes\":\t1845144,\n\t\t\t\t\t\"bits_per_second\":\t14761314.770940818,\n\t\t\t\t\t\"omitted\":\tfalse,\n\t\t\t\t\t\"sender\":\tfalse\n\t\t\t\t}],\n\t\t\t\"sum\":\t{\n\t\t\t\t\"start\":\t25.000015,\n\t\t\t\t\"end\":\t26.000004,\n\t\t\t\t\"seconds\":\t0.99998897314071655,\n\t\t\t\t\"bytes\":\t1845144,\n\t\t\t\t\"bits_per_second\":\t14761314.770940818,\n\t\t\t\t\"omitted\":\tfalse,\n\t\t\t\t\"sender\":\tfalse\n\t\t\t}\n\t\t}, {\n\t\t\t\"streams\":\t[{\n\t\t\t\t\t\"socket\":\t5,\n\t\t\t\t\t\"start\":\t26.000004,\n\t\t\t\t\t\"end\":\t27.000055,\n\t\t\t\t\t\"seconds\":\t1.0000510215759277,\n\t\t\t\t\t\"bytes\":\t2123216,\n\t\t\t\t\t\"bits_per_second\":\t16984861.405604172,\n\t\t\t\t\t\"omitted\":\tfalse,\n\t\t\t\t\t\"sender\":\tfalse\n\t\t\t\t}],\n\t\t\t\"sum\":\t{\n\t\t\t\t\"start\":\t26.000004,\n\t\t\t\t\"end\":\t27.000055,\n\t\t\t\t\"seconds\":\t1.0000510215759277,\n\t\t\t\t\"bytes\":\t2123216,\n\t\t\t\t\"bits_per_second\":\t16984861.405604172,\n\t\t\t\t\"omitted\":\tfalse,\n\t\t\t\t\"sender\":\tfalse\n\t\t\t}\n\t\t}, {\n\t\t\t\"streams\":\t[{\n\t\t\t\t\t\"socket\":\t5,\n\t\t\t\t\t\"start\":\t27.000055,\n\t\t\t\t\t\"end\":\t28.000055,\n\t\t\t\t\t\"seconds\":\t1,\n\t\t\t\t\t\"bytes\":\t1861072,\n\t\t\t\t\t\"bits_per_second\":\t14888576,\n\t\t\t\t\t\"omitted\":\tfalse,\n\t\t\t\t\t\"sender\":\tfalse\n\t\t\t\t}],\n\t\t\t\"sum\":\t{\n\t\t\t\t\"start\":\t27.000055,\n\t\t\t\t\"end\":\t28.000055,\n\t\t\t\t\"seconds\":\t1,\n\t\t\t\t\"bytes\":\t1861072,\n\t\t\t\t\"bits_per_second\":\t14888576,\n\t\t\t\t\"omitted\":\tfalse,\n\t\t\t\t\"sender\":\tfalse\n\t\t\t}\n\t\t}, {\n\t\t\t\"streams\":\t[{\n\t\t\t\t\t\"socket\":\t5,\n\t\t\t\t\t\"start\":\t28.000055,\n\t\t\t\t\t\"end\":\t29.00006,\n\t\t\t\t\t\"seconds\":\t1.0000050067901611,\n\t\t\t\t\t\"bytes\":\t1803152,\n\t\t\t\t\t\"bits_per_second\":\t14425143.776332067,\n\t\t\t\t\t\"omitted\":\tfalse,\n\t\t\t\t\t\"sender\":\tfalse\n\t\t\t\t}],\n\t\t\t\"sum\":\t{\n\t\t\t\t\"start\":\t28.000055,\n\t\t\t\t\"end\":\t29.00006,\n\t\t\t\t\"seconds\":\t1.0000050067901611,\n\t\t\t\t\"bytes\":\t1803152,\n\t\t\t\t\"bits_per_second\":\t14425143.776332067,\n\t\t\t\t\"omitted\":\tfalse,\n\t\t\t\t\"sender\":\tfalse\n\t\t\t}\n\t\t}, {\n\t\t\t\"streams\":\t[{\n\t\t\t\t\t\"socket\":\t5,\n\t\t\t\t\t\"start\":\t29.00006,\n\t\t\t\t\t\"end\":\t30.000018,\n\t\t\t\t\t\"seconds\":\t0.99995797872543335,\n\t\t\t\t\t\"bytes\":\t1976216,\n\t\t\t\t\t\"bits_per_second\":\t15810392.372838905,\n\t\t\t\t\t\"omitted\":\tfalse,\n\t\t\t\t\t\"sender\":\tfalse\n\t\t\t\t}],\n\t\t\t\"sum\":\t{\n\t\t\t\t\"start\":\t29.00006,\n\t\t\t\t\"end\":\t30.000018,\n\t\t\t\t\"seconds\":\t0.99995797872543335,\n\t\t\t\t\"bytes\":\t1976216,\n\t\t\t\t\"bits_per_second\":\t15810392.372838905,\n\t\t\t\t\"omitted\":\tfalse,\n\t\t\t\t\"sender\":\tfalse\n\t\t\t}\n\t\t}],\n\t\"end\":\t{\n\t\t\"streams\":\t[{\n\t\t\t\t\"sender\":\t{\n\t\t\t\t\t\"socket\":\t5,\n\t\t\t\t\t\"start\":\t0,\n\t\t\t\t\t\"end\":\t30.000018,\n\t\t\t\t\t\"seconds\":\t30.000018,\n\t\t\t\t\t\"bytes\":\t65011712,\n\t\t\t\t\t\"bits_per_second\":\t17336446.131465655,\n\t\t\t\t\t\"sender\":\tfalse\n\t\t\t\t},\n\t\t\t\t\"receiver\":\t{\n\t\t\t\t\t\"socket\":\t5,\n\t\t\t\t\t\"start\":\t0,\n\t\t\t\t\t\"end\":\t30.000018,\n\t\t\t\t\t\"seconds\":\t30.000018,\n\t\t\t\t\t\"bytes\":\t64824864,\n\t\t\t\t\t\"bits_per_second\":\t17286620.028027982,\n\t\t\t\t\t\"sender\":\tfalse\n\t\t\t\t}\n\t\t\t}],\n\t\t\"sum_sent\":\t{\n\t\t\t\"start\":\t0,\n\t\t\t\"end\":\t30.000018,\n\t\t\t\"seconds\":\t30.000018,\n\t\t\t\"bytes\":\t65011712,\n\t\t\t\"bits_per_second\":\t17336446.131465655,\n\t\t\t\"sender\":\tfalse\n\t\t},\n\t\t\"sum_received\":\t{\n\t\t\t\"start\":\t0,\n\t\t\t\"end\":\t30.000018,\n\t\t\t\"seconds\":\t30.000018,\n\t\t\t\"bytes\":\t64824864,\n\t\t\t\"bits_per_second\":\t17286620.028027982,\n\t\t\t\"sender\":\tfalse\n\t\t},\n\t\t\"cpu_utilization_percent\":\t{\n\t\t\t\"host_total\":\t0.45449398086890086,\n\t\t\t\"host_user\":\t0.0989530441530803,\n\t\t\t\"host_system\":\t0.35554426052234883,\n\t\t\t\"remote_total\":\t0.931716,\n\t\t\t\"remote_user\":\t0.102787,\n\t\t\t\"remote_system\":\t0.828929\n\t\t},\n\t\t\"receiver_tcp_congestion\":\t\"bbr\"\n\t}\n}\n",
              "stderr": "",
              "exit_code": 0,
              "iperf_json": {
                "start": {
                  "connected": [
                    {
                      "socket": 5,
                      "local_host": "192.168.3.1",
                      "local_port": 32932,
                      "remote_host": "192.168.3.2",
                      "remote_port": 5201
                    }
                  ],
                  "version": "iperf 3.10.1",
                  "system_info": "Linux CBA-20240614 6.2.15-100.fc36.x86_64 #1 SMP PREEMPT_DYNAMIC Thu May 11 16:51:53 UTC 2023 x86_64",
                  "timestamp": {
                    "time": "Tue, 14 Jul 2026 06:19:18 GMT",
                    "timesecs": 1784009958
                  },
                  "connecting_to": {
                    "host": "192.168.3.2",
                    "port": 5201
                  },
                  "cookie": "rxifg2tynn3b23lenza3zpvszcfcybdf7wcp",
                  "tcp_mss_default": 1448,
                  "sock_bufsize": 0,
                  "sndbuf_actual": 16384,
                  "rcvbuf_actual": 131072,
                  "test_start": {
                    "protocol": "TCP",
                    "num_streams": 1,
                    "blksize": 131072,
                    "omit": 0,
                    "duration": 30,
                    "bytes": 0,
                    "blocks": 0,
                    "reverse": 1,
                    "tos": 0
                  }
                },
                "intervals": [
                  {
                    "streams": [
                      {
                        "socket": 5,
                        "start": 0,
                        "end": 1.000017,
                        "seconds": 1.0000170469284058,
                        "bytes": 2252840,
                        "bits_per_second": 18022412.773219757,
                        "omitted": false,
                        "sender": false
                      }
                    ],
                    "sum": {
                      "start": 0,
                      "end": 1.000017,
                      "seconds": 1.0000170469284058,
                      "bytes": 2252840,
                      "bits_per_second": 18022412.773219757,
                      "omitted": false,
                      "sender": false
                    }
                  },
                  {
                    "streams": [
                      {
                        "socket": 5,
                        "start": 1.000017,
                        "end": 2.000023,
                        "seconds": 1.0000059604644775,
                        "bytes": 2076880,
                        "bits_per_second": 16614940.967234569,
                        "omitted": false,
                        "sender": false
                      }
                    ],
                    "sum": {
                      "start": 1.000017,
                      "end": 2.000023,
                      "seconds": 1.0000059604644775,
                      "bytes": 2076880,
                      "bits_per_second": 16614940.967234569,
                      "omitted": false,
                      "sender": false
                    }
                  },
                  {
                    "streams": [
                      {
                        "socket": 5,
                        "start": 2.000023,
                        "end": 3.000055,
                        "seconds": 1.0000319480895996,
                        "bytes": 2322344,
                        "bits_per_second": 18578158.463328816,
                        "omitted": false,
                        "sender": false
                      }
                    ],
                    "sum": {
                      "start": 2.000023,
                      "end": 3.000055,
                      "seconds": 1.0000319480895996,
                      "bytes": 2322344,
                      "bits_per_second": 18578158.463328816,
                      "omitted": false,
                      "sender": false
                    }
                  },
                  {
                    "streams": [
                      {
                        "socket": 5,
                        "start": 3.000055,
                        "end": 4.000055,
                        "seconds": 1,
                        "bytes": 2229672,
                        "bits_per_second": 17837376,
                        "omitted": false,
                        "sender": false
                      }
                    ],
                    "sum": {
                      "start": 3.000055,
                      "end": 4.000055,
                      "seconds": 1,
                      "bytes": 2229672,
                      "bits_per_second": 17837376,
                      "omitted": false,
                      "sender": false
                    }
                  },
                  {
                    "streams": [
                      {
                        "socket": 5,
                        "start": 4.000055,
                        "end": 5.000023,
                        "seconds": 0.9999679923057556,
                        "bytes": 1790120,
                        "bits_per_second": 14321418.395581152,
                        "omitted": false,
                        "sender": false
                      }
                    ],
                    "sum": {
                      "start": 4.000055,
                      "end": 5.000023,
                      "seconds": 0.9999679923057556,
                      "bytes": 1790120,
                      "bits_per_second": 14321418.395581152,
                      "omitted": false,
                      "sender": false
                    }
                  },
                  {
                    "streams": [
                      {
                        "socket": 5,
                        "start": 5.000023,
                        "end": 6.000023,
                        "seconds": 1,
                        "bytes": 1453376,
                        "bits_per_second": 11627008,
                        "omitted": false,
                        "sender": false
                      }
                    ],
                    "sum": {
                      "start": 5.000023,
                      "end": 6.000023,
                      "seconds": 1,
                      "bytes": 1453376,
                      "bits_per_second": 11627008,
                      "omitted": false,
                      "sender": false
                    }
                  },
                  {
                    "streams": [
                      {
                        "socket": 5,
                        "start": 6.000023,
                        "end": 7.000005,
                        "seconds": 0.9999819993972778,
                        "bytes": 2659088,
                        "bits_per_second": 21273086.928386472,
                        "omitted": false,
                        "sender": false
                      }
                    ],
                    "sum": {
                      "start": 6.000023,
                      "end": 7.000005,
                      "seconds": 0.9999819993972778,
                      "bytes": 2659088,
                      "bits_per_second": 21273086.928386472,
                      "omitted": false,
                      "sender": false
                    }
                  },
                  {
                    "streams": [
                      {
                        "socket": 5,
                        "start": 7.000005,
                        "end": 8.000054,
                        "seconds": 1.0000489950180054,
                        "bytes": 2344816,
                        "bits_per_second": 18757608.97061075,
                        "omitted": false,
                        "sender": false
                      }
                    ],
                    "sum": {
                      "start": 7.000005,
                      "end": 8.000054,
                      "seconds": 1.0000489950180054,
                      "bytes": 2344816,
                      "bits_per_second": 18757608.97061075,
                      "omitted": false,
                      "sender": false
                    }
                  },
                  {
                    "streams": [
                      {
                        "socket": 5,
                        "start": 8.000054,
                        "end": 9.000054,
                        "seconds": 1,
                        "bytes": 2203608,
                        "bits_per_second": 17628864,
                        "omitted": false,
                        "sender": false
                      }
                    ],
                    "sum": {
                      "start": 8.000054,
                      "end": 9.000054,
                      "seconds": 1,
                      "bytes": 2203608,
                      "bits_per_second": 17628864,
                      "omitted": false,
                      "sender": false
                    }
                  },
                  {
                    "streams": [
                      {
                        "socket": 5,
                        "start": 9.000054,
                        "end": 10.000054,
                        "seconds": 1,
                        "bytes": 2178992,
                        "bits_per_second": 17431936,
                        "omitted": false,
                        "sender": false
                      }
                    ],
                    "sum": {
                      "start": 9.000054,
                      "end": 10.000054,
                      "seconds": 1,
                      "bytes": 2178992,
                      "bits_per_second": 17431936,
                      "omitted": false,
                      "sender": false
                    }
                  },
                  {
                    "streams": [
                      {
                        "socket": 5,
                        "start": 10.000054,
                        "end": 11.000054,
                        "seconds": 1,
                        "bytes": 2271664,
                        "bits_per_second": 18173312,
                        "omitted": false,
                        "sender": false
                      }
                    ],
                    "sum": {
                      "start": 10.000054,
                      "end": 11.000054,
                      "seconds": 1,
                      "bytes": 2271664,
                      "bits_per_second": 18173312,
                      "omitted": false,
                      "sender": false
                    }
                  },
                  {
                    "streams": [
                      {
                        "socket": 5,
                        "start": 11.000054,
                        "end": 12.000054,
                        "seconds": 1,
                        "bytes": 2472992,
                        "bits_per_second": 19783936,
                        "omitted": false,
                        "sender": false
                      }
                    ],
                    "sum": {
                      "start": 11.000054,
                      "end": 12.000054,
                      "seconds": 1,
                      "bytes": 2472992,
                      "bits_per_second": 19783936,
                      "omitted": false,
                      "sender": false
                    }
                  },
                  {
                    "streams": [
                      {
                        "socket": 5,
                        "start": 12.000054,
                        "end": 13.000009,
                        "seconds": 0.9999549984931946,
                        "bytes": 2289040,
                        "bits_per_second": 18313144.1190797,
                        "omitted": false,
                        "sender": false
                      }
                    ],
                    "sum": {
                      "start": 12.000054,
                      "end": 13.000009,
                      "seconds": 0.9999549984931946,
                      "bytes": 2289040,
                      "bits_per_second": 18313144.1190797,
                      "omitted": false,
                      "sender": false
                    }
                  },
                  {
                    "streams": [
                      {
                        "socket": 5,
                        "start": 13.000009,
                        "end": 14.000023,
                        "seconds": 1.0000139474868774,
                        "bytes": 2210848,
                        "bits_per_second": 17686537.31725286,
                        "omitted": false,
                        "sender": false
                      }
                    ],
                    "sum": {
                      "start": 13.000009,
                      "end": 14.000023,
                      "seconds": 1.0000139474868774,
                      "bytes": 2210848,
                      "bits_per_second": 17686537.31725286,
                      "omitted": false,
                      "sender": false
                    }
                  },
                  {
                    "streams": [
                      {
                        "socket": 5,
                        "start": 14.000023,
                        "end": 15.000054,
                        "seconds": 1.0000309944152832,
                        "bytes": 1912504,
                        "bits_per_second": 15299557.799151924,
                        "omitted": false,
                        "sender": false
                      }
                    ],
                    "sum": {
                      "start": 14.000023,
                      "end": 15.000054,
                      "seconds": 1.0000309944152832,
                      "bytes": 1912504,
                      "bits_per_second": 15299557.799151924,
                      "omitted": false,
                      "sender": false
                    }
                  },
                  {
                    "streams": [
                      {
                        "socket": 5,
                        "start": 15.000054,
                        "end": 16.000054,
                        "seconds": 1,
                        "bytes": 2120320,
                        "bits_per_second": 16962560,
                        "omitted": false,
                        "sender": false
                      }
                    ],
                    "sum": {
                      "start": 15.000054,
                      "end": 16.000054,
                      "seconds": 1,
                      "bytes": 2120320,
                      "bits_per_second": 16962560,
                      "omitted": false,
                      "sender": false
                    }
                  },
                  {
                    "streams": [
                      {
                        "socket": 5,
                        "start": 16.000054,
                        "end": 17.000007,
                        "seconds": 0.9999529719352722,
                        "bytes": 2060952,
                        "bits_per_second": 16488391.417138822,
                        "omitted": false,
                        "sender": false
                      }
                    ],
                    "sum": {
                      "start": 16.000054,
                      "end": 17.000007,
                      "seconds": 0.9999529719352722,
                      "bytes": 2060952,
                      "bits_per_second": 16488391.417138822,
                      "omitted": false,
                      "sender": false
                    }
                  },
                  {
                    "streams": [
                      {
                        "socket": 5,
                        "start": 17.000007,
                        "end": 18.000006,
                        "seconds": 0.9999989867210388,
                        "bytes": 2385360,
                        "bits_per_second": 19082899.336300414,
                        "omitted": false,
                        "sender": false
                      }
                    ],
                    "sum": {
                      "start": 17.000007,
                      "end": 18.000006,
                      "seconds": 0.9999989867210388,
                      "bytes": 2385360,
                      "bits_per_second": 19082899.336300414,
                      "omitted": false,
                      "sender": false
                    }
                  },
                  {
                    "streams": [
                      {
                        "socket": 5,
                        "start": 18.000006,
                        "end": 19.000055,
                        "seconds": 1.0000489950180054,
                        "bytes": 2423008,
                        "bits_per_second": 19383114.3239647,
                        "omitted": false,
                        "sender": false
                      }
                    ],
                    "sum": {
                      "start": 18.000006,
                      "end": 19.000055,
                      "seconds": 1.0000489950180054,
                      "bytes": 2423008,
                      "bits_per_second": 19383114.3239647,
                      "omitted": false,
                      "sender": false
                    }
                  },
                  {
                    "streams": [
                      {
                        "socket": 5,
                        "start": 19.000055,
                        "end": 20.000054,
                        "seconds": 0.9999989867210388,
                        "bytes": 2654048,
                        "bits_per_second": 21232405.5143498,
                        "omitted": false,
                        "sender": false
                      }
                    ],
                    "sum": {
                      "start": 19.000055,
                      "end": 20.000054,
                      "seconds": 0.9999989867210388,
                      "bytes": 2654048,
                      "bits_per_second": 21232405.5143498,
                      "omitted": false,
                      "sender": false
                    }
                  },
                  {
                    "streams": [
                      {
                        "socket": 5,
                        "start": 20.000054,
                        "end": 21.000011,
                        "seconds": 0.999957025051117,
                        "bytes": 2149280,
                        "bits_per_second": 17194978.953341566,
                        "omitted": false,
                        "sender": false
                      }
                    ],
                    "sum": {
                      "start": 20.000054,
                      "end": 21.000011,
                      "seconds": 0.999957025051117,
                      "bytes": 2149280,
                      "bits_per_second": 17194978.953341566,
                      "omitted": false,
                      "sender": false
                    }
                  },
                  {
                    "streams": [
                      {
                        "socket": 5,
                        "start": 21.000011,
                        "end": 22.000055,
                        "seconds": 1.0000439882278442,
                        "bytes": 2258632,
                        "bits_per_second": 18068261.20920918,
                        "omitted": false,
                        "sender": false
                      }
                    ],
                    "sum": {
                      "start": 21.000011,
                      "end": 22.000055,
                      "seconds": 1.0000439882278442,
                      "bytes": 2258632,
                      "bits_per_second": 18068261.20920918,
                      "omitted": false,
                      "sender": false
                    }
                  },
                  {
                    "streams": [
                      {
                        "socket": 5,
                        "start": 22.000055,
                        "end": 23.000055,
                        "seconds": 1,
                        "bytes": 2301376,
                        "bits_per_second": 18411008,
                        "omitted": false,
                        "sender": false
                      }
                    ],
                    "sum": {
                      "start": 22.000055,
                      "end": 23.000055,
                      "seconds": 1,
                      "bytes": 2301376,
                      "bits_per_second": 18411008,
                      "omitted": false,
                      "sender": false
                    }
                  },
                  {
                    "streams": [
                      {
                        "socket": 5,
                        "start": 23.000055,
                        "end": 24.000055,
                        "seconds": 1,
                        "bytes": 2168104,
                        "bits_per_second": 17344832,
                        "omitted": false,
                        "sender": false
                      }
                    ],
                    "sum": {
                      "start": 23.000055,
                      "end": 24.000055,
                      "seconds": 1,
                      "bytes": 2168104,
                      "bits_per_second": 17344832,
                      "omitted": false,
                      "sender": false
                    }
                  },
                  {
                    "streams": [
                      {
                        "socket": 5,
                        "start": 24.000055,
                        "end": 25.000015,
                        "seconds": 0.9999600052833557,
                        "bytes": 2026200,
                        "bits_per_second": 16210248.324288463,
                        "omitted": false,
                        "sender": false
                      }
                    ],
                    "sum": {
                      "start": 24.000055,
                      "end": 25.000015,
                      "seconds": 0.9999600052833557,
                      "bytes": 2026200,
                      "bits_per_second": 16210248.324288463,
                      "omitted": false,
                      "sender": false
                    }
                  },
                  {
                    "streams": [
                      {
                        "socket": 5,
                        "start": 25.000015,
                        "end": 26.000004,
                        "seconds": 0.9999889731407166,
                        "bytes": 1845144,
                        "bits_per_second": 14761314.770940818,
                        "omitted": false,
                        "sender": false
                      }
                    ],
                    "sum": {
                      "start": 25.000015,
                      "end": 26.000004,
                      "seconds": 0.9999889731407166,
                      "bytes": 1845144,
                      "bits_per_second": 14761314.770940818,
                      "omitted": false,
                      "sender": false
                    }
                  },
                  {
                    "streams": [
                      {
                        "socket": 5,
                        "start": 26.000004,
                        "end": 27.000055,
                        "seconds": 1.0000510215759277,
                        "bytes": 2123216,
                        "bits_per_second": 16984861.405604172,
                        "omitted": false,
                        "sender": false
                      }
                    ],
                    "sum": {
                      "start": 26.000004,
                      "end": 27.000055,
                      "seconds": 1.0000510215759277,
                      "bytes": 2123216,
                      "bits_per_second": 16984861.405604172,
                      "omitted": false,
                      "sender": false
                    }
                  },
                  {
                    "streams": [
                      {
                        "socket": 5,
                        "start": 27.000055,
                        "end": 28.000055,
                        "seconds": 1,
                        "bytes": 1861072,
                        "bits_per_second": 14888576,
                        "omitted": false,
                        "sender": false
                      }
                    ],
                    "sum": {
                      "start": 27.000055,
                      "end": 28.000055,
                      "seconds": 1,
                      "bytes": 1861072,
                      "bits_per_second": 14888576,
                      "omitted": false,
                      "sender": false
                    }
                  },
                  {
                    "streams": [
                      {
                        "socket": 5,
                        "start": 28.000055,
                        "end": 29.00006,
                        "seconds": 1.0000050067901611,
                        "bytes": 1803152,
                        "bits_per_second": 14425143.776332067,
                        "omitted": false,
                        "sender": false
                      }
                    ],
                    "sum": {
                      "start": 28.000055,
                      "end": 29.00006,
                      "seconds": 1.0000050067901611,
                      "bytes": 1803152,
                      "bits_per_second": 14425143.776332067,
                      "omitted": false,
                      "sender": false
                    }
                  },
                  {
                    "streams": [
                      {
                        "socket": 5,
                        "start": 29.00006,
                        "end": 30.000018,
                        "seconds": 0.9999579787254333,
                        "bytes": 1976216,
                        "bits_per_second": 15810392.372838905,
                        "omitted": false,
                        "sender": false
                      }
                    ],
                    "sum": {
                      "start": 29.00006,
                      "end": 30.000018,
                      "seconds": 0.9999579787254333,
                      "bytes": 1976216,
                      "bits_per_second": 15810392.372838905,
                      "omitted": false,
                      "sender": false
                    }
                  }
                ],
                "end": {
                  "streams": [
                    {
                      "sender": {
                        "socket": 5,
                        "start": 0,
                        "end": 30.000018,
                        "seconds": 30.000018,
                        "bytes": 65011712,
                        "bits_per_second": 17336446.131465655,
                        "sender": false
                      },
                      "receiver": {
                        "socket": 5,
                        "start": 0,
                        "end": 30.000018,
                        "seconds": 30.000018,
                        "bytes": 64824864,
                        "bits_per_second": 17286620.02802798,
                        "sender": false
                      }
                    }
                  ],
                  "sum_sent": {
                    "start": 0,
                    "end": 30.000018,
                    "seconds": 30.000018,
                    "bytes": 65011712,
                    "bits_per_second": 17336446.131465655,
                    "sender": false
                  },
                  "sum_received": {
                    "start": 0,
                    "end": 30.000018,
                    "seconds": 30.000018,
                    "bytes": 64824864,
                    "bits_per_second": 17286620.02802798,
                    "sender": false
                  },
                  "cpu_utilization_percent": {
                    "host_total": 0.45449398086890086,
                    "host_user": 0.0989530441530803,
                    "host_system": 0.35554426052234883,
                    "remote_total": 0.931716,
                    "remote_user": 0.102787,
                    "remote_system": 0.828929
                  },
                  "receiver_tcp_congestion": "bbr"
                }
              }
            },
            "storage_targets": {
              "timeseries": "samples",
              "neo4j": "parameters + context + test relationship",
              "qdrant": "summary + future notes/log analysis"
            },
            "result_file": "D:\\NetworkAutomation\\results\\iperf\\2026-07-14\\iperf-20260714-142750-8626aa.json",
            "returncode": 0
          },
          "schema_version": "1.0",
          "timestamp": "2026-07-14T14:27:50+08:00",
          "result_file": null,
          "returncode": 0
        }
      }
    ],
    "message": "Band 切換、PHY 連線確認與 iPerf 測試均完成。"
  },
  "schema_version": "1.0",
  "timestamp": "2026-07-14T14:27:50+08:00",
  "result_file": null
}
