{
  "success": true,
  "tool": "workflow.band_iperf",
  "human_summary": "PASS｜Band + iPerf 自動流程完成\n\n【Band / Connection】\nBand：B5\n頻寬：10.0 MHz\nUE 連線：已連線\n判定依據：phy_rate\nUE Data IP：192.168.3.2\nIP 來源：apn:internet\nPHY DL：61.947 Mbps\nPHY UL：7.865 Mbps\n\n【iPerf Upload】\n方向：Upload\nUE Data IP：192.168.3.2\n測試時間：30 秒\n平均速度：7.562 Mbps\n最低速度：7.433 Mbps\n最高速度：7.775 Mbps\n總傳輸量：28.358 MB\nRetransmissions：N/A\nTCP Congestion：BBR\n速度走勢：█▁▁▅▂▄▂▄▃▅▄▇▄▂▂▃▆▂▄▄▁▂▂▅▆▅▆▃▄▂\n\n【Timing】\nLTE Service 穩定：2.1 秒\nUE/PHY/Data IP：47.0 秒\n\n結果：PASS",
  "machine_result": {
    "success": true,
    "workflow": "band_then_iperf",
    "stage": "completed",
    "ue_ip": "192.168.3.2",
    "ue_ip_source": "apn:internet",
    "ip_wait_attempts": [],
    "band_result": {
      "success": true,
      "tool": "amarisoft.set_band",
      "human_summary": "PASS｜LTE Band 設定完成\n\n【Band】\nCell：1\nBand：B5\n頻寬：10.0 MHz\nDL EARFCN：2525\n\n【Connection】\nLTE Service：Stable\nUE 連線：已連線\n判定依據：phy_rate\nUE Data IP：192.168.3.2\nIP 來源：apn:internet\nPHY DL：61.947 Mbps\nPHY UL：7.865 Mbps\n\n【Timing】\nLTE Service 穩定：2.1 秒\nUE/PHY/Data IP：47.0 秒\n\n結果：PASS",
      "machine_result": {
        "success": true,
        "stage_success": {
          "config_generated": true,
          "uploaded": true,
          "lte_service_stable": true,
          "remote_config_verified": true,
          "ue_connected": true
        },
        "modifier": {
          "success": true,
          "input_cfg": "D:\\NetworkAutomation\\plugins\\amarisoft\\AutoConfig.cfg",
          "output_cfg": "D:\\NetworkAutomation\\generated\\AutoConfig_LTE_B5_Cell1.cfg",
          "cell": 1,
          "band": 5,
          "mode": "FDD",
          "dl_earfcn": 2525,
          "bandwidth_mhz": 10.0,
          "rb_dl": 50,
          "changes": [
            {
              "key": "LTE_Cell_1_EARFCN_DL",
              "old": "2525",
              "new": "2525"
            },
            {
              "key": "LTE_Cell_1_RB_DL",
              "old": "50",
              "new": "50"
            },
            {
              "key": "LTE_TDD_Cell_1",
              "old": "0",
              "new": "0"
            }
          ]
        },
        "generated_cfg": "D:\\NetworkAutomation\\generated\\AutoConfig_LTE_B5_Cell1.cfg",
        "dry_run": false,
        "backup": {
          "success": true,
          "stdout": "",
          "stderr": ""
        },
        "upload": {
          "success": true,
          "local_path": "D:\\NetworkAutomation\\generated\\AutoConfig_LTE_B5_Cell1.cfg",
          "remote_path": "/root/enb/config/AutoConfig.cfg"
        },
        "restart": {
          "success": true,
          "commands": [
            {
              "success": true,
              "command": "cd /root/enb/config && ln -sfn AutoConfig.cfg enb.cfg",
              "exit_code": 0,
              "stdout": "",
              "stderr": ""
            },
            {
              "success": true,
              "command": "service lte restart",
              "exit_code": 0,
              "stdout": "",
              "stderr": "Redirecting to /bin/systemctl restart lte.service\n"
            }
          ]
        },
        "lte_service": {
          "success": true,
          "elapsed_sec": 2.1,
          "attempts": [
            {
              "elapsed_sec": 0.0,
              "running": true,
              "consecutive_success": 1
            },
            {
              "elapsed_sec": 2.1,
              "running": true,
              "consecutive_success": 2
            }
          ]
        },
        "config_verify": {
          "success": true,
          "command": "grep -E '^#define LTE_Cell_1_(EARFCN_DL|RB_DL)' /root/enb/config/AutoConfig.cfg",
          "earfcn_ok": true,
          "rb_ok": true,
          "stdout": "#define LTE_Cell_1_RB_DL 50\r\n#define LTE_Cell_1_EARFCN_DL 2525\r\n",
          "stderr": ""
        },
        "connection": {
          "success": true,
          "connected": true,
          "connection_basis": "phy_rate",
          "elapsed_sec": 47.0,
          "phy_connected_at_sec": 47.0,
          "data_ip_wait_sec": 0.0,
          "phy_rate": {
            "success": true,
            "cells": [
              {
                "cell_id": "1",
                "dl_bitrate_bps": 61947080,
                "ul_bitrate_bps": 7865200,
                "dl_bitrate_mbps": 61.947,
                "ul_bitrate_mbps": 7.865,
                "active": true
              }
            ],
            "total_dl_bitrate_bps": 61947080,
            "total_ul_bitrate_bps": 7865200,
            "total_dl_bitrate_mbps": 61.947,
            "total_ul_bitrate_mbps": 7.865,
            "active_cell_count": 1,
            "command": "cd /root/enb && ./ws.js 192.168.1.80:9001 '{\"message\":\"stats\"}'",
            "payload": {
              "message": "stats",
              "message_id": "id#1",
              "instance_id": "6a587096",
              "cpu": {},
              "cells": {
                "1": {
                  "dl_bitrate": 61947080,
                  "ul_bitrate": 7865200,
                  "dl_tx": 790,
                  "ul_tx": 354,
                  "dl_err": 0,
                  "ul_err": 0,
                  "dl_retx": 0,
                  "ul_retx": 38,
                  "dl_use_min": 0.14,
                  "dl_use_max": 1,
                  "dl_use_avg": 0.987,
                  "dl_data_use_min": 0,
                  "dl_data_use_max": 1,
                  "dl_data_use_avg": 0.979,
                  "ul_use_min": 0.24,
                  "ul_use_max": 0.96,
                  "ul_use_avg": 0.907,
                  "ul_data_use_min": 0,
                  "ul_data_use_max": 0.8,
                  "ul_data_use_avg": 0.718,
                  "ctrl_use_min": 0.211,
                  "ctrl_use_max": 0.421,
                  "ctrl_use_avg": 0.394,
                  "dl_sched_users_min": 0,
                  "dl_sched_users_max": 1,
                  "dl_sched_users_avg": 0.988,
                  "ul_sched_users_min": 0,
                  "ul_sched_users_max": 1,
                  "ul_sched_users_avg": 0.905,
                  "ue_count_min": 1,
                  "ue_count_max": 1,
                  "ue_count_avg": 1,
                  "ue_active_count_min": 1,
                  "ue_active_count_max": 1,
                  "ue_active_count_avg": 1,
                  "ue_inactive_count_min": 0,
                  "ue_inactive_count_max": 0,
                  "ue_inactive_count_avg": 0,
                  "erab_count_min": 2,
                  "erab_count_max": 2,
                  "erab_count_avg": 2,
                  "dl_gbr_use_min": 0,
                  "dl_gbr_use_max": 0,
                  "dl_gbr_use_avg": 0,
                  "ul_gbr_use_min": 0,
                  "ul_gbr_use_max": 0,
                  "ul_gbr_use_avg": 0,
                  "counters": {
                    "messages": {
                      "prach": 2,
                      "rrc_connection_request": 2,
                      "rrc_connection_setup": 2,
                      "rrc_connection_setup_complete": 2,
                      "rrc_ul_information_transfer": 5,
                      "rrc_dl_information_transfer": 4,
                      "rrc_security_mode_command": 1,
                      "rrc_security_mode_complete": 1,
                      "rrc_ue_capability_enquiry": 1,
                      "rrc_ue_capability_information": 1,
                      "rrc_connection_reconfiguration": 2,
                      "rrc_connection_reconfiguration_complete": 2,
                      "rrc_connection_release": 1
                    },
                    "errors": {}
                  }
                }
              },
              "rf_ports": {
                "0": {
                  "rxtx_delay": {
                    "min": 2.132,
                    "max": 3.461,
                    "avg": 2.953,
                    "sd": 0.27
                  }
                }
              },
              "counters": {
                "messages": {
                  "s1_erab_setup_request": 1,
                  "s1_erab_setup_response": 1,
                  "s1_initial_context_setup_request": 1,
                  "s1_initial_context_setup_response": 1,
                  "s1_downlink_nas_transport": 4,
                  "s1_initial_ue_message": 2,
                  "s1_uplink_nas_transport": 5,
                  "s1_setup_request": 1,
                  "s1_setup_response": 1,
                  "s1_ue_capability_info_indication": 1,
                  "s1_ue_context_release_command": 1,
                  "s1_ue_context_release_complete": 1,
                  "s1_nas_delivery_indication": 1
                },
                "errors": {}
              },
              "duration": 0.4,
              "time": 23.063,
              "utc": 1784180931.173
            }
          },
          "ues": [
            {
              "ip": null,
              "imsi": "001010123888888",
              "imei": "8668870400991701",
              "apn": null,
              "enb_ue_id": 2,
              "mme_ue_id": 101,
              "rnti": null
            },
            {
              "ip": "192.168.2.2",
              "imsi": null,
              "imei": null,
              "apn": "TestPLMN",
              "enb_ue_id": null,
              "mme_ue_id": null,
              "rnti": null
            },
            {
              "ip": "192.168.3.2",
              "imsi": null,
              "imei": null,
              "apn": "internet",
              "enb_ue_id": null,
              "mme_ue_id": null,
              "rnti": null
            }
          ],
          "ue": {
            "ip": "192.168.3.2",
            "imsi": null,
            "imei": null,
            "apn": "internet",
            "enb_ue_id": null,
            "mme_ue_id": null,
            "rnti": null
          },
          "data_ue": {
            "ip": "192.168.3.2",
            "imsi": null,
            "imei": null,
            "apn": "internet",
            "enb_ue_id": null,
            "mme_ue_id": null,
            "rnti": null
          },
          "data_ue_ip": "192.168.3.2",
          "data_ip_source": "apn:internet",
          "ping": {
            "success": true,
            "ip": "192.168.3.2",
            "command": "ping -c 1 -W 2 192.168.3.2",
            "stdout": "PING 192.168.3.2 (192.168.3.2) 56(84) bytes of data.\n64 bytes from 192.168.3.2: icmp_seq=1 ttl=64 time=11.8 ms\n\n--- 192.168.3.2 ping statistics ---\n1 packets transmitted, 1 received, 0% packet loss, time 0ms\nrtt min/avg/max/mdev = 11.775/11.775/11.775/0.000 ms\n",
            "stderr": "",
            "exit_code": 0
          },
          "ip_status": "reachable",
          "attempt_count": 8,
          "attempts": [
            {
              "elapsed_sec": 0.1,
              "phy_connected": false,
              "phy_rate": {
                "success": false,
                "cells": [],
                "total_dl_bitrate_bps": 0,
                "total_ul_bitrate_bps": 0,
                "error": "[0.002] !!! Error Error: connect ECONNREFUSED 192.168.1.80:9001\n    at TCPConnectWrap.afterConnect [as oncomplete] (node:net:1278:16) {\n  errno: -111,\n  code: 'ECONNREFUSED',\n  syscall: 'connect',\n  address: '192.168.1.80',\n  port: 9001\n}\n",
                "command": "cd /root/enb && ./ws.js 192.168.1.80:9001 '{\"message\":\"stats\"}'",
                "raw_stdout": "WebSocket remote API tool version 2024-07-09, Copyright (C) 2012-2024 Amarisoft\n"
              },
              "ue_get_success": true,
              "matched_ues": [],
              "data_ue": null,
              "data_ip_source": "not_available",
              "data_ip_wait_sec": 0.0,
              "ping": null
            },
            {
              "elapsed_sec": 3.5,
              "phy_connected": false,
              "phy_rate": {
                "success": true,
                "cells": [
                  {
                    "cell_id": "1",
                    "dl_bitrate_bps": 0,
                    "ul_bitrate_bps": 0,
                    "dl_bitrate_mbps": 0.0,
                    "ul_bitrate_mbps": 0.0,
                    "active": false
                  }
                ],
                "total_dl_bitrate_bps": 0,
                "total_ul_bitrate_bps": 0,
                "total_dl_bitrate_mbps": 0.0,
                "total_ul_bitrate_mbps": 0.0,
                "active_cell_count": 0,
                "command": "cd /root/enb && ./ws.js 192.168.1.80:9001 '{\"message\":\"stats\"}'",
                "payload": {
                  "message": "stats",
                  "message_id": "id#1",
                  "instance_id": "6a587096",
                  "cpu": {},
                  "cells": {
                    "1": {
                      "dl_bitrate": 0,
                      "ul_bitrate": 0,
                      "dl_tx": 0,
                      "ul_tx": 0,
                      "dl_err": 0,
                      "ul_err": 0,
                      "dl_retx": 0,
                      "ul_retx": 0,
                      "dl_use_min": 0,
                      "dl_use_max": 0.14,
                      "dl_use_avg": 0.007,
                      "dl_data_use_min": 0,
                      "dl_data_use_max": 0,
                      "dl_data_use_avg": 0,
                      "ul_use_min": 0.12,
                      "ul_use_max": 0.24,
                      "ul_use_avg": 0.132,
                      "ul_data_use_min": 0,
                      "ul_data_use_max": 0,
                      "ul_data_use_avg": 0,
                      "ctrl_use_min": 0,
                      "ctrl_use_max": 0.5,
                      "ctrl_use_avg": 0.036,
                      "dl_sched_users_min": 0,
                      "dl_sched_users_max": 0,
                      "dl_sched_users_avg": 0,
                      "ul_sched_users_min": 0,
                      "ul_sched_users_max": 0,
                      "ul_sched_users_avg": 0,
                      "ue_count_min": 0,
                      "ue_count_max": 0,
                      "ue_count_avg": 0,
                      "ue_active_count_min": 0,
                      "ue_active_count_max": 0,
                      "ue_active_count_avg": 0,
                      "ue_inactive_count_min": 0,
                      "ue_inactive_count_max": 0,
                      "ue_inactive_count_avg": 0,
                      "erab_count_min": 0,
                      "erab_count_max": 0,
                      "erab_count_avg": 0,
                      "dl_gbr_use_min": 0,
                      "dl_gbr_use_max": 0,
                      "dl_gbr_use_avg": 0,
                      "ul_gbr_use_min": 0,
                      "ul_gbr_use_max": 0,
                      "ul_gbr_use_avg": 0,
                      "counters": {
                        "messages": {},
                        "errors": {}
                      }
                    }
                  },
                  "rf_ports": {
                    "0": {
                      "rxtx_delay": {
                        "min": 2.465,
                        "max": 3.594,
                        "avg": 3.066,
                        "sd": 0.265
                      }
                    }
                  },
                  "counters": {
                    "messages": {
                      "s1_setup_request": 1,
                      "s1_setup_response": 1
                    },
                    "errors": {}
                  },
                  "duration": 0.4,
                  "time": 0.423,
                  "utc": 1784180908.537
                }
              },
              "ue_get_success": true,
              "matched_ues": [],
              "data_ue": null,
              "data_ip_source": "not_available",
              "data_ip_wait_sec": 0.0,
              "ping": null
            },
            {
              "elapsed_sec": 28.2,
              "phy_connected": false,
              "phy_rate": {
                "success": true,
                "cells": [
                  {
                    "cell_id": "1",
                    "dl_bitrate_bps": 0,
                    "ul_bitrate_bps": 0,
                    "dl_bitrate_mbps": 0.0,
                    "ul_bitrate_mbps": 0.0,
                    "active": false
                  }
                ],
                "total_dl_bitrate_bps": 0,
                "total_ul_bitrate_bps": 0,
                "total_dl_bitrate_mbps": 0.0,
                "total_ul_bitrate_mbps": 0.0,
                "active_cell_count": 0,
                "command": "cd /root/enb && ./ws.js 192.168.1.80:9001 '{\"message\":\"stats\"}'",
                "payload": {
                  "message": "stats",
                  "message_id": "id#1",
                  "instance_id": "6a587096",
                  "cpu": {},
                  "cells": {
                    "1": {
                      "dl_bitrate": 0,
                      "ul_bitrate": 0,
                      "dl_tx": 0,
                      "ul_tx": 0,
                      "dl_err": 0,
                      "ul_err": 0,
                      "dl_retx": 0,
                      "ul_retx": 0,
                      "dl_use_min": 0,
                      "dl_use_max": 0.14,
                      "dl_use_avg": 0.008,
                      "dl_data_use_min": 0,
                      "dl_data_use_max": 0,
                      "dl_data_use_avg": 0,
                      "ul_use_min": 0.12,
                      "ul_use_max": 0.24,
                      "ul_use_avg": 0.132,
                      "ul_data_use_min": 0,
                      "ul_data_use_max": 0,
                      "ul_data_use_avg": 0,
                      "ctrl_use_min": 0,
                      "ctrl_use_max": 0.5,
                      "ctrl_use_avg": 0.04,
                      "dl_sched_users_min": 0,
                      "dl_sched_users_max": 0,
                      "dl_sched_users_avg": 0,
                      "ul_sched_users_min": 0,
                      "ul_sched_users_max": 0,
                      "ul_sched_users_avg": 0,
                      "ue_count_min": 0,
                      "ue_count_max": 0,
                      "ue_count_avg": 0,
                      "ue_active_count_min": 0,
                      "ue_active_count_max": 0,
                      "ue_active_count_avg": 0,
                      "ue_inactive_count_min": 0,
                      "ue_inactive_count_max": 0,
                      "ue_inactive_count_avg": 0,
                      "erab_count_min": 0,
                      "erab_count_max": 0,
                      "erab_count_avg": 0,
                      "dl_gbr_use_min": 0,
                      "dl_gbr_use_max": 0,
                      "dl_gbr_use_avg": 0,
                      "ul_gbr_use_min": 0,
                      "ul_gbr_use_max": 0,
                      "ul_gbr_use_avg": 0,
                      "counters": {
                        "messages": {},
                        "errors": {}
                      }
                    }
                  },
                  "rf_ports": {
                    "0": {
                      "rxtx_delay": {
                        "min": 2.532,
                        "max": 3.527,
                        "avg": 3.07,
                        "sd": 0.263
                      }
                    }
                  },
                  "counters": {
                    "messages": {
                      "s1_setup_request": 1,
                      "s1_setup_response": 1
                    },
                    "errors": {}
                  },
                  "duration": 0.4,
                  "time": 4.19,
                  "utc": 1784180912.298
                }
              },
              "ue_get_success": true,
              "matched_ues": [],
              "data_ue": null,
              "data_ip_source": "not_available",
              "data_ip_wait_sec": 0.0,
              "ping": null
            },
            {
              "elapsed_sec": 31.9,
              "phy_connected": false,
              "phy_rate": {
                "success": true,
                "cells": [
                  {
                    "cell_id": "1",
                    "dl_bitrate_bps": 0,
                    "ul_bitrate_bps": 0,
                    "dl_bitrate_mbps": 0.0,
                    "ul_bitrate_mbps": 0.0,
                    "active": false
                  }
                ],
                "total_dl_bitrate_bps": 0,
                "total_ul_bitrate_bps": 0,
                "total_dl_bitrate_mbps": 0.0,
                "total_ul_bitrate_mbps": 0.0,
                "active_cell_count": 0,
                "command": "cd /root/enb && ./ws.js 192.168.1.80:9001 '{\"message\":\"stats\"}'",
                "payload": {
                  "message": "stats",
                  "message_id": "id#1",
                  "instance_id": "6a587096",
                  "cpu": {},
                  "cells": {
                    "1": {
                      "dl_bitrate": 0,
                      "ul_bitrate": 0,
                      "dl_tx": 0,
                      "ul_tx": 0,
                      "dl_err": 0,
                      "ul_err": 0,
                      "dl_retx": 0,
                      "ul_retx": 0,
                      "dl_use_min": 0,
                      "dl_use_max": 0.14,
                      "dl_use_avg": 0.007,
                      "dl_data_use_min": 0,
                      "dl_data_use_max": 0,
                      "dl_data_use_avg": 0,
                      "ul_use_min": 0.12,
                      "ul_use_max": 0.24,
                      "ul_use_avg": 0.132,
                      "ul_data_use_min": 0,
                      "ul_data_use_max": 0,
                      "ul_data_use_avg": 0,
                      "ctrl_use_min": 0,
                      "ctrl_use_max": 0.5,
                      "ctrl_use_avg": 0.035,
                      "dl_sched_users_min": 0,
                      "dl_sched_users_max": 0,
                      "dl_sched_users_avg": 0,
                      "ul_sched_users_min": 0,
                      "ul_sched_users_max": 0,
                      "ul_sched_users_avg": 0,
                      "ue_count_min": 0,
                      "ue_count_max": 0,
                      "ue_count_avg": 0,
                      "ue_active_count_min": 0,
                      "ue_active_count_max": 0,
                      "ue_active_count_avg": 0,
                      "ue_inactive_count_min": 0,
                      "ue_inactive_count_max": 0,
                      "ue_inactive_count_avg": 0,
                      "erab_count_min": 0,
                      "erab_count_max": 0,
                      "erab_count_avg": 0,
                      "dl_gbr_use_min": 0,
                      "dl_gbr_use_max": 0,
                      "dl_gbr_use_avg": 0,
                      "ul_gbr_use_min": 0,
                      "ul_gbr_use_max": 0,
                      "ul_gbr_use_avg": 0,
                      "counters": {
                        "messages": {},
                        "errors": {}
                      }
                    }
                  },
                  "rf_ports": {
                    "0": {
                      "rxtx_delay": {
                        "min": 2.465,
                        "max": 3.594,
                        "avg": 3.069,
                        "sd": 0.264
                      }
                    }
                  },
                  "counters": {
                    "messages": {
                      "s1_setup_request": 1,
                      "s1_setup_response": 1
                    },
                    "errors": {}
                  },
                  "duration": 0.4,
                  "time": 7.946,
                  "utc": 1784180916.057
                }
              },
              "ue_get_success": true,
              "matched_ues": [],
              "data_ue": null,
              "data_ip_source": "not_available",
              "data_ip_wait_sec": 0.0,
              "ping": null
            },
            {
              "elapsed_sec": 35.8,
              "phy_connected": false,
              "phy_rate": {
                "success": true,
                "cells": [
                  {
                    "cell_id": "1",
                    "dl_bitrate_bps": 0,
                    "ul_bitrate_bps": 0,
                    "dl_bitrate_mbps": 0.0,
                    "ul_bitrate_mbps": 0.0,
                    "active": false
                  }
                ],
                "total_dl_bitrate_bps": 0,
                "total_ul_bitrate_bps": 0,
                "total_dl_bitrate_mbps": 0.0,
                "total_ul_bitrate_mbps": 0.0,
                "active_cell_count": 0,
                "command": "cd /root/enb && ./ws.js 192.168.1.80:9001 '{\"message\":\"stats\"}'",
                "payload": {
                  "message": "stats",
                  "message_id": "id#1",
                  "instance_id": "6a587096",
                  "cpu": {},
                  "cells": {
                    "1": {
                      "dl_bitrate": 0,
                      "ul_bitrate": 0,
                      "dl_tx": 0,
                      "ul_tx": 0,
                      "dl_err": 0,
                      "ul_err": 0,
                      "dl_retx": 0,
                      "ul_retx": 0,
                      "dl_use_min": 0,
                      "dl_use_max": 0.14,
                      "dl_use_avg": 0.008,
                      "dl_data_use_min": 0,
                      "dl_data_use_max": 0,
                      "dl_data_use_avg": 0,
                      "ul_use_min": 0.12,
                      "ul_use_max": 0.24,
                      "ul_use_avg": 0.132,
                      "ul_data_use_min": 0,
                      "ul_data_use_max": 0,
                      "ul_data_use_avg": 0,
                      "ctrl_use_min": 0,
                      "ctrl_use_max": 0.5,
                      "ctrl_use_avg": 0.04,
                      "dl_sched_users_min": 0,
                      "dl_sched_users_max": 0,
                      "dl_sched_users_avg": 0,
                      "ul_sched_users_min": 0,
                      "ul_sched_users_max": 0,
                      "ul_sched_users_avg": 0,
                      "ue_count_min": 0,
                      "ue_count_max": 0,
                      "ue_count_avg": 0,
                      "ue_active_count_min": 0,
                      "ue_active_count_max": 0,
                      "ue_active_count_avg": 0,
                      "ue_inactive_count_min": 0,
                      "ue_inactive_count_max": 0,
                      "ue_inactive_count_avg": 0,
                      "erab_count_min": 0,
                      "erab_count_max": 0,
                      "erab_count_avg": 0,
                      "dl_gbr_use_min": 0,
                      "dl_gbr_use_max": 0,
                      "dl_gbr_use_avg": 0,
                      "ul_gbr_use_min": 0,
                      "ul_gbr_use_max": 0,
                      "ul_gbr_use_avg": 0,
                      "counters": {
                        "messages": {},
                        "errors": {}
                      }
                    }
                  },
                  "rf_ports": {
                    "0": {
                      "rxtx_delay": {
                        "min": 2.532,
                        "max": 3.594,
                        "avg": 3.067,
                        "sd": 0.265
                      }
                    }
                  },
                  "counters": {
                    "messages": {
                      "s1_setup_request": 1,
                      "s1_setup_response": 1
                    },
                    "errors": {}
                  },
                  "duration": 0.4,
                  "time": 11.751,
                  "utc": 1784180919.859
                }
              },
              "ue_get_success": true,
              "matched_ues": [],
              "data_ue": null,
              "data_ip_source": "not_available",
              "data_ip_wait_sec": 0.0,
              "ping": null
            },
            {
              "elapsed_sec": 39.5,
              "phy_connected": false,
              "phy_rate": {
                "success": true,
                "cells": [
                  {
                    "cell_id": "1",
                    "dl_bitrate_bps": 0,
                    "ul_bitrate_bps": 0,
                    "dl_bitrate_mbps": 0.0,
                    "ul_bitrate_mbps": 0.0,
                    "active": false
                  }
                ],
                "total_dl_bitrate_bps": 0,
                "total_ul_bitrate_bps": 0,
                "total_dl_bitrate_mbps": 0.0,
                "total_ul_bitrate_mbps": 0.0,
                "active_cell_count": 0,
                "command": "cd /root/enb && ./ws.js 192.168.1.80:9001 '{\"message\":\"stats\"}'",
                "payload": {
                  "message": "stats",
                  "message_id": "id#1",
                  "instance_id": "6a587096",
                  "cpu": {},
                  "cells": {
                    "1": {
                      "dl_bitrate": 0,
                      "ul_bitrate": 0,
                      "dl_tx": 0,
                      "ul_tx": 0,
                      "dl_err": 0,
                      "ul_err": 0,
                      "dl_retx": 0,
                      "ul_retx": 0,
                      "dl_use_min": 0,
                      "dl_use_max": 0.14,
                      "dl_use_avg": 0.007,
                      "dl_data_use_min": 0,
                      "dl_data_use_max": 0,
                      "dl_data_use_avg": 0,
                      "ul_use_min": 0.12,
                      "ul_use_max": 0.24,
                      "ul_use_avg": 0.132,
                      "ul_data_use_min": 0,
                      "ul_data_use_max": 0,
                      "ul_data_use_avg": 0,
                      "ctrl_use_min": 0,
                      "ctrl_use_max": 0.5,
                      "ctrl_use_avg": 0.035,
                      "dl_sched_users_min": 0,
                      "dl_sched_users_max": 0,
                      "dl_sched_users_avg": 0,
                      "ul_sched_users_min": 0,
                      "ul_sched_users_max": 0,
                      "ul_sched_users_avg": 0,
                      "ue_count_min": 0,
                      "ue_count_max": 0,
                      "ue_count_avg": 0,
                      "ue_active_count_min": 0,
                      "ue_active_count_max": 0,
                      "ue_active_count_avg": 0,
                      "ue_inactive_count_min": 0,
                      "ue_inactive_count_max": 0,
                      "ue_inactive_count_avg": 0,
                      "erab_count_min": 0,
                      "erab_count_max": 0,
                      "erab_count_avg": 0,
                      "dl_gbr_use_min": 0,
                      "dl_gbr_use_max": 0,
                      "dl_gbr_use_avg": 0,
                      "ul_gbr_use_min": 0,
                      "ul_gbr_use_max": 0,
                      "ul_gbr_use_avg": 0,
                      "counters": {
                        "messages": {},
                        "errors": {}
                      }
                    }
                  },
                  "rf_ports": {
                    "0": {
                      "rxtx_delay": {
                        "min": 2.532,
                        "max": 3.594,
                        "avg": 3.061,
                        "sd": 0.264
                      }
                    }
                  },
                  "counters": {
                    "messages": {
                      "s1_setup_request": 1,
                      "s1_setup_response": 1
                    },
                    "errors": {}
                  },
                  "duration": 0.4,
                  "time": 15.513,
                  "utc": 1784180923.621
                }
              },
              "ue_get_success": true,
              "matched_ues": [],
              "data_ue": null,
              "data_ip_source": "not_available",
              "data_ip_wait_sec": 0.0,
              "ping": null
            },
            {
              "elapsed_sec": 43.3,
              "phy_connected": false,
              "phy_rate": {
                "success": true,
                "cells": [
                  {
                    "cell_id": "1",
                    "dl_bitrate_bps": 0,
                    "ul_bitrate_bps": 0,
                    "dl_bitrate_mbps": 0.0,
                    "ul_bitrate_mbps": 0.0,
                    "active": false
                  }
                ],
                "total_dl_bitrate_bps": 0,
                "total_ul_bitrate_bps": 0,
                "total_dl_bitrate_mbps": 0.0,
                "total_ul_bitrate_mbps": 0.0,
                "active_cell_count": 0,
                "command": "cd /root/enb && ./ws.js 192.168.1.80:9001 '{\"message\":\"stats\"}'",
                "payload": {
                  "message": "stats",
                  "message_id": "id#1",
                  "instance_id": "6a587096",
                  "cpu": {},
                  "cells": {
                    "1": {
                      "dl_bitrate": 0,
                      "ul_bitrate": 0,
                      "dl_tx": 0,
                      "ul_tx": 0,
                      "dl_err": 0,
                      "ul_err": 0,
                      "dl_retx": 0,
                      "ul_retx": 0,
                      "dl_use_min": 0,
                      "dl_use_max": 0.14,
                      "dl_use_avg": 0.008,
                      "dl_data_use_min": 0,
                      "dl_data_use_max": 0,
                      "dl_data_use_avg": 0,
                      "ul_use_min": 0.12,
                      "ul_use_max": 0.24,
                      "ul_use_avg": 0.132,
                      "ul_data_use_min": 0,
                      "ul_data_use_max": 0,
                      "ul_data_use_avg": 0,
                      "ctrl_use_min": 0,
                      "ctrl_use_max": 0.5,
                      "ctrl_use_avg": 0.039,
                      "dl_sched_users_min": 0,
                      "dl_sched_users_max": 0,
                      "dl_sched_users_avg": 0,
                      "ul_sched_users_min": 0,
                      "ul_sched_users_max": 0,
                      "ul_sched_users_avg": 0,
                      "ue_count_min": 0,
                      "ue_count_max": 0,
                      "ue_count_avg": 0,
                      "ue_active_count_min": 0,
                      "ue_active_count_max": 0,
                      "ue_active_count_avg": 0,
                      "ue_inactive_count_min": 0,
                      "ue_inactive_count_max": 0,
                      "ue_inactive_count_avg": 0,
                      "erab_count_min": 0,
                      "erab_count_max": 0,
                      "erab_count_avg": 0,
                      "dl_gbr_use_min": 0,
                      "dl_gbr_use_max": 0,
                      "dl_gbr_use_avg": 0,
                      "ul_gbr_use_min": 0,
                      "ul_gbr_use_max": 0,
                      "ul_gbr_use_avg": 0,
                      "counters": {
                        "messages": {},
                        "errors": {}
                      }
                    }
                  },
                  "rf_ports": {
                    "0": {
                      "rxtx_delay": {
                        "min": 2.532,
                        "max": 3.594,
                        "avg": 3.071,
                        "sd": 0.264
                      }
                    }
                  },
                  "counters": {
                    "messages": {
                      "s1_setup_request": 1,
                      "s1_setup_response": 1
                    },
                    "errors": {}
                  },
                  "duration": 0.4,
                  "time": 19.283,
                  "utc": 1784180927.394
                }
              },
              "ue_get_success": true,
              "matched_ues": [],
              "data_ue": null,
              "data_ip_source": "not_available",
              "data_ip_wait_sec": 0.0,
              "ping": null
            },
            {
              "elapsed_sec": 47.0,
              "phy_connected": true,
              "phy_rate": {
                "success": true,
                "cells": [
                  {
                    "cell_id": "1",
                    "dl_bitrate_bps": 61947080,
                    "ul_bitrate_bps": 7865200,
                    "dl_bitrate_mbps": 61.947,
                    "ul_bitrate_mbps": 7.865,
                    "active": true
                  }
                ],
                "total_dl_bitrate_bps": 61947080,
                "total_ul_bitrate_bps": 7865200,
                "total_dl_bitrate_mbps": 61.947,
                "total_ul_bitrate_mbps": 7.865,
                "active_cell_count": 1,
                "command": "cd /root/enb && ./ws.js 192.168.1.80:9001 '{\"message\":\"stats\"}'",
                "payload": {
                  "message": "stats",
                  "message_id": "id#1",
                  "instance_id": "6a587096",
                  "cpu": {},
                  "cells": {
                    "1": {
                      "dl_bitrate": 61947080,
                      "ul_bitrate": 7865200,
                      "dl_tx": 790,
                      "ul_tx": 354,
                      "dl_err": 0,
                      "ul_err": 0,
                      "dl_retx": 0,
                      "ul_retx": 38,
                      "dl_use_min": 0.14,
                      "dl_use_max": 1,
                      "dl_use_avg": 0.987,
                      "dl_data_use_min": 0,
                      "dl_data_use_max": 1,
                      "dl_data_use_avg": 0.979,
                      "ul_use_min": 0.24,
                      "ul_use_max": 0.96,
                      "ul_use_avg": 0.907,
                      "ul_data_use_min": 0,
                      "ul_data_use_max": 0.8,
                      "ul_data_use_avg": 0.718,
                      "ctrl_use_min": 0.211,
                      "ctrl_use_max": 0.421,
                      "ctrl_use_avg": 0.394,
                      "dl_sched_users_min": 0,
                      "dl_sched_users_max": 1,
                      "dl_sched_users_avg": 0.988,
                      "ul_sched_users_min": 0,
                      "ul_sched_users_max": 1,
                      "ul_sched_users_avg": 0.905,
                      "ue_count_min": 1,
                      "ue_count_max": 1,
                      "ue_count_avg": 1,
                      "ue_active_count_min": 1,
                      "ue_active_count_max": 1,
                      "ue_active_count_avg": 1,
                      "ue_inactive_count_min": 0,
                      "ue_inactive_count_max": 0,
                      "ue_inactive_count_avg": 0,
                      "erab_count_min": 2,
                      "erab_count_max": 2,
                      "erab_count_avg": 2,
                      "dl_gbr_use_min": 0,
                      "dl_gbr_use_max": 0,
                      "dl_gbr_use_avg": 0,
                      "ul_gbr_use_min": 0,
                      "ul_gbr_use_max": 0,
                      "ul_gbr_use_avg": 0,
                      "counters": {
                        "messages": {
                          "prach": 2,
                          "rrc_connection_request": 2,
                          "rrc_connection_setup": 2,
                          "rrc_connection_setup_complete": 2,
                          "rrc_ul_information_transfer": 5,
                          "rrc_dl_information_transfer": 4,
                          "rrc_security_mode_command": 1,
                          "rrc_security_mode_complete": 1,
                          "rrc_ue_capability_enquiry": 1,
                          "rrc_ue_capability_information": 1,
                          "rrc_connection_reconfiguration": 2,
                          "rrc_connection_reconfiguration_complete": 2,
                          "rrc_connection_release": 1
                        },
                        "errors": {}
                      }
                    }
                  },
                  "rf_ports": {
                    "0": {
                      "rxtx_delay": {
                        "min": 2.132,
                        "max": 3.461,
                        "avg": 2.953,
                        "sd": 0.27
                      }
                    }
                  },
                  "counters": {
                    "messages": {
                      "s1_erab_setup_request": 1,
                      "s1_erab_setup_response": 1,
                      "s1_initial_context_setup_request": 1,
                      "s1_initial_context_setup_response": 1,
                      "s1_downlink_nas_transport": 4,
                      "s1_initial_ue_message": 2,
                      "s1_uplink_nas_transport": 5,
                      "s1_setup_request": 1,
                      "s1_setup_response": 1,
                      "s1_ue_capability_info_indication": 1,
                      "s1_ue_context_release_command": 1,
                      "s1_ue_context_release_complete": 1,
                      "s1_nas_delivery_indication": 1
                    },
                    "errors": {}
                  },
                  "duration": 0.4,
                  "time": 23.063,
                  "utc": 1784180931.173
                }
              },
              "ue_get_success": true,
              "matched_ues": [
                {
                  "ip": null,
                  "imsi": "001010123888888",
                  "imei": "8668870400991701",
                  "apn": null,
                  "enb_ue_id": 2,
                  "mme_ue_id": 101,
                  "rnti": null
                },
                {
                  "ip": "192.168.2.2",
                  "imsi": null,
                  "imei": null,
                  "apn": "TestPLMN",
                  "enb_ue_id": null,
                  "mme_ue_id": null,
                  "rnti": null
                },
                {
                  "ip": "192.168.3.2",
                  "imsi": null,
                  "imei": null,
                  "apn": "internet",
                  "enb_ue_id": null,
                  "mme_ue_id": null,
                  "rnti": null
                }
              ],
              "data_ue": {
                "ip": "192.168.3.2",
                "imsi": null,
                "imei": null,
                "apn": "internet",
                "enb_ue_id": null,
                "mme_ue_id": null,
                "rnti": null
              },
              "data_ip_source": "apn:internet",
              "data_ip_wait_sec": 0.0,
              "ping": {
                "success": true,
                "ip": "192.168.3.2",
                "command": "ping -c 1 -W 2 192.168.3.2",
                "stdout": "PING 192.168.3.2 (192.168.3.2) 56(84) bytes of data.\n64 bytes from 192.168.3.2: icmp_seq=1 ttl=64 time=11.8 ms\n\n--- 192.168.3.2 ping statistics ---\n1 packets transmitted, 1 received, 0% packet loss, time 0ms\nrtt min/avg/max/mdev = 11.775/11.775/11.775/0.000 ms\n",
                "stderr": "",
                "exit_code": 0
              }
            }
          ],
          "message": "UE �w�z�L PHY Rate �P�w�s�u�FDL=61.947 Mbps�AUL=7.865 Mbps�FData IP=192.168.3.2 (apn:internet)�C"
        },
        "state": {
          "mode": "LTE",
          "cell": 1,
          "band": 5,
          "bandwidth_mhz": 10.0,
          "dl_earfcn": 2525,
          "rb_dl": 50,
          "service_stable": true,
          "remote_config_verified": true,
          "ue_connected": true,
          "connection_basis": "phy_rate",
          "phy_rate": {
            "success": true,
            "cells": [
              {
                "cell_id": "1",
                "dl_bitrate_bps": 61947080,
                "ul_bitrate_bps": 7865200,
                "dl_bitrate_mbps": 61.947,
                "ul_bitrate_mbps": 7.865,
                "active": true
              }
            ],
            "total_dl_bitrate_bps": 61947080,
            "total_ul_bitrate_bps": 7865200,
            "total_dl_bitrate_mbps": 61.947,
            "total_ul_bitrate_mbps": 7.865,
            "active_cell_count": 1,
            "command": "cd /root/enb && ./ws.js 192.168.1.80:9001 '{\"message\":\"stats\"}'",
            "payload": {
              "message": "stats",
              "message_id": "id#1",
              "instance_id": "6a587096",
              "cpu": {},
              "cells": {
                "1": {
                  "dl_bitrate": 61947080,
                  "ul_bitrate": 7865200,
                  "dl_tx": 790,
                  "ul_tx": 354,
                  "dl_err": 0,
                  "ul_err": 0,
                  "dl_retx": 0,
                  "ul_retx": 38,
                  "dl_use_min": 0.14,
                  "dl_use_max": 1,
                  "dl_use_avg": 0.987,
                  "dl_data_use_min": 0,
                  "dl_data_use_max": 1,
                  "dl_data_use_avg": 0.979,
                  "ul_use_min": 0.24,
                  "ul_use_max": 0.96,
                  "ul_use_avg": 0.907,
                  "ul_data_use_min": 0,
                  "ul_data_use_max": 0.8,
                  "ul_data_use_avg": 0.718,
                  "ctrl_use_min": 0.211,
                  "ctrl_use_max": 0.421,
                  "ctrl_use_avg": 0.394,
                  "dl_sched_users_min": 0,
                  "dl_sched_users_max": 1,
                  "dl_sched_users_avg": 0.988,
                  "ul_sched_users_min": 0,
                  "ul_sched_users_max": 1,
                  "ul_sched_users_avg": 0.905,
                  "ue_count_min": 1,
                  "ue_count_max": 1,
                  "ue_count_avg": 1,
                  "ue_active_count_min": 1,
                  "ue_active_count_max": 1,
                  "ue_active_count_avg": 1,
                  "ue_inactive_count_min": 0,
                  "ue_inactive_count_max": 0,
                  "ue_inactive_count_avg": 0,
                  "erab_count_min": 2,
                  "erab_count_max": 2,
                  "erab_count_avg": 2,
                  "dl_gbr_use_min": 0,
                  "dl_gbr_use_max": 0,
                  "dl_gbr_use_avg": 0,
                  "ul_gbr_use_min": 0,
                  "ul_gbr_use_max": 0,
                  "ul_gbr_use_avg": 0,
                  "counters": {
                    "messages": {
                      "prach": 2,
                      "rrc_connection_request": 2,
                      "rrc_connection_setup": 2,
                      "rrc_connection_setup_complete": 2,
                      "rrc_ul_information_transfer": 5,
                      "rrc_dl_information_transfer": 4,
                      "rrc_security_mode_command": 1,
                      "rrc_security_mode_complete": 1,
                      "rrc_ue_capability_enquiry": 1,
                      "rrc_ue_capability_information": 1,
                      "rrc_connection_reconfiguration": 2,
                      "rrc_connection_reconfiguration_complete": 2,
                      "rrc_connection_release": 1
                    },
                    "errors": {}
                  }
                }
              },
              "rf_ports": {
                "0": {
                  "rxtx_delay": {
                    "min": 2.132,
                    "max": 3.461,
                    "avg": 2.953,
                    "sd": 0.27
                  }
                }
              },
              "counters": {
                "messages": {
                  "s1_erab_setup_request": 1,
                  "s1_erab_setup_response": 1,
                  "s1_initial_context_setup_request": 1,
                  "s1_initial_context_setup_response": 1,
                  "s1_downlink_nas_transport": 4,
                  "s1_initial_ue_message": 2,
                  "s1_uplink_nas_transport": 5,
                  "s1_setup_request": 1,
                  "s1_setup_response": 1,
                  "s1_ue_capability_info_indication": 1,
                  "s1_ue_context_release_command": 1,
                  "s1_ue_context_release_complete": 1,
                  "s1_nas_delivery_indication": 1
                },
                "errors": {}
              },
              "duration": 0.4,
              "time": 23.063,
              "utc": 1784180931.173
            }
          },
          "ue": {
            "ip": "192.168.3.2",
            "imsi": null,
            "imei": null,
            "apn": "internet",
            "enb_ue_id": null,
            "mme_ue_id": null,
            "rnti": null
          },
          "data_ue_ip": "192.168.3.2",
          "data_ip_source": "apn:internet"
        },
        "message": "Band ���������GCell1, B5, 10.0MHz�FLTE service í�w�B���� config ���T�BUE �w�s�u�FPHY DL=61.947 Mbps�APHY UL=7.865 Mbps�AIP 192.168.3.2�C",
        "returncode": 0
      },
      "schema_version": "1.0",
      "timestamp": "2026-07-16T13:56:51+08:00",
      "result_file": null,
      "returncode": 0
    },
    "iperf_results": [
      {
        "direction": "upload",
        "result": {
          "success": true,
          "tool": "iperf.run",
          "human_summary": "PASS｜iPerf 測試完成\n\n方向：Upload\nUE Data IP：192.168.3.2\n測試時間：30 秒\n平均速度：7.562 Mbps\n最低速度：7.433 Mbps\n最高速度：7.775 Mbps\n總傳輸量：28.358 MB\nRetransmissions：N/A\nTCP Congestion：BBR\n速度走勢：█▁▁▅▂▄▂▄▃▅▄▇▄▂▂▃▆▂▄▄▁▂▂▅▆▅▆▃▄▂\n\n結果：PASS",
          "machine_result": {
            "success": true,
            "schema_version": "2.0",
            "test_id": "iperf-20260716-135724-aecf9c",
            "test_type": "iperf3",
            "timestamp_end": "2026-07-16T13:57:24+08:00",
            "parameters": {
              "ue_ip": "192.168.3.2",
              "direction": "upload",
              "duration_sec": 30,
              "port": 5201,
              "parallel_streams": 1,
              "interval_sec": 1,
              "reverse": true
            },
            "precheck": {
              "ue_ping": true,
              "ping_command": "ping -c 1 -W 2 192.168.3.2",
              "iperf_server": {
                "success": true,
                "ready": true,
                "action": "already_listening",
                "initial_check": {
                  "success": true,
                  "reachable": true,
                  "host": "192.168.3.2",
                  "port": 5201,
                  "method": "executor_tcp",
                  "command": "python3 -c 'import socket,sys;s=socket.socket();s.settimeout(3);r=s.connect_ex(('\"'\"'192.168.3.2'\"'\"',5201));s.close();sys.exit(0 if r==0 else 1)'",
                  "stdout": "",
                  "stderr": "",
                  "exit_code": 0
                },
                "message": "iPerf Server 192.168.3.2:5201 �w�b Listen�C"
              }
            },
            "summary": {
              "average_mbps": 7.562,
              "minimum_mbps": 7.433,
              "maximum_mbps": 7.775,
              "total_transfer_mbytes": 28.358,
              "retransmissions": null,
              "packet_loss_percent": null,
              "sample_count": 30
            },
            "samples": [
              {
                "second_start": 0,
                "second_end": 1.000014,
                "throughput_mbps": 7.775,
                "transfer_mbytes": 0.972,
                "retransmissions": null,
                "packet_loss_percent": null,
                "omitted": false
              },
              {
                "second_start": 1.000014,
                "second_end": 2.000055,
                "throughput_mbps": 7.437,
                "transfer_mbytes": 0.93,
                "retransmissions": null,
                "packet_loss_percent": null,
                "omitted": false
              },
              {
                "second_start": 2.000055,
                "second_end": 3.000055,
                "throughput_mbps": 7.433,
                "transfer_mbytes": 0.929,
                "retransmissions": null,
                "packet_loss_percent": null,
                "omitted": false
              },
              {
                "second_start": 3.000055,
                "second_end": 4.000005,
                "throughput_mbps": 7.607,
                "transfer_mbytes": 0.951,
                "retransmissions": null,
                "packet_loss_percent": null,
                "omitted": false
              },
              {
                "second_start": 4.000005,
                "second_end": 5.000026,
                "throughput_mbps": 7.479,
                "transfer_mbytes": 0.935,
                "retransmissions": null,
                "packet_loss_percent": null,
                "omitted": false
              },
              {
                "second_start": 5.000026,
                "second_end": 6.000055,
                "throughput_mbps": 7.578,
                "transfer_mbytes": 0.947,
                "retransmissions": null,
                "packet_loss_percent": null,
                "omitted": false
              },
              {
                "second_start": 6.000055,
                "second_end": 7.000055,
                "throughput_mbps": 7.491,
                "transfer_mbytes": 0.936,
                "retransmissions": null,
                "packet_loss_percent": null,
                "omitted": false
              },
              {
                "second_start": 7.000055,
                "second_end": 8.000054,
                "throughput_mbps": 7.583,
                "transfer_mbytes": 0.948,
                "retransmissions": null,
                "packet_loss_percent": null,
                "omitted": false
              },
              {
                "second_start": 8.000054,
                "second_end": 9.000054,
                "throughput_mbps": 7.525,
                "transfer_mbytes": 0.941,
                "retransmissions": null,
                "packet_loss_percent": null,
                "omitted": false
              },
              {
                "second_start": 9.000054,
                "second_end": 10.000043,
                "throughput_mbps": 7.613,
                "transfer_mbytes": 0.952,
                "retransmissions": null,
                "packet_loss_percent": null,
                "omitted": false
              },
              {
                "second_start": 10.000043,
                "second_end": 11.000055,
                "throughput_mbps": 7.56,
                "transfer_mbytes": 0.945,
                "retransmissions": null,
                "packet_loss_percent": null,
                "omitted": false
              },
              {
                "second_start": 11.000055,
                "second_end": 12.000054,
                "throughput_mbps": 7.711,
                "transfer_mbytes": 0.964,
                "retransmissions": null,
                "packet_loss_percent": null,
                "omitted": false
              },
              {
                "second_start": 12.000054,
                "second_end": 13.000054,
                "throughput_mbps": 7.583,
                "transfer_mbytes": 0.948,
                "retransmissions": null,
                "packet_loss_percent": null,
                "omitted": false
              },
              {
                "second_start": 13.000054,
                "second_end": 14.000055,
                "throughput_mbps": 7.502,
                "transfer_mbytes": 0.938,
                "retransmissions": null,
                "packet_loss_percent": null,
                "omitted": false
              },
              {
                "second_start": 14.000055,
                "second_end": 15.000055,
                "throughput_mbps": 7.485,
                "transfer_mbytes": 0.936,
                "retransmissions": null,
                "packet_loss_percent": null,
                "omitted": false
              },
              {
                "second_start": 15.000055,
                "second_end": 16.000027,
                "throughput_mbps": 7.549,
                "transfer_mbytes": 0.944,
                "retransmissions": null,
                "packet_loss_percent": null,
                "omitted": false
              },
              {
                "second_start": 16.000027,
                "second_end": 17.000054,
                "throughput_mbps": 7.664,
                "transfer_mbytes": 0.958,
                "retransmissions": null,
                "packet_loss_percent": null,
                "omitted": false
              },
              {
                "second_start": 17.000054,
                "second_end": 18.000055,
                "throughput_mbps": 7.502,
                "transfer_mbytes": 0.938,
                "retransmissions": null,
                "packet_loss_percent": null,
                "omitted": false
              },
              {
                "second_start": 18.000055,
                "second_end": 19.000055,
                "throughput_mbps": 7.578,
                "transfer_mbytes": 0.947,
                "retransmissions": null,
                "packet_loss_percent": null,
                "omitted": false
              },
              {
                "second_start": 19.000055,
                "second_end": 20.000054,
                "throughput_mbps": 7.583,
                "transfer_mbytes": 0.948,
                "retransmissions": null,
                "packet_loss_percent": null,
                "omitted": false
              },
              {
                "second_start": 20.000054,
                "second_end": 21.000054,
                "throughput_mbps": 7.456,
                "transfer_mbytes": 0.932,
                "retransmissions": null,
                "packet_loss_percent": null,
                "omitted": false
              },
              {
                "second_start": 21.000054,
                "second_end": 22.000056,
                "throughput_mbps": 7.491,
                "transfer_mbytes": 0.936,
                "retransmissions": null,
                "packet_loss_percent": null,
                "omitted": false
              },
              {
                "second_start": 22.000056,
                "second_end": 23.000055,
                "throughput_mbps": 7.479,
                "transfer_mbytes": 0.935,
                "retransmissions": null,
                "packet_loss_percent": null,
                "omitted": false
              },
              {
                "second_start": 23.000055,
                "second_end": 24.000055,
                "throughput_mbps": 7.641,
                "transfer_mbytes": 0.955,
                "retransmissions": null,
                "packet_loss_percent": null,
                "omitted": false
              },
              {
                "second_start": 24.000055,
                "second_end": 25.000055,
                "throughput_mbps": 7.682,
                "transfer_mbytes": 0.96,
                "retransmissions": null,
                "packet_loss_percent": null,
                "omitted": false
              },
              {
                "second_start": 25.000055,
                "second_end": 26.000056,
                "throughput_mbps": 7.618,
                "transfer_mbytes": 0.952,
                "retransmissions": null,
                "packet_loss_percent": null,
                "omitted": false
              },
              {
                "second_start": 26.000056,
                "second_end": 27.000055,
                "throughput_mbps": 7.676,
                "transfer_mbytes": 0.959,
                "retransmissions": null,
                "packet_loss_percent": null,
                "omitted": false
              },
              {
                "second_start": 27.000055,
                "second_end": 28.000054,
                "throughput_mbps": 7.543,
                "transfer_mbytes": 0.943,
                "retransmissions": null,
                "packet_loss_percent": null,
                "omitted": false
              },
              {
                "second_start": 28.000054,
                "second_end": 29.000054,
                "throughput_mbps": 7.572,
                "transfer_mbytes": 0.946,
                "retransmissions": null,
                "packet_loss_percent": null,
                "omitted": false
              },
              {
                "second_start": 29.000054,
                "second_end": 30.000059,
                "throughput_mbps": 7.467,
                "transfer_mbytes": 0.933,
                "retransmissions": null,
                "packet_loss_percent": null,
                "omitted": false
              }
            ],
            "raw": {
              "command": "iperf3 -c 192.168.3.2 -p 5201 -P 1 -t 30 -i 1 -J -R",
              "stdout": "{\n\t\"start\":\t{\n\t\t\"connected\":\t[{\n\t\t\t\t\"socket\":\t5,\n\t\t\t\t\"local_host\":\t\"192.168.3.1\",\n\t\t\t\t\"local_port\":\t53128,\n\t\t\t\t\"remote_host\":\t\"192.168.3.2\",\n\t\t\t\t\"remote_port\":\t5201\n\t\t\t}],\n\t\t\"version\":\t\"iperf 3.10.1\",\n\t\t\"system_info\":\t\"Linux CBA-20240614 6.2.15-100.fc36.x86_64 #1 SMP PREEMPT_DYNAMIC Thu May 11 16:51:53 UTC 2023 x86_64\",\n\t\t\"timestamp\":\t{\n\t\t\t\"time\":\t\"Thu, 16 Jul 2026 05:48:53 GMT\",\n\t\t\t\"timesecs\":\t1784180933\n\t\t},\n\t\t\"connecting_to\":\t{\n\t\t\t\"host\":\t\"192.168.3.2\",\n\t\t\t\"port\":\t5201\n\t\t},\n\t\t\"cookie\":\t\"h2mxx26zimmfsjni4i6yqzn62wzixgmvxf36\",\n\t\t\"tcp_mss_default\":\t1448,\n\t\t\"sock_bufsize\":\t0,\n\t\t\"sndbuf_actual\":\t16384,\n\t\t\"rcvbuf_actual\":\t131072,\n\t\t\"test_start\":\t{\n\t\t\t\"protocol\":\t\"TCP\",\n\t\t\t\"num_streams\":\t1,\n\t\t\t\"blksize\":\t131072,\n\t\t\t\"omit\":\t0,\n\t\t\t\"duration\":\t30,\n\t\t\t\"bytes\":\t0,\n\t\t\t\"blocks\":\t0,\n\t\t\t\"reverse\":\t1,\n\t\t\t\"tos\":\t0\n\t\t}\n\t},\n\t\"intervals\":\t[{\n\t\t\t\"streams\":\t[{\n\t\t\t\t\t\"socket\":\t5,\n\t\t\t\t\t\"start\":\t0,\n\t\t\t\t\t\"end\":\t1.000014,\n\t\t\t\t\t\"seconds\":\t1.0000139474868774,\n\t\t\t\t\t\"bytes\":\t971900,\n\t\t\t\t\t\"bits_per_second\":\t7775091.5570125375,\n\t\t\t\t\t\"omitted\":\tfalse,\n\t\t\t\t\t\"sender\":\tfalse\n\t\t\t\t}],\n\t\t\t\"sum\":\t{\n\t\t\t\t\"start\":\t0,\n\t\t\t\t\"end\":\t1.000014,\n\t\t\t\t\"seconds\":\t1.0000139474868774,\n\t\t\t\t\"bytes\":\t971900,\n\t\t\t\t\"bits_per_second\":\t7775091.5570125375,\n\t\t\t\t\"omitted\":\tfalse,\n\t\t\t\t\"sender\":\tfalse\n\t\t\t}\n\t\t}, {\n\t\t\t\"streams\":\t[{\n\t\t\t\t\t\"socket\":\t5,\n\t\t\t\t\t\"start\":\t1.000014,\n\t\t\t\t\t\"end\":\t2.000055,\n\t\t\t\t\t\"seconds\":\t1.0000410079956055,\n\t\t\t\t\t\"bytes\":\t929716,\n\t\t\t\t\t\"bits_per_second\":\t7437423.0061900457,\n\t\t\t\t\t\"omitted\":\tfalse,\n\t\t\t\t\t\"sender\":\tfalse\n\t\t\t\t}],\n\t\t\t\"sum\":\t{\n\t\t\t\t\"start\":\t1.000014,\n\t\t\t\t\"end\":\t2.000055,\n\t\t\t\t\"seconds\":\t1.0000410079956055,\n\t\t\t\t\"bytes\":\t929716,\n\t\t\t\t\"bits_per_second\":\t7437423.0061900457,\n\t\t\t\t\"omitted\":\tfalse,\n\t\t\t\t\"sender\":\tfalse\n\t\t\t}\n\t\t}, {\n\t\t\t\"streams\":\t[{\n\t\t\t\t\t\"socket\":\t5,\n\t\t\t\t\t\"start\":\t2.000055,\n\t\t\t\t\t\"end\":\t3.000055,\n\t\t\t\t\t\"seconds\":\t1,\n\t\t\t\t\t\"bytes\":\t929088,\n\t\t\t\t\t\"bits_per_second\":\t7432704,\n\t\t\t\t\t\"omitted\":\tfalse,\n\t\t\t\t\t\"sender\":\tfalse\n\t\t\t\t}],\n\t\t\t\"sum\":\t{\n\t\t\t\t\"start\":\t2.000055,\n\t\t\t\t\"end\":\t3.000055,\n\t\t\t\t\"seconds\":\t1,\n\t\t\t\t\"bytes\":\t929088,\n\t\t\t\t\"bits_per_second\":\t7432704,\n\t\t\t\t\"omitted\":\tfalse,\n\t\t\t\t\"sender\":\tfalse\n\t\t\t}\n\t\t}, {\n\t\t\t\"streams\":\t[{\n\t\t\t\t\t\"socket\":\t5,\n\t\t\t\t\t\"start\":\t3.000055,\n\t\t\t\t\t\"end\":\t4.000005,\n\t\t\t\t\t\"seconds\":\t0.99994999170303345,\n\t\t\t\t\t\"bytes\":\t950808,\n\t\t\t\t\t\"bits_per_second\":\t7606844.405334,\n\t\t\t\t\t\"omitted\":\tfalse,\n\t\t\t\t\t\"sender\":\tfalse\n\t\t\t\t}],\n\t\t\t\"sum\":\t{\n\t\t\t\t\"start\":\t3.000055,\n\t\t\t\t\"end\":\t4.000005,\n\t\t\t\t\"seconds\":\t0.99994999170303345,\n\t\t\t\t\"bytes\":\t950808,\n\t\t\t\t\"bits_per_second\":\t7606844.405334,\n\t\t\t\t\"omitted\":\tfalse,\n\t\t\t\t\"sender\":\tfalse\n\t\t\t}\n\t\t}, {\n\t\t\t\"streams\":\t[{\n\t\t\t\t\t\"socket\":\t5,\n\t\t\t\t\t\"start\":\t4.000005,\n\t\t\t\t\t\"end\":\t5.000026,\n\t\t\t\t\t\"seconds\":\t1.0000209808349609,\n\t\t\t\t\t\"bytes\":\t934880,\n\t\t\t\t\t\"bits_per_second\":\t7478883.0867882641,\n\t\t\t\t\t\"omitted\":\tfalse,\n\t\t\t\t\t\"sender\":\tfalse\n\t\t\t\t}],\n\t\t\t\"sum\":\t{\n\t\t\t\t\"start\":\t4.000005,\n\t\t\t\t\"end\":\t5.000026,\n\t\t\t\t\"seconds\":\t1.0000209808349609,\n\t\t\t\t\"bytes\":\t934880,\n\t\t\t\t\"bits_per_second\":\t7478883.0867882641,\n\t\t\t\t\"omitted\":\tfalse,\n\t\t\t\t\"sender\":\tfalse\n\t\t\t}\n\t\t}, {\n\t\t\t\"streams\":\t[{\n\t\t\t\t\t\"socket\":\t5,\n\t\t\t\t\t\"start\":\t5.000026,\n\t\t\t\t\t\"end\":\t6.000055,\n\t\t\t\t\t\"seconds\":\t1.0000289678573608,\n\t\t\t\t\t\"bytes\":\t947216,\n\t\t\t\t\t\"bits_per_second\":\t7577508.4958147425,\n\t\t\t\t\t\"omitted\":\tfalse,\n\t\t\t\t\t\"sender\":\tfalse\n\t\t\t\t}],\n\t\t\t\"sum\":\t{\n\t\t\t\t\"start\":\t5.000026,\n\t\t\t\t\"end\":\t6.000055,\n\t\t\t\t\"seconds\":\t1.0000289678573608,\n\t\t\t\t\"bytes\":\t947216,\n\t\t\t\t\"bits_per_second\":\t7577508.4958147425,\n\t\t\t\t\"omitted\":\tfalse,\n\t\t\t\t\"sender\":\tfalse\n\t\t\t}\n\t\t}, {\n\t\t\t\"streams\":\t[{\n\t\t\t\t\t\"socket\":\t5,\n\t\t\t\t\t\"start\":\t6.000055,\n\t\t\t\t\t\"end\":\t7.000055,\n\t\t\t\t\t\"seconds\":\t1,\n\t\t\t\t\t\"bytes\":\t936328,\n\t\t\t\t\t\"bits_per_second\":\t7490624,\n\t\t\t\t\t\"omitted\":\tfalse,\n\t\t\t\t\t\"sender\":\tfalse\n\t\t\t\t}],\n\t\t\t\"sum\":\t{\n\t\t\t\t\"start\":\t6.000055,\n\t\t\t\t\"end\":\t7.000055,\n\t\t\t\t\"seconds\":\t1,\n\t\t\t\t\"bytes\":\t936328,\n\t\t\t\t\"bits_per_second\":\t7490624,\n\t\t\t\t\"omitted\":\tfalse,\n\t\t\t\t\"sender\":\tfalse\n\t\t\t}\n\t\t}, {\n\t\t\t\"streams\":\t[{\n\t\t\t\t\t\"socket\":\t5,\n\t\t\t\t\t\"start\":\t7.000055,\n\t\t\t\t\t\"end\":\t8.000054,\n\t\t\t\t\t\"seconds\":\t0.99999898672103882,\n\t\t\t\t\t\"bytes\":\t947912,\n\t\t\t\t\t\"bits_per_second\":\t7583303.68400208,\n\t\t\t\t\t\"omitted\":\tfalse,\n\t\t\t\t\t\"sender\":\tfalse\n\t\t\t\t}],\n\t\t\t\"sum\":\t{\n\t\t\t\t\"start\":\t7.000055,\n\t\t\t\t\"end\":\t8.000054,\n\t\t\t\t\"seconds\":\t0.99999898672103882,\n\t\t\t\t\"bytes\":\t947912,\n\t\t\t\t\"bits_per_second\":\t7583303.68400208,\n\t\t\t\t\"omitted\":\tfalse,\n\t\t\t\t\"sender\":\tfalse\n\t\t\t}\n\t\t}, {\n\t\t\t\"streams\":\t[{\n\t\t\t\t\t\"socket\":\t5,\n\t\t\t\t\t\"start\":\t8.000054,\n\t\t\t\t\t\"end\":\t9.000054,\n\t\t\t\t\t\"seconds\":\t1,\n\t\t\t\t\t\"bytes\":\t940672,\n\t\t\t\t\t\"bits_per_second\":\t7525376,\n\t\t\t\t\t\"omitted\":\tfalse,\n\t\t\t\t\t\"sender\":\tfalse\n\t\t\t\t}],\n\t\t\t\"sum\":\t{\n\t\t\t\t\"start\":\t8.000054,\n\t\t\t\t\"end\":\t9.000054,\n\t\t\t\t\"seconds\":\t1,\n\t\t\t\t\"bytes\":\t940672,\n\t\t\t\t\"bits_per_second\":\t7525376,\n\t\t\t\t\"omitted\":\tfalse,\n\t\t\t\t\"sender\":\tfalse\n\t\t\t}\n\t\t}, {\n\t\t\t\"streams\":\t[{\n\t\t\t\t\t\"socket\":\t5,\n\t\t\t\t\t\"start\":\t9.000054,\n\t\t\t\t\t\"end\":\t10.000043,\n\t\t\t\t\t\"seconds\":\t0.99998897314071655,\n\t\t\t\t\t\"bytes\":\t951560,\n\t\t\t\t\t\"bits_per_second\":\t7612563.9426713819,\n\t\t\t\t\t\"omitted\":\tfalse,\n\t\t\t\t\t\"sender\":\tfalse\n\t\t\t\t}],\n\t\t\t\"sum\":\t{\n\t\t\t\t\"start\":\t9.000054,\n\t\t\t\t\"end\":\t10.000043,\n\t\t\t\t\"seconds\":\t0.99998897314071655,\n\t\t\t\t\"bytes\":\t951560,\n\t\t\t\t\"bits_per_second\":\t7612563.9426713819,\n\t\t\t\t\"omitted\":\tfalse,\n\t\t\t\t\"sender\":\tfalse\n\t\t\t}\n\t\t}, {\n\t\t\t\"streams\":\t[{\n\t\t\t\t\t\"socket\":\t5,\n\t\t\t\t\t\"start\":\t10.000043,\n\t\t\t\t\t\"end\":\t11.000055,\n\t\t\t\t\t\"seconds\":\t1.0000120401382446,\n\t\t\t\t\t\"bytes\":\t945016,\n\t\t\t\t\t\"bits_per_second\":\t7560036.9761096733,\n\t\t\t\t\t\"omitted\":\tfalse,\n\t\t\t\t\t\"sender\":\tfalse\n\t\t\t\t}],\n\t\t\t\"sum\":\t{\n\t\t\t\t\"start\":\t10.000043,\n\t\t\t\t\"end\":\t11.000055,\n\t\t\t\t\"seconds\":\t1.0000120401382446,\n\t\t\t\t\"bytes\":\t945016,\n\t\t\t\t\"bits_per_second\":\t7560036.9761096733,\n\t\t\t\t\"omitted\":\tfalse,\n\t\t\t\t\"sender\":\tfalse\n\t\t\t}\n\t\t}, {\n\t\t\t\"streams\":\t[{\n\t\t\t\t\t\"socket\":\t5,\n\t\t\t\t\t\"start\":\t11.000055,\n\t\t\t\t\t\"end\":\t12.000054,\n\t\t\t\t\t\"seconds\":\t0.99999898672103882,\n\t\t\t\t\t\"bytes\":\t963840,\n\t\t\t\t\t\"bits_per_second\":\t7710727.81311827,\n\t\t\t\t\t\"omitted\":\tfalse,\n\t\t\t\t\t\"sender\":\tfalse\n\t\t\t\t}],\n\t\t\t\"sum\":\t{\n\t\t\t\t\"start\":\t11.000055,\n\t\t\t\t\"end\":\t12.000054,\n\t\t\t\t\"seconds\":\t0.99999898672103882,\n\t\t\t\t\"bytes\":\t963840,\n\t\t\t\t\"bits_per_second\":\t7710727.81311827,\n\t\t\t\t\"omitted\":\tfalse,\n\t\t\t\t\"sender\":\tfalse\n\t\t\t}\n\t\t}, {\n\t\t\t\"streams\":\t[{\n\t\t\t\t\t\"socket\":\t5,\n\t\t\t\t\t\"start\":\t12.000054,\n\t\t\t\t\t\"end\":\t13.000054,\n\t\t\t\t\t\"seconds\":\t1,\n\t\t\t\t\t\"bytes\":\t947912,\n\t\t\t\t\t\"bits_per_second\":\t7583296,\n\t\t\t\t\t\"omitted\":\tfalse,\n\t\t\t\t\t\"sender\":\tfalse\n\t\t\t\t}],\n\t\t\t\"sum\":\t{\n\t\t\t\t\"start\":\t12.000054,\n\t\t\t\t\"end\":\t13.000054,\n\t\t\t\t\"seconds\":\t1,\n\t\t\t\t\"bytes\":\t947912,\n\t\t\t\t\"bits_per_second\":\t7583296,\n\t\t\t\t\"omitted\":\tfalse,\n\t\t\t\t\"sender\":\tfalse\n\t\t\t}\n\t\t}, {\n\t\t\t\"streams\":\t[{\n\t\t\t\t\t\"socket\":\t5,\n\t\t\t\t\t\"start\":\t13.000054,\n\t\t\t\t\t\"end\":\t14.000055,\n\t\t\t\t\t\"seconds\":\t1.0000009536743164,\n\t\t\t\t\t\"bytes\":\t937776,\n\t\t\t\t\t\"bits_per_second\":\t7502200.8453437369,\n\t\t\t\t\t\"omitted\":\tfalse,\n\t\t\t\t\t\"sender\":\tfalse\n\t\t\t\t}],\n\t\t\t\"sum\":\t{\n\t\t\t\t\"start\":\t13.000054,\n\t\t\t\t\"end\":\t14.000055,\n\t\t\t\t\"seconds\":\t1.0000009536743164,\n\t\t\t\t\"bytes\":\t937776,\n\t\t\t\t\"bits_per_second\":\t7502200.8453437369,\n\t\t\t\t\"omitted\":\tfalse,\n\t\t\t\t\"sender\":\tfalse\n\t\t\t}\n\t\t}, {\n\t\t\t\"streams\":\t[{\n\t\t\t\t\t\"socket\":\t5,\n\t\t\t\t\t\"start\":\t14.000055,\n\t\t\t\t\t\"end\":\t15.000055,\n\t\t\t\t\t\"seconds\":\t1,\n\t\t\t\t\t\"bytes\":\t935632,\n\t\t\t\t\t\"bits_per_second\":\t7485056,\n\t\t\t\t\t\"omitted\":\tfalse,\n\t\t\t\t\t\"sender\":\tfalse\n\t\t\t\t}],\n\t\t\t\"sum\":\t{\n\t\t\t\t\"start\":\t14.000055,\n\t\t\t\t\"end\":\t15.000055,\n\t\t\t\t\"seconds\":\t1,\n\t\t\t\t\"bytes\":\t935632,\n\t\t\t\t\"bits_per_second\":\t7485056,\n\t\t\t\t\"omitted\":\tfalse,\n\t\t\t\t\"sender\":\tfalse\n\t\t\t}\n\t\t}, {\n\t\t\t\"streams\":\t[{\n\t\t\t\t\t\"socket\":\t5,\n\t\t\t\t\t\"start\":\t15.000055,\n\t\t\t\t\t\"end\":\t16.000027,\n\t\t\t\t\t\"seconds\":\t0.99997198581695557,\n\t\t\t\t\t\"bytes\":\t943568,\n\t\t\t\t\t\"bits_per_second\":\t7548755.4722175561,\n\t\t\t\t\t\"omitted\":\tfalse,\n\t\t\t\t\t\"sender\":\tfalse\n\t\t\t\t}],\n\t\t\t\"sum\":\t{\n\t\t\t\t\"start\":\t15.000055,\n\t\t\t\t\"end\":\t16.000027,\n\t\t\t\t\"seconds\":\t0.99997198581695557,\n\t\t\t\t\"bytes\":\t943568,\n\t\t\t\t\"bits_per_second\":\t7548755.4722175561,\n\t\t\t\t\"omitted\":\tfalse,\n\t\t\t\t\"sender\":\tfalse\n\t\t\t}\n\t\t}, {\n\t\t\t\"streams\":\t[{\n\t\t\t\t\t\"socket\":\t5,\n\t\t\t\t\t\"start\":\t16.000027,\n\t\t\t\t\t\"end\":\t17.000054,\n\t\t\t\t\t\"seconds\":\t1.0000269412994385,\n\t\t\t\t\t\"bytes\":\t958048,\n\t\t\t\t\t\"bits_per_second\":\t7664177.5170985619,\n\t\t\t\t\t\"omitted\":\tfalse,\n\t\t\t\t\t\"sender\":\tfalse\n\t\t\t\t}],\n\t\t\t\"sum\":\t{\n\t\t\t\t\"start\":\t16.000027,\n\t\t\t\t\"end\":\t17.000054,\n\t\t\t\t\"seconds\":\t1.0000269412994385,\n\t\t\t\t\"bytes\":\t958048,\n\t\t\t\t\"bits_per_second\":\t7664177.5170985619,\n\t\t\t\t\"omitted\":\tfalse,\n\t\t\t\t\"sender\":\tfalse\n\t\t\t}\n\t\t}, {\n\t\t\t\"streams\":\t[{\n\t\t\t\t\t\"socket\":\t5,\n\t\t\t\t\t\"start\":\t17.000054,\n\t\t\t\t\t\"end\":\t18.000055,\n\t\t\t\t\t\"seconds\":\t1.0000009536743164,\n\t\t\t\t\t\"bytes\":\t937776,\n\t\t\t\t\t\"bits_per_second\":\t7502200.8453437369,\n\t\t\t\t\t\"omitted\":\tfalse,\n\t\t\t\t\t\"sender\":\tfalse\n\t\t\t\t}],\n\t\t\t\"sum\":\t{\n\t\t\t\t\"start\":\t17.000054,\n\t\t\t\t\"end\":\t18.000055,\n\t\t\t\t\"seconds\":\t1.0000009536743164,\n\t\t\t\t\"bytes\":\t937776,\n\t\t\t\t\"bits_per_second\":\t7502200.8453437369,\n\t\t\t\t\"omitted\":\tfalse,\n\t\t\t\t\"sender\":\tfalse\n\t\t\t}\n\t\t}, {\n\t\t\t\"streams\":\t[{\n\t\t\t\t\t\"socket\":\t5,\n\t\t\t\t\t\"start\":\t18.000055,\n\t\t\t\t\t\"end\":\t19.000055,\n\t\t\t\t\t\"seconds\":\t1,\n\t\t\t\t\t\"bytes\":\t947216,\n\t\t\t\t\t\"bits_per_second\":\t7577728,\n\t\t\t\t\t\"omitted\":\tfalse,\n\t\t\t\t\t\"sender\":\tfalse\n\t\t\t\t}],\n\t\t\t\"sum\":\t{\n\t\t\t\t\"start\":\t18.000055,\n\t\t\t\t\"end\":\t19.000055,\n\t\t\t\t\"seconds\":\t1,\n\t\t\t\t\"bytes\":\t947216,\n\t\t\t\t\"bits_per_second\":\t7577728,\n\t\t\t\t\"omitted\":\tfalse,\n\t\t\t\t\"sender\":\tfalse\n\t\t\t}\n\t\t}, {\n\t\t\t\"streams\":\t[{\n\t\t\t\t\t\"socket\":\t5,\n\t\t\t\t\t\"start\":\t19.000055,\n\t\t\t\t\t\"end\":\t20.000054,\n\t\t\t\t\t\"seconds\":\t0.99999898672103882,\n\t\t\t\t\t\"bytes\":\t947912,\n\t\t\t\t\t\"bits_per_second\":\t7583303.68400208,\n\t\t\t\t\t\"omitted\":\tfalse,\n\t\t\t\t\t\"sender\":\tfalse\n\t\t\t\t}],\n\t\t\t\"sum\":\t{\n\t\t\t\t\"start\":\t19.000055,\n\t\t\t\t\"end\":\t20.000054,\n\t\t\t\t\"seconds\":\t0.99999898672103882,\n\t\t\t\t\"bytes\":\t947912,\n\t\t\t\t\"bits_per_second\":\t7583303.68400208,\n\t\t\t\t\"omitted\":\tfalse,\n\t\t\t\t\"sender\":\tfalse\n\t\t\t}\n\t\t}, {\n\t\t\t\"streams\":\t[{\n\t\t\t\t\t\"socket\":\t5,\n\t\t\t\t\t\"start\":\t20.000054,\n\t\t\t\t\t\"end\":\t21.000054,\n\t\t\t\t\t\"seconds\":\t1,\n\t\t\t\t\t\"bytes\":\t931984,\n\t\t\t\t\t\"bits_per_second\":\t7455872,\n\t\t\t\t\t\"omitted\":\tfalse,\n\t\t\t\t\t\"sender\":\tfalse\n\t\t\t\t}],\n\t\t\t\"sum\":\t{\n\t\t\t\t\"start\":\t20.000054,\n\t\t\t\t\"end\":\t21.000054,\n\t\t\t\t\"seconds\":\t1,\n\t\t\t\t\"bytes\":\t931984,\n\t\t\t\t\"bits_per_second\":\t7455872,\n\t\t\t\t\"omitted\":\tfalse,\n\t\t\t\t\"sender\":\tfalse\n\t\t\t}\n\t\t}, {\n\t\t\t\"streams\":\t[{\n\t\t\t\t\t\"socket\":\t5,\n\t\t\t\t\t\"start\":\t21.000054,\n\t\t\t\t\t\"end\":\t22.000056,\n\t\t\t\t\t\"seconds\":\t1.0000020265579224,\n\t\t\t\t\t\"bytes\":\t936328,\n\t\t\t\t\t\"bits_per_second\":\t7490608.8198473528,\n\t\t\t\t\t\"omitted\":\tfalse,\n\t\t\t\t\t\"sender\":\tfalse\n\t\t\t\t}],\n\t\t\t\"sum\":\t{\n\t\t\t\t\"start\":\t21.000054,\n\t\t\t\t\"end\":\t22.000056,\n\t\t\t\t\"seconds\":\t1.0000020265579224,\n\t\t\t\t\"bytes\":\t936328,\n\t\t\t\t\"bits_per_second\":\t7490608.8198473528,\n\t\t\t\t\"omitted\":\tfalse,\n\t\t\t\t\"sender\":\tfalse\n\t\t\t}\n\t\t}, {\n\t\t\t\"streams\":\t[{\n\t\t\t\t\t\"socket\":\t5,\n\t\t\t\t\t\"start\":\t22.000056,\n\t\t\t\t\t\"end\":\t23.000055,\n\t\t\t\t\t\"seconds\":\t0.99999898672103882,\n\t\t\t\t\t\"bytes\":\t934880,\n\t\t\t\t\t\"bits_per_second\":\t7479047.57836156,\n\t\t\t\t\t\"omitted\":\tfalse,\n\t\t\t\t\t\"sender\":\tfalse\n\t\t\t\t}],\n\t\t\t\"sum\":\t{\n\t\t\t\t\"start\":\t22.000056,\n\t\t\t\t\"end\":\t23.000055,\n\t\t\t\t\"seconds\":\t0.99999898672103882,\n\t\t\t\t\"bytes\":\t934880,\n\t\t\t\t\"bits_per_second\":\t7479047.57836156,\n\t\t\t\t\"omitted\":\tfalse,\n\t\t\t\t\"sender\":\tfalse\n\t\t\t}\n\t\t}, {\n\t\t\t\"streams\":\t[{\n\t\t\t\t\t\"socket\":\t5,\n\t\t\t\t\t\"start\":\t23.000055,\n\t\t\t\t\t\"end\":\t24.000055,\n\t\t\t\t\t\"seconds\":\t1,\n\t\t\t\t\t\"bytes\":\t955152,\n\t\t\t\t\t\"bits_per_second\":\t7641216,\n\t\t\t\t\t\"omitted\":\tfalse,\n\t\t\t\t\t\"sender\":\tfalse\n\t\t\t\t}],\n\t\t\t\"sum\":\t{\n\t\t\t\t\"start\":\t23.000055,\n\t\t\t\t\"end\":\t24.000055,\n\t\t\t\t\"seconds\":\t1,\n\t\t\t\t\"bytes\":\t955152,\n\t\t\t\t\"bits_per_second\":\t7641216,\n\t\t\t\t\"omitted\":\tfalse,\n\t\t\t\t\"sender\":\tfalse\n\t\t\t}\n\t\t}, {\n\t\t\t\"streams\":\t[{\n\t\t\t\t\t\"socket\":\t5,\n\t\t\t\t\t\"start\":\t24.000055,\n\t\t\t\t\t\"end\":\t25.000055,\n\t\t\t\t\t\"seconds\":\t1,\n\t\t\t\t\t\"bytes\":\t960248,\n\t\t\t\t\t\"bits_per_second\":\t7681984,\n\t\t\t\t\t\"omitted\":\tfalse,\n\t\t\t\t\t\"sender\":\tfalse\n\t\t\t\t}],\n\t\t\t\"sum\":\t{\n\t\t\t\t\"start\":\t24.000055,\n\t\t\t\t\"end\":\t25.000055,\n\t\t\t\t\"seconds\":\t1,\n\t\t\t\t\"bytes\":\t960248,\n\t\t\t\t\"bits_per_second\":\t7681984,\n\t\t\t\t\"omitted\":\tfalse,\n\t\t\t\t\"sender\":\tfalse\n\t\t\t}\n\t\t}, {\n\t\t\t\"streams\":\t[{\n\t\t\t\t\t\"socket\":\t5,\n\t\t\t\t\t\"start\":\t25.000055,\n\t\t\t\t\t\"end\":\t26.000056,\n\t\t\t\t\t\"seconds\":\t1.0000009536743164,\n\t\t\t\t\t\"bytes\":\t952256,\n\t\t\t\t\t\"bits_per_second\":\t7618040.73487021,\n\t\t\t\t\t\"omitted\":\tfalse,\n\t\t\t\t\t\"sender\":\tfalse\n\t\t\t\t}],\n\t\t\t\"sum\":\t{\n\t\t\t\t\"start\":\t25.000055,\n\t\t\t\t\"end\":\t26.000056,\n\t\t\t\t\"seconds\":\t1.0000009536743164,\n\t\t\t\t\"bytes\":\t952256,\n\t\t\t\t\"bits_per_second\":\t7618040.73487021,\n\t\t\t\t\"omitted\":\tfalse,\n\t\t\t\t\"sender\":\tfalse\n\t\t\t}\n\t\t}, {\n\t\t\t\"streams\":\t[{\n\t\t\t\t\t\"socket\":\t5,\n\t\t\t\t\t\"start\":\t26.000056,\n\t\t\t\t\t\"end\":\t27.000055,\n\t\t\t\t\t\"seconds\":\t0.99999898672103882,\n\t\t\t\t\t\"bytes\":\t959496,\n\t\t\t\t\t\"bits_per_second\":\t7675975.777904762,\n\t\t\t\t\t\"omitted\":\tfalse,\n\t\t\t\t\t\"sender\":\tfalse\n\t\t\t\t}],\n\t\t\t\"sum\":\t{\n\t\t\t\t\"start\":\t26.000056,\n\t\t\t\t\"end\":\t27.000055,\n\t\t\t\t\"seconds\":\t0.99999898672103882,\n\t\t\t\t\"bytes\":\t959496,\n\t\t\t\t\"bits_per_second\":\t7675975.777904762,\n\t\t\t\t\"omitted\":\tfalse,\n\t\t\t\t\"sender\":\tfalse\n\t\t\t}\n\t\t}, {\n\t\t\t\"streams\":\t[{\n\t\t\t\t\t\"socket\":\t5,\n\t\t\t\t\t\"start\":\t27.000055,\n\t\t\t\t\t\"end\":\t28.000054,\n\t\t\t\t\t\"seconds\":\t0.99999898672103882,\n\t\t\t\t\t\"bytes\":\t942872,\n\t\t\t\t\t\"bits_per_second\":\t7542983.64314663,\n\t\t\t\t\t\"omitted\":\tfalse,\n\t\t\t\t\t\"sender\":\tfalse\n\t\t\t\t}],\n\t\t\t\"sum\":\t{\n\t\t\t\t\"start\":\t27.000055,\n\t\t\t\t\"end\":\t28.000054,\n\t\t\t\t\"seconds\":\t0.99999898672103882,\n\t\t\t\t\"bytes\":\t942872,\n\t\t\t\t\"bits_per_second\":\t7542983.64314663,\n\t\t\t\t\"omitted\":\tfalse,\n\t\t\t\t\"sender\":\tfalse\n\t\t\t}\n\t\t}, {\n\t\t\t\"streams\":\t[{\n\t\t\t\t\t\"socket\":\t5,\n\t\t\t\t\t\"start\":\t28.000054,\n\t\t\t\t\t\"end\":\t29.000054,\n\t\t\t\t\t\"seconds\":\t1,\n\t\t\t\t\t\"bytes\":\t946464,\n\t\t\t\t\t\"bits_per_second\":\t7571712,\n\t\t\t\t\t\"omitted\":\tfalse,\n\t\t\t\t\t\"sender\":\tfalse\n\t\t\t\t}],\n\t\t\t\"sum\":\t{\n\t\t\t\t\"start\":\t28.000054,\n\t\t\t\t\"end\":\t29.000054,\n\t\t\t\t\"seconds\":\t1,\n\t\t\t\t\"bytes\":\t946464,\n\t\t\t\t\"bits_per_second\":\t7571712,\n\t\t\t\t\"omitted\":\tfalse,\n\t\t\t\t\"sender\":\tfalse\n\t\t\t}\n\t\t}, {\n\t\t\t\"streams\":\t[{\n\t\t\t\t\t\"socket\":\t5,\n\t\t\t\t\t\"start\":\t29.000054,\n\t\t\t\t\t\"end\":\t30.000059,\n\t\t\t\t\t\"seconds\":\t1.0000050067901611,\n\t\t\t\t\t\"bytes\":\t933432,\n\t\t\t\t\t\"bits_per_second\":\t7467418.6122019636,\n\t\t\t\t\t\"omitted\":\tfalse,\n\t\t\t\t\t\"sender\":\tfalse\n\t\t\t\t}],\n\t\t\t\"sum\":\t{\n\t\t\t\t\"start\":\t29.000054,\n\t\t\t\t\"end\":\t30.000059,\n\t\t\t\t\"seconds\":\t1.0000050067901611,\n\t\t\t\t\"bytes\":\t933432,\n\t\t\t\t\"bits_per_second\":\t7467418.6122019636,\n\t\t\t\t\"omitted\":\tfalse,\n\t\t\t\t\"sender\":\tfalse\n\t\t\t}\n\t\t}],\n\t\"end\":\t{\n\t\t\"streams\":\t[{\n\t\t\t\t\"sender\":\t{\n\t\t\t\t\t\"socket\":\t5,\n\t\t\t\t\t\"start\":\t0,\n\t\t\t\t\t\"end\":\t30.000059,\n\t\t\t\t\t\"seconds\":\t30.000059,\n\t\t\t\t\t\"bytes\":\t28573696,\n\t\t\t\t\t\"bits_per_second\":\t7619637.2813800136,\n\t\t\t\t\t\"sender\":\tfalse\n\t\t\t\t},\n\t\t\t\t\"receiver\":\t{\n\t\t\t\t\t\"socket\":\t5,\n\t\t\t\t\t\"start\":\t0,\n\t\t\t\t\t\"end\":\t30.000059,\n\t\t\t\t\t\"seconds\":\t30.000059,\n\t\t\t\t\t\"bytes\":\t28357888,\n\t\t\t\t\t\"bits_per_second\":\t7562088.5945590977,\n\t\t\t\t\t\"sender\":\tfalse\n\t\t\t\t}\n\t\t\t}],\n\t\t\"sum_sent\":\t{\n\t\t\t\"start\":\t0,\n\t\t\t\"end\":\t30.000059,\n\t\t\t\"seconds\":\t30.000059,\n\t\t\t\"bytes\":\t28573696,\n\t\t\t\"bits_per_second\":\t7619637.2813800136,\n\t\t\t\"sender\":\tfalse\n\t\t},\n\t\t\"sum_received\":\t{\n\t\t\t\"start\":\t0,\n\t\t\t\"end\":\t30.000059,\n\t\t\t\"seconds\":\t30.000059,\n\t\t\t\"bytes\":\t28357888,\n\t\t\t\"bits_per_second\":\t7562088.5945590977,\n\t\t\t\"sender\":\tfalse\n\t\t},\n\t\t\"cpu_utilization_percent\":\t{\n\t\t\t\"host_total\":\t0.304602266538331,\n\t\t\t\"host_user\":\t0.034747792566477871,\n\t\t\t\"host_system\":\t0.26985447397185314,\n\t\t\t\"remote_total\":\t0.308221,\n\t\t\t\"remote_user\":\t0.205481,\n\t\t\t\"remote_system\":\t0.10274\n\t\t},\n\t\t\"receiver_tcp_congestion\":\t\"bbr\"\n\t}\n}\n",
              "stderr": "",
              "exit_code": 0,
              "iperf_json": {
                "start": {
                  "connected": [
                    {
                      "socket": 5,
                      "local_host": "192.168.3.1",
                      "local_port": 53128,
                      "remote_host": "192.168.3.2",
                      "remote_port": 5201
                    }
                  ],
                  "version": "iperf 3.10.1",
                  "system_info": "Linux CBA-20240614 6.2.15-100.fc36.x86_64 #1 SMP PREEMPT_DYNAMIC Thu May 11 16:51:53 UTC 2023 x86_64",
                  "timestamp": {
                    "time": "Thu, 16 Jul 2026 05:48:53 GMT",
                    "timesecs": 1784180933
                  },
                  "connecting_to": {
                    "host": "192.168.3.2",
                    "port": 5201
                  },
                  "cookie": "h2mxx26zimmfsjni4i6yqzn62wzixgmvxf36",
                  "tcp_mss_default": 1448,
                  "sock_bufsize": 0,
                  "sndbuf_actual": 16384,
                  "rcvbuf_actual": 131072,
                  "test_start": {
                    "protocol": "TCP",
                    "num_streams": 1,
                    "blksize": 131072,
                    "omit": 0,
                    "duration": 30,
                    "bytes": 0,
                    "blocks": 0,
                    "reverse": 1,
                    "tos": 0
                  }
                },
                "intervals": [
                  {
                    "streams": [
                      {
                        "socket": 5,
                        "start": 0,
                        "end": 1.000014,
                        "seconds": 1.0000139474868774,
                        "bytes": 971900,
                        "bits_per_second": 7775091.5570125375,
                        "omitted": false,
                        "sender": false
                      }
                    ],
                    "sum": {
                      "start": 0,
                      "end": 1.000014,
                      "seconds": 1.0000139474868774,
                      "bytes": 971900,
                      "bits_per_second": 7775091.5570125375,
                      "omitted": false,
                      "sender": false
                    }
                  },
                  {
                    "streams": [
                      {
                        "socket": 5,
                        "start": 1.000014,
                        "end": 2.000055,
                        "seconds": 1.0000410079956055,
                        "bytes": 929716,
                        "bits_per_second": 7437423.006190046,
                        "omitted": false,
                        "sender": false
                      }
                    ],
                    "sum": {
                      "start": 1.000014,
                      "end": 2.000055,
                      "seconds": 1.0000410079956055,
                      "bytes": 929716,
                      "bits_per_second": 7437423.006190046,
                      "omitted": false,
                      "sender": false
                    }
                  },
                  {
                    "streams": [
                      {
                        "socket": 5,
                        "start": 2.000055,
                        "end": 3.000055,
                        "seconds": 1,
                        "bytes": 929088,
                        "bits_per_second": 7432704,
                        "omitted": false,
                        "sender": false
                      }
                    ],
                    "sum": {
                      "start": 2.000055,
                      "end": 3.000055,
                      "seconds": 1,
                      "bytes": 929088,
                      "bits_per_second": 7432704,
                      "omitted": false,
                      "sender": false
                    }
                  },
                  {
                    "streams": [
                      {
                        "socket": 5,
                        "start": 3.000055,
                        "end": 4.000005,
                        "seconds": 0.9999499917030334,
                        "bytes": 950808,
                        "bits_per_second": 7606844.405334,
                        "omitted": false,
                        "sender": false
                      }
                    ],
                    "sum": {
                      "start": 3.000055,
                      "end": 4.000005,
                      "seconds": 0.9999499917030334,
                      "bytes": 950808,
                      "bits_per_second": 7606844.405334,
                      "omitted": false,
                      "sender": false
                    }
                  },
                  {
                    "streams": [
                      {
                        "socket": 5,
                        "start": 4.000005,
                        "end": 5.000026,
                        "seconds": 1.000020980834961,
                        "bytes": 934880,
                        "bits_per_second": 7478883.086788264,
                        "omitted": false,
                        "sender": false
                      }
                    ],
                    "sum": {
                      "start": 4.000005,
                      "end": 5.000026,
                      "seconds": 1.000020980834961,
                      "bytes": 934880,
                      "bits_per_second": 7478883.086788264,
                      "omitted": false,
                      "sender": false
                    }
                  },
                  {
                    "streams": [
                      {
                        "socket": 5,
                        "start": 5.000026,
                        "end": 6.000055,
                        "seconds": 1.0000289678573608,
                        "bytes": 947216,
                        "bits_per_second": 7577508.4958147425,
                        "omitted": false,
                        "sender": false
                      }
                    ],
                    "sum": {
                      "start": 5.000026,
                      "end": 6.000055,
                      "seconds": 1.0000289678573608,
                      "bytes": 947216,
                      "bits_per_second": 7577508.4958147425,
                      "omitted": false,
                      "sender": false
                    }
                  },
                  {
                    "streams": [
                      {
                        "socket": 5,
                        "start": 6.000055,
                        "end": 7.000055,
                        "seconds": 1,
                        "bytes": 936328,
                        "bits_per_second": 7490624,
                        "omitted": false,
                        "sender": false
                      }
                    ],
                    "sum": {
                      "start": 6.000055,
                      "end": 7.000055,
                      "seconds": 1,
                      "bytes": 936328,
                      "bits_per_second": 7490624,
                      "omitted": false,
                      "sender": false
                    }
                  },
                  {
                    "streams": [
                      {
                        "socket": 5,
                        "start": 7.000055,
                        "end": 8.000054,
                        "seconds": 0.9999989867210388,
                        "bytes": 947912,
                        "bits_per_second": 7583303.68400208,
                        "omitted": false,
                        "sender": false
                      }
                    ],
                    "sum": {
                      "start": 7.000055,
                      "end": 8.000054,
                      "seconds": 0.9999989867210388,
                      "bytes": 947912,
                      "bits_per_second": 7583303.68400208,
                      "omitted": false,
                      "sender": false
                    }
                  },
                  {
                    "streams": [
                      {
                        "socket": 5,
                        "start": 8.000054,
                        "end": 9.000054,
                        "seconds": 1,
                        "bytes": 940672,
                        "bits_per_second": 7525376,
                        "omitted": false,
                        "sender": false
                      }
                    ],
                    "sum": {
                      "start": 8.000054,
                      "end": 9.000054,
                      "seconds": 1,
                      "bytes": 940672,
                      "bits_per_second": 7525376,
                      "omitted": false,
                      "sender": false
                    }
                  },
                  {
                    "streams": [
                      {
                        "socket": 5,
                        "start": 9.000054,
                        "end": 10.000043,
                        "seconds": 0.9999889731407166,
                        "bytes": 951560,
                        "bits_per_second": 7612563.942671382,
                        "omitted": false,
                        "sender": false
                      }
                    ],
                    "sum": {
                      "start": 9.000054,
                      "end": 10.000043,
                      "seconds": 0.9999889731407166,
                      "bytes": 951560,
                      "bits_per_second": 7612563.942671382,
                      "omitted": false,
                      "sender": false
                    }
                  },
                  {
                    "streams": [
                      {
                        "socket": 5,
                        "start": 10.000043,
                        "end": 11.000055,
                        "seconds": 1.0000120401382446,
                        "bytes": 945016,
                        "bits_per_second": 7560036.976109673,
                        "omitted": false,
                        "sender": false
                      }
                    ],
                    "sum": {
                      "start": 10.000043,
                      "end": 11.000055,
                      "seconds": 1.0000120401382446,
                      "bytes": 945016,
                      "bits_per_second": 7560036.976109673,
                      "omitted": false,
                      "sender": false
                    }
                  },
                  {
                    "streams": [
                      {
                        "socket": 5,
                        "start": 11.000055,
                        "end": 12.000054,
                        "seconds": 0.9999989867210388,
                        "bytes": 963840,
                        "bits_per_second": 7710727.81311827,
                        "omitted": false,
                        "sender": false
                      }
                    ],
                    "sum": {
                      "start": 11.000055,
                      "end": 12.000054,
                      "seconds": 0.9999989867210388,
                      "bytes": 963840,
                      "bits_per_second": 7710727.81311827,
                      "omitted": false,
                      "sender": false
                    }
                  },
                  {
                    "streams": [
                      {
                        "socket": 5,
                        "start": 12.000054,
                        "end": 13.000054,
                        "seconds": 1,
                        "bytes": 947912,
                        "bits_per_second": 7583296,
                        "omitted": false,
                        "sender": false
                      }
                    ],
                    "sum": {
                      "start": 12.000054,
                      "end": 13.000054,
                      "seconds": 1,
                      "bytes": 947912,
                      "bits_per_second": 7583296,
                      "omitted": false,
                      "sender": false
                    }
                  },
                  {
                    "streams": [
                      {
                        "socket": 5,
                        "start": 13.000054,
                        "end": 14.000055,
                        "seconds": 1.0000009536743164,
                        "bytes": 937776,
                        "bits_per_second": 7502200.845343737,
                        "omitted": false,
                        "sender": false
                      }
                    ],
                    "sum": {
                      "start": 13.000054,
                      "end": 14.000055,
                      "seconds": 1.0000009536743164,
                      "bytes": 937776,
                      "bits_per_second": 7502200.845343737,
                      "omitted": false,
                      "sender": false
                    }
                  },
                  {
                    "streams": [
                      {
                        "socket": 5,
                        "start": 14.000055,
                        "end": 15.000055,
                        "seconds": 1,
                        "bytes": 935632,
                        "bits_per_second": 7485056,
                        "omitted": false,
                        "sender": false
                      }
                    ],
                    "sum": {
                      "start": 14.000055,
                      "end": 15.000055,
                      "seconds": 1,
                      "bytes": 935632,
                      "bits_per_second": 7485056,
                      "omitted": false,
                      "sender": false
                    }
                  },
                  {
                    "streams": [
                      {
                        "socket": 5,
                        "start": 15.000055,
                        "end": 16.000027,
                        "seconds": 0.9999719858169556,
                        "bytes": 943568,
                        "bits_per_second": 7548755.472217556,
                        "omitted": false,
                        "sender": false
                      }
                    ],
                    "sum": {
                      "start": 15.000055,
                      "end": 16.000027,
                      "seconds": 0.9999719858169556,
                      "bytes": 943568,
                      "bits_per_second": 7548755.472217556,
                      "omitted": false,
                      "sender": false
                    }
                  },
                  {
                    "streams": [
                      {
                        "socket": 5,
                        "start": 16.000027,
                        "end": 17.000054,
                        "seconds": 1.0000269412994385,
                        "bytes": 958048,
                        "bits_per_second": 7664177.517098562,
                        "omitted": false,
                        "sender": false
                      }
                    ],
                    "sum": {
                      "start": 16.000027,
                      "end": 17.000054,
                      "seconds": 1.0000269412994385,
                      "bytes": 958048,
                      "bits_per_second": 7664177.517098562,
                      "omitted": false,
                      "sender": false
                    }
                  },
                  {
                    "streams": [
                      {
                        "socket": 5,
                        "start": 17.000054,
                        "end": 18.000055,
                        "seconds": 1.0000009536743164,
                        "bytes": 937776,
                        "bits_per_second": 7502200.845343737,
                        "omitted": false,
                        "sender": false
                      }
                    ],
                    "sum": {
                      "start": 17.000054,
                      "end": 18.000055,
                      "seconds": 1.0000009536743164,
                      "bytes": 937776,
                      "bits_per_second": 7502200.845343737,
                      "omitted": false,
                      "sender": false
                    }
                  },
                  {
                    "streams": [
                      {
                        "socket": 5,
                        "start": 18.000055,
                        "end": 19.000055,
                        "seconds": 1,
                        "bytes": 947216,
                        "bits_per_second": 7577728,
                        "omitted": false,
                        "sender": false
                      }
                    ],
                    "sum": {
                      "start": 18.000055,
                      "end": 19.000055,
                      "seconds": 1,
                      "bytes": 947216,
                      "bits_per_second": 7577728,
                      "omitted": false,
                      "sender": false
                    }
                  },
                  {
                    "streams": [
                      {
                        "socket": 5,
                        "start": 19.000055,
                        "end": 20.000054,
                        "seconds": 0.9999989867210388,
                        "bytes": 947912,
                        "bits_per_second": 7583303.68400208,
                        "omitted": false,
                        "sender": false
                      }
                    ],
                    "sum": {
                      "start": 19.000055,
                      "end": 20.000054,
                      "seconds": 0.9999989867210388,
                      "bytes": 947912,
                      "bits_per_second": 7583303.68400208,
                      "omitted": false,
                      "sender": false
                    }
                  },
                  {
                    "streams": [
                      {
                        "socket": 5,
                        "start": 20.000054,
                        "end": 21.000054,
                        "seconds": 1,
                        "bytes": 931984,
                        "bits_per_second": 7455872,
                        "omitted": false,
                        "sender": false
                      }
                    ],
                    "sum": {
                      "start": 20.000054,
                      "end": 21.000054,
                      "seconds": 1,
                      "bytes": 931984,
                      "bits_per_second": 7455872,
                      "omitted": false,
                      "sender": false
                    }
                  },
                  {
                    "streams": [
                      {
                        "socket": 5,
                        "start": 21.000054,
                        "end": 22.000056,
                        "seconds": 1.0000020265579224,
                        "bytes": 936328,
                        "bits_per_second": 7490608.819847353,
                        "omitted": false,
                        "sender": false
                      }
                    ],
                    "sum": {
                      "start": 21.000054,
                      "end": 22.000056,
                      "seconds": 1.0000020265579224,
                      "bytes": 936328,
                      "bits_per_second": 7490608.819847353,
                      "omitted": false,
                      "sender": false
                    }
                  },
                  {
                    "streams": [
                      {
                        "socket": 5,
                        "start": 22.000056,
                        "end": 23.000055,
                        "seconds": 0.9999989867210388,
                        "bytes": 934880,
                        "bits_per_second": 7479047.57836156,
                        "omitted": false,
                        "sender": false
                      }
                    ],
                    "sum": {
                      "start": 22.000056,
                      "end": 23.000055,
                      "seconds": 0.9999989867210388,
                      "bytes": 934880,
                      "bits_per_second": 7479047.57836156,
                      "omitted": false,
                      "sender": false
                    }
                  },
                  {
                    "streams": [
                      {
                        "socket": 5,
                        "start": 23.000055,
                        "end": 24.000055,
                        "seconds": 1,
                        "bytes": 955152,
                        "bits_per_second": 7641216,
                        "omitted": false,
                        "sender": false
                      }
                    ],
                    "sum": {
                      "start": 23.000055,
                      "end": 24.000055,
                      "seconds": 1,
                      "bytes": 955152,
                      "bits_per_second": 7641216,
                      "omitted": false,
                      "sender": false
                    }
                  },
                  {
                    "streams": [
                      {
                        "socket": 5,
                        "start": 24.000055,
                        "end": 25.000055,
                        "seconds": 1,
                        "bytes": 960248,
                        "bits_per_second": 7681984,
                        "omitted": false,
                        "sender": false
                      }
                    ],
                    "sum": {
                      "start": 24.000055,
                      "end": 25.000055,
                      "seconds": 1,
                      "bytes": 960248,
                      "bits_per_second": 7681984,
                      "omitted": false,
                      "sender": false
                    }
                  },
                  {
                    "streams": [
                      {
                        "socket": 5,
                        "start": 25.000055,
                        "end": 26.000056,
                        "seconds": 1.0000009536743164,
                        "bytes": 952256,
                        "bits_per_second": 7618040.73487021,
                        "omitted": false,
                        "sender": false
                      }
                    ],
                    "sum": {
                      "start": 25.000055,
                      "end": 26.000056,
                      "seconds": 1.0000009536743164,
                      "bytes": 952256,
                      "bits_per_second": 7618040.73487021,
                      "omitted": false,
                      "sender": false
                    }
                  },
                  {
                    "streams": [
                      {
                        "socket": 5,
                        "start": 26.000056,
                        "end": 27.000055,
                        "seconds": 0.9999989867210388,
                        "bytes": 959496,
                        "bits_per_second": 7675975.777904762,
                        "omitted": false,
                        "sender": false
                      }
                    ],
                    "sum": {
                      "start": 26.000056,
                      "end": 27.000055,
                      "seconds": 0.9999989867210388,
                      "bytes": 959496,
                      "bits_per_second": 7675975.777904762,
                      "omitted": false,
                      "sender": false
                    }
                  },
                  {
                    "streams": [
                      {
                        "socket": 5,
                        "start": 27.000055,
                        "end": 28.000054,
                        "seconds": 0.9999989867210388,
                        "bytes": 942872,
                        "bits_per_second": 7542983.64314663,
                        "omitted": false,
                        "sender": false
                      }
                    ],
                    "sum": {
                      "start": 27.000055,
                      "end": 28.000054,
                      "seconds": 0.9999989867210388,
                      "bytes": 942872,
                      "bits_per_second": 7542983.64314663,
                      "omitted": false,
                      "sender": false
                    }
                  },
                  {
                    "streams": [
                      {
                        "socket": 5,
                        "start": 28.000054,
                        "end": 29.000054,
                        "seconds": 1,
                        "bytes": 946464,
                        "bits_per_second": 7571712,
                        "omitted": false,
                        "sender": false
                      }
                    ],
                    "sum": {
                      "start": 28.000054,
                      "end": 29.000054,
                      "seconds": 1,
                      "bytes": 946464,
                      "bits_per_second": 7571712,
                      "omitted": false,
                      "sender": false
                    }
                  },
                  {
                    "streams": [
                      {
                        "socket": 5,
                        "start": 29.000054,
                        "end": 30.000059,
                        "seconds": 1.0000050067901611,
                        "bytes": 933432,
                        "bits_per_second": 7467418.612201964,
                        "omitted": false,
                        "sender": false
                      }
                    ],
                    "sum": {
                      "start": 29.000054,
                      "end": 30.000059,
                      "seconds": 1.0000050067901611,
                      "bytes": 933432,
                      "bits_per_second": 7467418.612201964,
                      "omitted": false,
                      "sender": false
                    }
                  }
                ],
                "end": {
                  "streams": [
                    {
                      "sender": {
                        "socket": 5,
                        "start": 0,
                        "end": 30.000059,
                        "seconds": 30.000059,
                        "bytes": 28573696,
                        "bits_per_second": 7619637.281380014,
                        "sender": false
                      },
                      "receiver": {
                        "socket": 5,
                        "start": 0,
                        "end": 30.000059,
                        "seconds": 30.000059,
                        "bytes": 28357888,
                        "bits_per_second": 7562088.594559098,
                        "sender": false
                      }
                    }
                  ],
                  "sum_sent": {
                    "start": 0,
                    "end": 30.000059,
                    "seconds": 30.000059,
                    "bytes": 28573696,
                    "bits_per_second": 7619637.281380014,
                    "sender": false
                  },
                  "sum_received": {
                    "start": 0,
                    "end": 30.000059,
                    "seconds": 30.000059,
                    "bytes": 28357888,
                    "bits_per_second": 7562088.594559098,
                    "sender": false
                  },
                  "cpu_utilization_percent": {
                    "host_total": 0.304602266538331,
                    "host_user": 0.03474779256647787,
                    "host_system": 0.26985447397185314,
                    "remote_total": 0.308221,
                    "remote_user": 0.205481,
                    "remote_system": 0.10274
                  },
                  "receiver_tcp_congestion": "bbr"
                }
              }
            },
            "storage_targets": {
              "timeseries": "samples",
              "neo4j": "parameters + context + test relationship",
              "qdrant": "summary + future notes/log analysis"
            },
            "result_file": "D:\\NetworkAutomation\\results\\iperf\\2026-07-16\\iperf-20260716-135724-aecf9c.json",
            "text_log_file": "D:\\NetworkAutomation\\results\\iperf\\2026-07-16\\iperf-20260716-135724-aecf9c.txt",
            "returncode": 0
          },
          "schema_version": "1.0",
          "timestamp": "2026-07-16T13:57:24+08:00",
          "result_file": null,
          "returncode": 0
        }
      }
    ],
    "message": "Band 切換、PHY 連線確認與 iPerf 測試均完成。"
  },
  "schema_version": "1.0",
  "timestamp": "2026-07-16T13:57:24+08:00",
  "result_file": null
}
