{
  "success": true,
  "tool": "amarisoft.set_nr_band",
  "human_summary": "ENDC Band 組合切換完成：1A_n78A，BW 20_100。",
  "machine_result": {
    "success": true,
    "mode": "ENDC",
    "band_config": "1A_n78A",
    "bandwidth_config": "20_100",
    "modifier": {
      "success": true,
      "mode": "ENDC",
      "input_cfg": "D:\\NetworkAutomation\\generated\\ENDC_LTE_stage_1.tmp.cfg",
      "output_cfg": "D:\\NetworkAutomation\\generated\\AutoConfig_ENDC_1A_n78A.cfg",
      "start_cell": 1,
      "nr_cell_count": 1,
      "normalized_input": "n78A(100)",
      "bcs_skeleton": "n78A:100",
      "carriers": [
        {
          "carrier_index": 1,
          "band": 78,
          "ca_class": "A",
          "duplex_type": "TDD",
          "bandwidth_mhz": 100.0,
          "subcarrier_spacing_khz": 30,
          "channel_raster_khz": 30,
          "center_frequency_mhz": 3350.01,
          "nr_arfcn": 623334
        }
      ],
      "changes": [
        {
          "key": "NR_CELL",
          "old": "2",
          "new": "1"
        },
        {
          "key": "NR_TDD_Cell_1",
          "old": "1",
          "new": "1"
        },
        {
          "key": "NR_EARFCN_1_DL",
          "old": "518598",
          "new": "623334"
        },
        {
          "key": "NR_BANDWIDTH_1",
          "old": "100",
          "new": "100"
        },
        {
          "key": "NR_BAND_1",
          "old": "41",
          "new": "78"
        },
        {
          "key": "SDR_Count",
          "old": "6",
          "new": "4"
        },
        {
          "key": "SDR_Card",
          "old": "\"dev0=/dev/sdr0,dev1=/dev/sdr1,dev2=/dev/sdr2,dev3=/dev/sdr3,dev4=/dev/sdr4,dev5=/dev/sdr5,\"",
          "new": "\"dev0=/dev/sdr0,dev1=/dev/sdr1,dev2=/dev/sdr2,dev3=/dev/sdr3,\""
        }
      ],
      "sdr_allocation": {
        "model": "100M",
        "lte_cells": 1,
        "nr_cells": 1,
        "lte_sdr_count": 2,
        "nr_sdr_count": 2,
        "total_sdr_count": 4,
        "max_sdr_count": 8,
        "sdr_card": "dev0=/dev/sdr0,dev1=/dev/sdr1,dev2=/dev/sdr2,dev3=/dev/sdr3,",
        "per_cell": [
          {
            "rat": "LTE",
            "cell": 1,
            "mimo_dl": 4,
            "sdr_count": 2
          },
          {
            "rat": "NR",
            "cell": 1,
            "mimo_dl": 4,
            "bandwidth_mhz": 100.0,
            "sdr_count": 2
          }
        ]
      }
    },
    "lte_anchor": [
      {
        "success": true,
        "input_cfg": "D:\\NetworkAutomation\\plugins\\amarisoft\\AutoConfig_ENDC.cfg",
        "output_cfg": "D:\\NetworkAutomation\\generated\\ENDC_LTE_stage_1.tmp.cfg",
        "cell": 1,
        "band": 1,
        "mode": "FDD",
        "dl_earfcn": 300,
        "bandwidth_mhz": 20.0,
        "rb_dl": 100,
        "mimo_dl": null,
        "mimo_ul": null,
        "modulation_dl": null,
        "modulation_ul": null,
        "mcs_dl": null,
        "mcs_ul": null,
        "changes": [
          {
            "key": "LTE_Cell_1_EARFCN_DL",
            "old": "1575",
            "new": "300"
          },
          {
            "key": "LTE_Cell_1_RB_DL",
            "old": "100",
            "new": "100"
          },
          {
            "key": "LTE_TDD_Cell_1",
            "old": "0",
            "new": "0"
          },
          {
            "key": "SDR_Count",
            "old": "6",
            "new": "6"
          },
          {
            "key": "SDR_Card",
            "old": "\"dev0=/dev/sdr0,dev1=/dev/sdr1,dev2=/dev/sdr2,dev3=/dev/sdr3,dev4=/dev/sdr4,dev5=/dev/sdr5\"",
            "new": "\"dev0=/dev/sdr0,dev1=/dev/sdr1,dev2=/dev/sdr2,dev3=/dev/sdr3,dev4=/dev/sdr4,dev5=/dev/sdr5,\""
          }
        ],
        "sdr_allocation": {
          "model": "100M",
          "lte_cells": 1,
          "nr_cells": 2,
          "lte_sdr_count": 2,
          "nr_sdr_count": 4,
          "total_sdr_count": 6,
          "max_sdr_count": 8,
          "sdr_card": "dev0=/dev/sdr0,dev1=/dev/sdr1,dev2=/dev/sdr2,dev3=/dev/sdr3,dev4=/dev/sdr4,dev5=/dev/sdr5,",
          "per_cell": [
            {
              "rat": "LTE",
              "cell": 1,
              "mimo_dl": 4,
              "sdr_count": 2
            },
            {
              "rat": "NR",
              "cell": 1,
              "mimo_dl": 4,
              "bandwidth_mhz": 100.0,
              "sdr_count": 2
            },
            {
              "rat": "NR",
              "cell": 2,
              "mimo_dl": 4,
              "bandwidth_mhz": 100.0,
              "sdr_count": 2
            }
          ]
        }
      }
    ],
    "generated_cfg": "D:\\NetworkAutomation\\generated\\AutoConfig_ENDC_1A_n78A.cfg",
    "dry_run": false,
    "runtime_files": {
      "apply_nr_to_callbox": "D:\\NetworkAutomation\\plugins\\amarisoft\\apply_nr_to_callbox.py",
      "nr_config_modifier": "D:\\NetworkAutomation\\plugins\\amarisoft\\nr_config_modifier.py",
      "nr_spec": "D:\\NetworkAutomation\\plugins\\amarisoft\\nr_spec.json",
      "nr_config_modifier_sha256": "f463d0f51856be09952a9f69d78aeeb25e2beb240b32bcfc1038ace05b48fd59",
      "nr_spec_sha256": "766c025cb95c566d6229fd2cc4e464c7e4409c0b3f9a1358480b186d85917af2"
    },
    "local_config_verify": {
      "success": true,
      "defines": {
        "NR_BAND_1": "78",
        "NR_BANDWIDTH_1": "100",
        "NR_EARFCN_1_DL": "623334"
      }
    },
    "stage_success": {
      "config_generated": true,
      "uploaded": true,
      "lte_service_stable": true,
      "remote_config_verified": true,
      "ue_connected": true
    },
    "remote_cfg_path": "/root/enb/config/AutoConfig.cfg",
    "source_template": "D:\\NetworkAutomation\\plugins\\amarisoft\\AutoConfig_ENDC.cfg",
    "backup": {
      "success": true,
      "stdout": "",
      "stderr": ""
    },
    "upload": {
      "success": true,
      "local_path": "D:\\NetworkAutomation\\generated\\AutoConfig_ENDC_1A_n78A.cfg",
      "remote_path": "/root/enb/config/AutoConfig.cfg"
    },
    "restart": {
      "success": true,
      "commands": [
        {
          "success": true,
          "command": "cd /root/enb/config && ln -sfn AutoConfig.cfg enb.cfg",
          "exit_code": 0,
          "stdout": "",
          "stderr": ""
        },
        {
          "success": true,
          "command": "service lte restart",
          "exit_code": 0,
          "stdout": "",
          "stderr": "Redirecting to /bin/systemctl restart lte.service\n"
        }
      ]
    },
    "lte_service": {
      "success": true,
      "elapsed_sec": 2.1,
      "attempts": [
        {
          "elapsed_sec": 0.0,
          "running": true,
          "consecutive_success": 1
        },
        {
          "elapsed_sec": 2.1,
          "running": true,
          "consecutive_success": 2
        }
      ]
    },
    "config_verify": {
      "success": true,
      "command": "grep -E '^#define (NR_BAND_1|NR_BANDWIDTH_1|NR_EARFCN_1_DL)' /root/enb/config/AutoConfig.cfg",
      "stdout": "#define NR_EARFCN_1_DL        623334\r\n#define NR_BANDWIDTH_1        100\r\n#define NR_BAND_1            78    \r\n",
      "stderr": "",
      "missing": []
    },
    "ue_wait_timeout_sec": 300,
    "connection": {
      "success": true,
      "connected": true,
      "connection_basis": "phy_rate",
      "elapsed_sec": 100.8,
      "phy_connected_at_sec": 100.8,
      "data_ip_wait_sec": 0.0,
      "phy_rate": {
        "success": true,
        "cells": [
          {
            "cell_id": "1",
            "dl_bitrate_bps": 554300,
            "ul_bitrate_bps": 11153760,
            "dl_bitrate_mbps": 0.554,
            "ul_bitrate_mbps": 11.154,
            "active": true
          },
          {
            "cell_id": "2",
            "dl_bitrate_bps": 0,
            "ul_bitrate_bps": 0,
            "dl_bitrate_mbps": 0.0,
            "ul_bitrate_mbps": 0.0,
            "active": false
          }
        ],
        "total_dl_bitrate_bps": 554300,
        "total_ul_bitrate_bps": 11153760,
        "total_dl_bitrate_mbps": 0.554,
        "total_ul_bitrate_mbps": 11.154,
        "active_cell_count": 1,
        "command": "cd /root/enb && ./ws.js 192.168.1.80:9001 '{\"message\":\"stats\"}'",
        "payload": {
          "message": "stats",
          "message_id": "id#1",
          "instance_id": "6a718e78",
          "cpu": {},
          "cells": {
            "1": {
              "dl_bitrate": 554300,
              "ul_bitrate": 11153760,
              "dl_tx": 45,
              "ul_tx": 86,
              "dl_err": 40,
              "ul_err": 38,
              "dl_retx": 224,
              "ul_retx": 203,
              "dl_use_min": 0,
              "dl_use_max": 1,
              "dl_use_avg": 0.688,
              "dl_data_use_min": 0,
              "dl_data_use_max": 1,
              "dl_data_use_avg": 0.684,
              "ul_use_min": 0.08,
              "ul_use_max": 0.98,
              "ul_use_avg": 0.718,
              "ul_data_use_min": 0,
              "ul_data_use_max": 0.9,
              "ul_data_use_avg": 0.292,
              "ctrl_use_min": 0,
              "ctrl_use_max": 0.941,
              "ctrl_use_avg": 0.272,
              "dl_sched_users_min": 0,
              "dl_sched_users_max": 1,
              "dl_sched_users_avg": 0.685,
              "ul_sched_users_min": 0,
              "ul_sched_users_max": 1,
              "ul_sched_users_avg": 0.33,
              "ue_count_min": 1,
              "ue_count_max": 1,
              "ue_count_avg": 1,
              "ue_active_count_min": 1,
              "ue_active_count_max": 1,
              "ue_active_count_avg": 1,
              "ue_inactive_count_min": 0,
              "ue_inactive_count_max": 0,
              "ue_inactive_count_avg": 0,
              "erab_count_min": 2,
              "erab_count_max": 2,
              "erab_count_avg": 2,
              "dl_gbr_use_min": 0,
              "dl_gbr_use_max": 0,
              "dl_gbr_use_avg": 0,
              "ul_gbr_use_min": 0,
              "ul_gbr_use_max": 0,
              "ul_gbr_use_avg": 0,
              "counters": {
                "messages": {
                  "prach": 7,
                  "rrc_connection_request": 2,
                  "rrc_connection_setup": 2,
                  "rrc_connection_setup_complete": 2,
                  "rrc_ul_information_transfer": 5,
                  "rrc_dl_information_transfer": 4,
                  "rrc_security_mode_command": 1,
                  "rrc_security_mode_complete": 1,
                  "rrc_ue_capability_enquiry": 1,
                  "rrc_ue_capability_information": 1,
                  "rrc_connection_reconfiguration": 7,
                  "rrc_connection_reconfiguration_complete": 7,
                  "rrc_connection_release": 1
                },
                "errors": {}
              }
            },
            "2": {
              "dl_bitrate": 0,
              "ul_bitrate": 0,
              "dl_tx": 0,
              "ul_tx": 0,
              "dl_err": 0,
              "ul_err": 0,
              "dl_retx": 0,
              "ul_retx": 0,
              "dl_use_min": 0,
              "dl_use_max": 0.077,
              "dl_use_avg": 0.005,
              "dl_data_use_min": 0,
              "dl_data_use_max": 0,
              "dl_data_use_avg": 0,
              "ul_use_min": 0.015,
              "ul_use_max": 0.059,
              "ul_use_avg": 0.029,
              "ul_data_use_min": 0,
              "ul_data_use_max": 0,
              "ul_data_use_avg": 0,
              "dl_sched_users_min": 0,
              "dl_sched_users_max": 0,
              "dl_sched_users_avg": 0,
              "ul_sched_users_min": 0,
              "ul_sched_users_max": 0,
              "ul_sched_users_avg": 0,
              "ue_count_min": 0,
              "ue_count_max": 0,
              "ue_count_avg": 0,
              "ue_active_count_min": 0,
              "ue_active_count_max": 0,
              "ue_active_count_avg": 0,
              "ue_inactive_count_min": 0,
              "ue_inactive_count_max": 0,
              "ue_inactive_count_avg": 0,
              "drb_count_min": 0,
              "drb_count_max": 0,
              "drb_count_avg": 0,
              "dl_gbr_use_min": 0,
              "dl_gbr_use_max": 0,
              "dl_gbr_use_avg": 0,
              "ul_gbr_use_min": 0,
              "ul_gbr_use_max": 0,
              "ul_gbr_use_avg": 0,
              "counters": {
                "messages": {
                  "prach": 52
                },
                "errors": {}
              }
            }
          },
          "rf_ports": {
            "0": {
              "rxtx_delay": {
                "min": 1.999,
                "max": 3.527,
                "avg": 2.848,
                "sd": 0.295
              }
            },
            "1": {
              "rxtx_delay": {
                "min": 2.199,
                "max": 3.387,
                "avg": 2.892,
                "sd": 0.203
              }
            }
          },
          "counters": {
            "messages": {
              "s1_erab_setup_request": 1,
              "s1_erab_setup_response": 1,
              "s1_initial_context_setup_request": 1,
              "s1_initial_context_setup_response": 1,
              "s1_downlink_nas_transport": 4,
              "s1_initial_ue_message": 2,
              "s1_uplink_nas_transport": 5,
              "s1_setup_request": 1,
              "s1_setup_response": 1,
              "s1_ue_capability_info_indication": 1,
              "s1_ue_context_release_command": 1,
              "s1_ue_context_release_complete": 1,
              "s1_nas_delivery_indication": 1
            },
            "errors": {}
          },
          "duration": 0.4,
          "time": 72.181,
          "utc": 1785827030.514
        }
      },
      "ues": [
        {
          "ip": null,
          "imsi": "001010123888888",
          "imei": "8668870400991701",
          "apn": null,
          "enb_ue_id": 9,
          "mme_ue_id": 101,
          "rnti": null
        },
        {
          "ip": "192.168.2.2",
          "imsi": null,
          "imei": null,
          "apn": "TestPLMN",
          "enb_ue_id": null,
          "mme_ue_id": null,
          "rnti": null
        },
        {
          "ip": "192.168.3.2",
          "imsi": null,
          "imei": null,
          "apn": "internet",
          "enb_ue_id": null,
          "mme_ue_id": null,
          "rnti": null
        }
      ],
      "ue": {
        "ip": "192.168.3.2",
        "imsi": null,
        "imei": null,
        "apn": "internet",
        "enb_ue_id": null,
        "mme_ue_id": null,
        "rnti": null
      },
      "data_ue": {
        "ip": "192.168.3.2",
        "imsi": null,
        "imei": null,
        "apn": "internet",
        "enb_ue_id": null,
        "mme_ue_id": null,
        "rnti": null
      },
      "data_ue_ip": "192.168.3.2",
      "data_ip_source": "apn:internet",
      "ping": {
        "success": true,
        "ip": "192.168.3.2",
        "command": "ping -c 1 -W 2 192.168.3.2",
        "stdout": "PING 192.168.3.2 (192.168.3.2) 56(84) bytes of data.\n64 bytes from 192.168.3.2: icmp_seq=1 ttl=64 time=1182 ms\n\n--- 192.168.3.2 ping statistics ---\n1 packets transmitted, 1 received, 0% packet loss, time 0ms\nrtt min/avg/max/mdev = 1181.676/1181.676/1181.676/0.000 ms\n",
        "stderr": "",
        "exit_code": 0
      },
      "ip_status": "reachable",
      "attempt_count": 22,
      "attempts": [
        {
          "elapsed_sec": 6.8,
          "phy_connected": false,
          "phy_rate": {
            "success": false,
            "cells": [],
            "total_dl_bitrate_bps": 0,
            "total_ul_bitrate_bps": 0,
            "error": "[0.002] !!! Error Error: connect ECONNREFUSED 192.168.1.80:9001\n    at TCPConnectWrap.afterConnect [as oncomplete] (node:net:1278:16) {\n  errno: -111,\n  code: 'ECONNREFUSED',\n  syscall: 'connect',\n  address: '192.168.1.80',\n  port: 9001\n}\n",
            "command": "cd /root/enb && ./ws.js 192.168.1.80:9001 '{\"message\":\"stats\"}'",
            "raw_stdout": "WebSocket remote API tool version 2024-07-09, Copyright (C) 2012-2024 Amarisoft\n"
          },
          "ue_get_success": true,
          "matched_ues": [],
          "data_ue": null,
          "data_ip_source": "not_available",
          "data_ip_wait_sec": 0.0,
          "ping": null
        },
        {
          "elapsed_sec": 10.2,
          "phy_connected": false,
          "phy_rate": {
            "success": true,
            "cells": [
              {
                "cell_id": "1",
                "dl_bitrate_bps": 0,
                "ul_bitrate_bps": 0,
                "dl_bitrate_mbps": 0.0,
                "ul_bitrate_mbps": 0.0,
                "active": false
              },
              {
                "cell_id": "2",
                "dl_bitrate_bps": 0,
                "ul_bitrate_bps": 0,
                "dl_bitrate_mbps": 0.0,
                "ul_bitrate_mbps": 0.0,
                "active": false
              }
            ],
            "total_dl_bitrate_bps": 0,
            "total_ul_bitrate_bps": 0,
            "total_dl_bitrate_mbps": 0.0,
            "total_ul_bitrate_mbps": 0.0,
            "active_cell_count": 0,
            "command": "cd /root/enb && ./ws.js 192.168.1.80:9001 '{\"message\":\"stats\"}'",
            "payload": {
              "message": "stats",
              "message_id": "id#1",
              "instance_id": "6a718e78",
              "cpu": {},
              "cells": {
                "1": {
                  "dl_bitrate": 0,
                  "ul_bitrate": 0,
                  "dl_tx": 0,
                  "ul_tx": 0,
                  "dl_err": 0,
                  "ul_err": 0,
                  "dl_retx": 0,
                  "ul_retx": 0,
                  "dl_use_min": 0,
                  "dl_use_max": 0.08,
                  "dl_use_avg": 0.004,
                  "dl_data_use_min": 0,
                  "dl_data_use_max": 0,
                  "dl_data_use_avg": 0,
                  "ul_use_min": 0.08,
                  "ul_use_max": 0.14,
                  "ul_use_avg": 0.086,
                  "ul_data_use_min": 0,
                  "ul_data_use_max": 0,
                  "ul_data_use_avg": 0,
                  "ctrl_use_min": 0,
                  "ctrl_use_max": 0.235,
                  "ctrl_use_avg": 0.017,
                  "dl_sched_users_min": 0,
                  "dl_sched_users_max": 0,
                  "dl_sched_users_avg": 0,
                  "ul_sched_users_min": 0,
                  "ul_sched_users_max": 0,
                  "ul_sched_users_avg": 0,
                  "ue_count_min": 0,
                  "ue_count_max": 0,
                  "ue_count_avg": 0,
                  "ue_active_count_min": 0,
                  "ue_active_count_max": 0,
                  "ue_active_count_avg": 0,
                  "ue_inactive_count_min": 0,
                  "ue_inactive_count_max": 0,
                  "ue_inactive_count_avg": 0,
                  "erab_count_min": 0,
                  "erab_count_max": 0,
                  "erab_count_avg": 0,
                  "dl_gbr_use_min": 0,
                  "dl_gbr_use_max": 0,
                  "dl_gbr_use_avg": 0,
                  "ul_gbr_use_min": 0,
                  "ul_gbr_use_max": 0,
                  "ul_gbr_use_avg": 0,
                  "counters": {
                    "messages": {},
                    "errors": {}
                  }
                },
                "2": {
                  "dl_bitrate": 0,
                  "ul_bitrate": 0,
                  "dl_tx": 0,
                  "ul_tx": 0,
                  "dl_err": 0,
                  "ul_err": 0,
                  "dl_retx": 0,
                  "ul_retx": 0,
                  "dl_use_min": 0,
                  "dl_use_max": 0.077,
                  "dl_use_avg": 0.005,
                  "dl_data_use_min": 0,
                  "dl_data_use_max": 0,
                  "dl_data_use_avg": 0,
                  "ul_use_min": 0.015,
                  "ul_use_max": 0.059,
                  "ul_use_avg": 0.029,
                  "ul_data_use_min": 0,
                  "ul_data_use_max": 0,
                  "ul_data_use_avg": 0,
                  "dl_sched_users_min": 0,
                  "dl_sched_users_max": 0,
                  "dl_sched_users_avg": 0,
                  "ul_sched_users_min": 0,
                  "ul_sched_users_max": 0,
                  "ul_sched_users_avg": 0,
                  "ue_count_min": 0,
                  "ue_count_max": 0,
                  "ue_count_avg": 0,
                  "ue_active_count_min": 0,
                  "ue_active_count_max": 0,
                  "ue_active_count_avg": 0,
                  "ue_inactive_count_min": 0,
                  "ue_inactive_count_max": 0,
                  "ue_inactive_count_avg": 0,
                  "drb_count_min": 0,
                  "drb_count_max": 0,
                  "drb_count_avg": 0,
                  "dl_gbr_use_min": 0,
                  "dl_gbr_use_max": 0,
                  "dl_gbr_use_avg": 0,
                  "ul_gbr_use_min": 0,
                  "ul_gbr_use_max": 0,
                  "ul_gbr_use_avg": 0,
                  "counters": {
                    "messages": {},
                    "errors": {}
                  }
                }
              },
              "rf_ports": {
                "0": {
                  "rxtx_delay": {
                    "min": 2.465,
                    "max": 3.527,
                    "avg": 3.061,
                    "sd": 0.263
                  }
                },
                "1": {
                  "rxtx_delay": {
                    "min": 2.665,
                    "max": 3.387,
                    "avg": 3.001,
                    "sd": 0.132
                  }
                }
              },
              "counters": {
                "messages": {
                  "s1_setup_request": 1,
                  "s1_setup_response": 1
                },
                "errors": {}
              },
              "duration": 0.4,
              "time": 0.423,
              "utc": 1785826958.751
            }
          },
          "ue_get_success": true,
          "matched_ues": [],
          "data_ue": null,
          "data_ip_source": "not_available",
          "data_ip_wait_sec": 0.0,
          "ping": null
        },
        {
          "elapsed_sec": 32.8,
          "phy_connected": false,
          "phy_rate": {
            "success": true,
            "cells": [
              {
                "cell_id": "1",
                "dl_bitrate_bps": 0,
                "ul_bitrate_bps": 0,
                "dl_bitrate_mbps": 0.0,
                "ul_bitrate_mbps": 0.0,
                "active": false
              },
              {
                "cell_id": "2",
                "dl_bitrate_bps": 0,
                "ul_bitrate_bps": 0,
                "dl_bitrate_mbps": 0.0,
                "ul_bitrate_mbps": 0.0,
                "active": false
              }
            ],
            "total_dl_bitrate_bps": 0,
            "total_ul_bitrate_bps": 0,
            "total_dl_bitrate_mbps": 0.0,
            "total_ul_bitrate_mbps": 0.0,
            "active_cell_count": 0,
            "command": "cd /root/enb && ./ws.js 192.168.1.80:9001 '{\"message\":\"stats\"}'",
            "payload": {
              "message": "stats",
              "message_id": "id#1",
              "instance_id": "6a718e78",
              "cpu": {},
              "cells": {
                "1": {
                  "dl_bitrate": 0,
                  "ul_bitrate": 0,
                  "dl_tx": 0,
                  "ul_tx": 0,
                  "dl_err": 0,
                  "ul_err": 0,
                  "dl_retx": 0,
                  "ul_retx": 0,
                  "dl_use_min": 0,
                  "dl_use_max": 0.08,
                  "dl_use_avg": 0.004,
                  "dl_data_use_min": 0,
                  "dl_data_use_max": 0,
                  "dl_data_use_avg": 0,
                  "ul_use_min": 0.08,
                  "ul_use_max": 0.14,
                  "ul_use_avg": 0.086,
                  "ul_data_use_min": 0,
                  "ul_data_use_max": 0,
                  "ul_data_use_avg": 0,
                  "ctrl_use_min": 0,
                  "ctrl_use_max": 0.235,
                  "ctrl_use_avg": 0.019,
                  "dl_sched_users_min": 0,
                  "dl_sched_users_max": 0,
                  "dl_sched_users_avg": 0,
                  "ul_sched_users_min": 0,
                  "ul_sched_users_max": 0,
                  "ul_sched_users_avg": 0,
                  "ue_count_min": 0,
                  "ue_count_max": 0,
                  "ue_count_avg": 0,
                  "ue_active_count_min": 0,
                  "ue_active_count_max": 0,
                  "ue_active_count_avg": 0,
                  "ue_inactive_count_min": 0,
                  "ue_inactive_count_max": 0,
                  "ue_inactive_count_avg": 0,
                  "erab_count_min": 0,
                  "erab_count_max": 0,
                  "erab_count_avg": 0,
                  "dl_gbr_use_min": 0,
                  "dl_gbr_use_max": 0,
                  "dl_gbr_use_avg": 0,
                  "ul_gbr_use_min": 0,
                  "ul_gbr_use_max": 0,
                  "ul_gbr_use_avg": 0,
                  "counters": {
                    "messages": {},
                    "errors": {}
                  }
                },
                "2": {
                  "dl_bitrate": 0,
                  "ul_bitrate": 0,
                  "dl_tx": 0,
                  "ul_tx": 0,
                  "dl_err": 0,
                  "ul_err": 0,
                  "dl_retx": 0,
                  "ul_retx": 0,
                  "dl_use_min": 0,
                  "dl_use_max": 0.077,
                  "dl_use_avg": 0.005,
                  "dl_data_use_min": 0,
                  "dl_data_use_max": 0,
                  "dl_data_use_avg": 0,
                  "ul_use_min": 0.015,
                  "ul_use_max": 0.059,
                  "ul_use_avg": 0.029,
                  "ul_data_use_min": 0,
                  "ul_data_use_max": 0,
                  "ul_data_use_avg": 0,
                  "dl_sched_users_min": 0,
                  "dl_sched_users_max": 0,
                  "dl_sched_users_avg": 0,
                  "ul_sched_users_min": 0,
                  "ul_sched_users_max": 0,
                  "ul_sched_users_avg": 0,
                  "ue_count_min": 0,
                  "ue_count_max": 0,
                  "ue_count_avg": 0,
                  "ue_active_count_min": 0,
                  "ue_active_count_max": 0,
                  "ue_active_count_avg": 0,
                  "ue_inactive_count_min": 0,
                  "ue_inactive_count_max": 0,
                  "ue_inactive_count_avg": 0,
                  "drb_count_min": 0,
                  "drb_count_max": 0,
                  "drb_count_avg": 0,
                  "dl_gbr_use_min": 0,
                  "dl_gbr_use_max": 0,
                  "dl_gbr_use_avg": 0,
                  "ul_gbr_use_min": 0,
                  "ul_gbr_use_max": 0,
                  "ul_gbr_use_avg": 0,
                  "counters": {
                    "messages": {
                      "prach": 10
                    },
                    "errors": {}
                  }
                }
              },
              "rf_ports": {
                "0": {
                  "rxtx_delay": {
                    "min": 2.465,
                    "max": 3.527,
                    "avg": 3.058,
                    "sd": 0.262
                  }
                },
                "1": {
                  "rxtx_delay": {
                    "min": 2.702,
                    "max": 3.387,
                    "avg": 2.999,
                    "sd": 0.132
                  }
                }
              },
              "counters": {
                "messages": {
                  "s1_setup_request": 1,
                  "s1_setup_response": 1
                },
                "errors": {}
              },
              "duration": 0.4,
              "time": 4.207,
              "utc": 1785826962.536
            }
          },
          "ue_get_success": true,
          "matched_ues": [],
          "data_ue": null,
          "data_ip_source": "not_available",
          "data_ip_wait_sec": 0.0,
          "ping": null
        },
        {
          "elapsed_sec": 36.5,
          "phy_connected": false,
          "phy_rate": {
            "success": true,
            "cells": [
              {
                "cell_id": "1",
                "dl_bitrate_bps": 0,
                "ul_bitrate_bps": 0,
                "dl_bitrate_mbps": 0.0,
                "ul_bitrate_mbps": 0.0,
                "active": false
              },
              {
                "cell_id": "2",
                "dl_bitrate_bps": 0,
                "ul_bitrate_bps": 0,
                "dl_bitrate_mbps": 0.0,
                "ul_bitrate_mbps": 0.0,
                "active": false
              }
            ],
            "total_dl_bitrate_bps": 0,
            "total_ul_bitrate_bps": 0,
            "total_dl_bitrate_mbps": 0.0,
            "total_ul_bitrate_mbps": 0.0,
            "active_cell_count": 0,
            "command": "cd /root/enb && ./ws.js 192.168.1.80:9001 '{\"message\":\"stats\"}'",
            "payload": {
              "message": "stats",
              "message_id": "id#1",
              "instance_id": "6a718e78",
              "cpu": {},
              "cells": {
                "1": {
                  "dl_bitrate": 0,
                  "ul_bitrate": 0,
                  "dl_tx": 0,
                  "ul_tx": 0,
                  "dl_err": 0,
                  "ul_err": 0,
                  "dl_retx": 0,
                  "ul_retx": 0,
                  "dl_use_min": 0,
                  "dl_use_max": 0.08,
                  "dl_use_avg": 0.004,
                  "dl_data_use_min": 0,
                  "dl_data_use_max": 0,
                  "dl_data_use_avg": 0,
                  "ul_use_min": 0.08,
                  "ul_use_max": 0.14,
                  "ul_use_avg": 0.086,
                  "ul_data_use_min": 0,
                  "ul_data_use_max": 0,
                  "ul_data_use_avg": 0,
                  "ctrl_use_min": 0,
                  "ctrl_use_max": 0.235,
                  "ctrl_use_avg": 0.017,
                  "dl_sched_users_min": 0,
                  "dl_sched_users_max": 0,
                  "dl_sched_users_avg": 0,
                  "ul_sched_users_min": 0,
                  "ul_sched_users_max": 0,
                  "ul_sched_users_avg": 0,
                  "ue_count_min": 0,
                  "ue_count_max": 0,
                  "ue_count_avg": 0,
                  "ue_active_count_min": 0,
                  "ue_active_count_max": 0,
                  "ue_active_count_avg": 0,
                  "ue_inactive_count_min": 0,
                  "ue_inactive_count_max": 0,
                  "ue_inactive_count_avg": 0,
                  "erab_count_min": 0,
                  "erab_count_max": 0,
                  "erab_count_avg": 0,
                  "dl_gbr_use_min": 0,
                  "dl_gbr_use_max": 0,
                  "dl_gbr_use_avg": 0,
                  "ul_gbr_use_min": 0,
                  "ul_gbr_use_max": 0,
                  "ul_gbr_use_avg": 0,
                  "counters": {
                    "messages": {},
                    "errors": {}
                  }
                },
                "2": {
                  "dl_bitrate": 0,
                  "ul_bitrate": 0,
                  "dl_tx": 0,
                  "ul_tx": 0,
                  "dl_err": 0,
                  "ul_err": 0,
                  "dl_retx": 0,
                  "ul_retx": 0,
                  "dl_use_min": 0,
                  "dl_use_max": 0.077,
                  "dl_use_avg": 0.005,
                  "dl_data_use_min": 0,
                  "dl_data_use_max": 0,
                  "dl_data_use_avg": 0,
                  "ul_use_min": 0.015,
                  "ul_use_max": 0.059,
                  "ul_use_avg": 0.029,
                  "ul_data_use_min": 0,
                  "ul_data_use_max": 0,
                  "ul_data_use_avg": 0,
                  "dl_sched_users_min": 0,
                  "dl_sched_users_max": 0,
                  "dl_sched_users_avg": 0,
                  "ul_sched_users_min": 0,
                  "ul_sched_users_max": 0,
                  "ul_sched_users_avg": 0,
                  "ue_count_min": 0,
                  "ue_count_max": 0,
                  "ue_count_avg": 0,
                  "ue_active_count_min": 0,
                  "ue_active_count_max": 0,
                  "ue_active_count_avg": 0,
                  "ue_inactive_count_min": 0,
                  "ue_inactive_count_max": 0,
                  "ue_inactive_count_avg": 0,
                  "drb_count_min": 0,
                  "drb_count_max": 0,
                  "drb_count_avg": 0,
                  "dl_gbr_use_min": 0,
                  "dl_gbr_use_max": 0,
                  "dl_gbr_use_avg": 0,
                  "ul_gbr_use_min": 0,
                  "ul_gbr_use_max": 0,
                  "ul_gbr_use_avg": 0,
                  "counters": {
                    "messages": {
                      "prach": 22
                    },
                    "errors": {}
                  }
                }
              },
              "rf_ports": {
                "0": {
                  "rxtx_delay": {
                    "min": 2.532,
                    "max": 3.527,
                    "avg": 3.06,
                    "sd": 0.262
                  }
                },
                "1": {
                  "rxtx_delay": {
                    "min": 2.702,
                    "max": 3.387,
                    "avg": 3.002,
                    "sd": 0.134
                  }
                }
              },
              "counters": {
                "messages": {
                  "s1_setup_request": 1,
                  "s1_setup_response": 1
                },
                "errors": {}
              },
              "duration": 0.4,
              "time": 7.998,
              "utc": 1785826966.329
            }
          },
          "ue_get_success": true,
          "matched_ues": [],
          "data_ue": null,
          "data_ip_source": "not_available",
          "data_ip_wait_sec": 0.0,
          "ping": null
        },
        {
          "elapsed_sec": 40.3,
          "phy_connected": false,
          "phy_rate": {
            "success": true,
            "cells": [
              {
                "cell_id": "1",
                "dl_bitrate_bps": 0,
                "ul_bitrate_bps": 0,
                "dl_bitrate_mbps": 0.0,
                "ul_bitrate_mbps": 0.0,
                "active": false
              },
              {
                "cell_id": "2",
                "dl_bitrate_bps": 0,
                "ul_bitrate_bps": 0,
                "dl_bitrate_mbps": 0.0,
                "ul_bitrate_mbps": 0.0,
                "active": false
              }
            ],
            "total_dl_bitrate_bps": 0,
            "total_ul_bitrate_bps": 0,
            "total_dl_bitrate_mbps": 0.0,
            "total_ul_bitrate_mbps": 0.0,
            "active_cell_count": 0,
            "command": "cd /root/enb && ./ws.js 192.168.1.80:9001 '{\"message\":\"stats\"}'",
            "payload": {
              "message": "stats",
              "message_id": "id#1",
              "instance_id": "6a718e78",
              "cpu": {},
              "cells": {
                "1": {
                  "dl_bitrate": 0,
                  "ul_bitrate": 0,
                  "dl_tx": 0,
                  "ul_tx": 0,
                  "dl_err": 0,
                  "ul_err": 0,
                  "dl_retx": 0,
                  "ul_retx": 0,
                  "dl_use_min": 0,
                  "dl_use_max": 0.08,
                  "dl_use_avg": 0.004,
                  "dl_data_use_min": 0,
                  "dl_data_use_max": 0,
                  "dl_data_use_avg": 0,
                  "ul_use_min": 0.08,
                  "ul_use_max": 0.14,
                  "ul_use_avg": 0.086,
                  "ul_data_use_min": 0,
                  "ul_data_use_max": 0,
                  "ul_data_use_avg": 0,
                  "ctrl_use_min": 0,
                  "ctrl_use_max": 0.235,
                  "ctrl_use_avg": 0.017,
                  "dl_sched_users_min": 0,
                  "dl_sched_users_max": 0,
                  "dl_sched_users_avg": 0,
                  "ul_sched_users_min": 0,
                  "ul_sched_users_max": 0,
                  "ul_sched_users_avg": 0,
                  "ue_count_min": 0,
                  "ue_count_max": 0,
                  "ue_count_avg": 0,
                  "ue_active_count_min": 0,
                  "ue_active_count_max": 0,
                  "ue_active_count_avg": 0,
                  "ue_inactive_count_min": 0,
                  "ue_inactive_count_max": 0,
                  "ue_inactive_count_avg": 0,
                  "erab_count_min": 0,
                  "erab_count_max": 0,
                  "erab_count_avg": 0,
                  "dl_gbr_use_min": 0,
                  "dl_gbr_use_max": 0,
                  "dl_gbr_use_avg": 0,
                  "ul_gbr_use_min": 0,
                  "ul_gbr_use_max": 0,
                  "ul_gbr_use_avg": 0,
                  "counters": {
                    "messages": {},
                    "errors": {}
                  }
                },
                "2": {
                  "dl_bitrate": 0,
                  "ul_bitrate": 0,
                  "dl_tx": 0,
                  "ul_tx": 0,
                  "dl_err": 0,
                  "ul_err": 0,
                  "dl_retx": 0,
                  "ul_retx": 0,
                  "dl_use_min": 0,
                  "dl_use_max": 0.077,
                  "dl_use_avg": 0.005,
                  "dl_data_use_min": 0,
                  "dl_data_use_max": 0,
                  "dl_data_use_avg": 0,
                  "ul_use_min": 0.015,
                  "ul_use_max": 0.059,
                  "ul_use_avg": 0.029,
                  "ul_data_use_min": 0,
                  "ul_data_use_max": 0,
                  "ul_data_use_avg": 0,
                  "dl_sched_users_min": 0,
                  "dl_sched_users_max": 0,
                  "dl_sched_users_avg": 0,
                  "ul_sched_users_min": 0,
                  "ul_sched_users_max": 0,
                  "ul_sched_users_avg": 0,
                  "ue_count_min": 0,
                  "ue_count_max": 0,
                  "ue_count_avg": 0,
                  "ue_active_count_min": 0,
                  "ue_active_count_max": 0,
                  "ue_active_count_avg": 0,
                  "ue_inactive_count_min": 0,
                  "ue_inactive_count_max": 0,
                  "ue_inactive_count_avg": 0,
                  "drb_count_min": 0,
                  "drb_count_max": 0,
                  "drb_count_avg": 0,
                  "dl_gbr_use_min": 0,
                  "dl_gbr_use_max": 0,
                  "dl_gbr_use_avg": 0,
                  "ul_gbr_use_min": 0,
                  "ul_gbr_use_max": 0,
                  "ul_gbr_use_avg": 0,
                  "counters": {
                    "messages": {
                      "prach": 37
                    },
                    "errors": {}
                  }
                }
              },
              "rf_ports": {
                "0": {
                  "rxtx_delay": {
                    "min": 2.465,
                    "max": 3.527,
                    "avg": 3.058,
                    "sd": 0.264
                  }
                },
                "1": {
                  "rxtx_delay": {
                    "min": 2.665,
                    "max": 3.387,
                    "avg": 2.999,
                    "sd": 0.136
                  }
                }
              },
              "counters": {
                "messages": {
                  "s1_setup_request": 1,
                  "s1_setup_response": 1
                },
                "errors": {}
              },
              "duration": 0.4,
              "time": 11.785,
              "utc": 1785826970.121
            }
          },
          "ue_get_success": true,
          "matched_ues": [],
          "data_ue": null,
          "data_ip_source": "not_available",
          "data_ip_wait_sec": 0.0,
          "ping": null
        },
        {
          "elapsed_sec": 44.2,
          "phy_connected": false,
          "phy_rate": {
            "success": true,
            "cells": [
              {
                "cell_id": "1",
                "dl_bitrate_bps": 0,
                "ul_bitrate_bps": 0,
                "dl_bitrate_mbps": 0.0,
                "ul_bitrate_mbps": 0.0,
                "active": false
              },
              {
                "cell_id": "2",
                "dl_bitrate_bps": 0,
                "ul_bitrate_bps": 0,
                "dl_bitrate_mbps": 0.0,
                "ul_bitrate_mbps": 0.0,
                "active": false
              }
            ],
            "total_dl_bitrate_bps": 0,
            "total_ul_bitrate_bps": 0,
            "total_dl_bitrate_mbps": 0.0,
            "total_ul_bitrate_mbps": 0.0,
            "active_cell_count": 0,
            "command": "cd /root/enb && ./ws.js 192.168.1.80:9001 '{\"message\":\"stats\"}'",
            "payload": {
              "message": "stats",
              "message_id": "id#1",
              "instance_id": "6a718e78",
              "cpu": {},
              "cells": {
                "1": {
                  "dl_bitrate": 0,
                  "ul_bitrate": 0,
                  "dl_tx": 0,
                  "ul_tx": 0,
                  "dl_err": 0,
                  "ul_err": 0,
                  "dl_retx": 0,
                  "ul_retx": 0,
                  "dl_use_min": 0,
                  "dl_use_max": 0.08,
                  "dl_use_avg": 0.004,
                  "dl_data_use_min": 0,
                  "dl_data_use_max": 0,
                  "dl_data_use_avg": 0,
                  "ul_use_min": 0.08,
                  "ul_use_max": 0.14,
                  "ul_use_avg": 0.086,
                  "ul_data_use_min": 0,
                  "ul_data_use_max": 0,
                  "ul_data_use_avg": 0,
                  "ctrl_use_min": 0,
                  "ctrl_use_max": 0.235,
                  "ctrl_use_avg": 0.018,
                  "dl_sched_users_min": 0,
                  "dl_sched_users_max": 0,
                  "dl_sched_users_avg": 0,
                  "ul_sched_users_min": 0,
                  "ul_sched_users_max": 0,
                  "ul_sched_users_avg": 0,
                  "ue_count_min": 0,
                  "ue_count_max": 0,
                  "ue_count_avg": 0,
                  "ue_active_count_min": 0,
                  "ue_active_count_max": 0,
                  "ue_active_count_avg": 0,
                  "ue_inactive_count_min": 0,
                  "ue_inactive_count_max": 0,
                  "ue_inactive_count_avg": 0,
                  "erab_count_min": 0,
                  "erab_count_max": 0,
                  "erab_count_avg": 0,
                  "dl_gbr_use_min": 0,
                  "dl_gbr_use_max": 0,
                  "dl_gbr_use_avg": 0,
                  "ul_gbr_use_min": 0,
                  "ul_gbr_use_max": 0,
                  "ul_gbr_use_avg": 0,
                  "counters": {
                    "messages": {},
                    "errors": {}
                  }
                },
                "2": {
                  "dl_bitrate": 0,
                  "ul_bitrate": 0,
                  "dl_tx": 0,
                  "ul_tx": 0,
                  "dl_err": 0,
                  "ul_err": 0,
                  "dl_retx": 0,
                  "ul_retx": 0,
                  "dl_use_min": 0,
                  "dl_use_max": 0.077,
                  "dl_use_avg": 0.005,
                  "dl_data_use_min": 0,
                  "dl_data_use_max": 0,
                  "dl_data_use_avg": 0,
                  "ul_use_min": 0.015,
                  "ul_use_max": 0.059,
                  "ul_use_avg": 0.029,
                  "ul_data_use_min": 0,
                  "ul_data_use_max": 0,
                  "ul_data_use_avg": 0,
                  "dl_sched_users_min": 0,
                  "dl_sched_users_max": 0,
                  "dl_sched_users_avg": 0,
                  "ul_sched_users_min": 0,
                  "ul_sched_users_max": 0,
                  "ul_sched_users_avg": 0,
                  "ue_count_min": 0,
                  "ue_count_max": 0,
                  "ue_count_avg": 0,
                  "ue_active_count_min": 0,
                  "ue_active_count_max": 0,
                  "ue_active_count_avg": 0,
                  "ue_inactive_count_min": 0,
                  "ue_inactive_count_max": 0,
                  "ue_inactive_count_avg": 0,
                  "drb_count_min": 0,
                  "drb_count_max": 0,
                  "drb_count_avg": 0,
                  "dl_gbr_use_min": 0,
                  "dl_gbr_use_max": 0,
                  "dl_gbr_use_avg": 0,
                  "ul_gbr_use_min": 0,
                  "ul_gbr_use_max": 0,
                  "ul_gbr_use_avg": 0,
                  "counters": {
                    "messages": {
                      "prach": 39
                    },
                    "errors": {}
                  }
                }
              },
              "rf_ports": {
                "0": {
                  "rxtx_delay": {
                    "min": 2.465,
                    "max": 3.527,
                    "avg": 3.059,
                    "sd": 0.263
                  }
                },
                "1": {
                  "rxtx_delay": {
                    "min": 2.665,
                    "max": 3.387,
                    "avg": 3.001,
                    "sd": 0.134
                  }
                }
              },
              "counters": {
                "messages": {
                  "s1_setup_request": 1,
                  "s1_setup_response": 1
                },
                "errors": {}
              },
              "duration": 0.4,
              "time": 15.699,
              "utc": 1785826974.028
            }
          },
          "ue_get_success": true,
          "matched_ues": [],
          "data_ue": null,
          "data_ip_source": "not_available",
          "data_ip_wait_sec": 0.0,
          "ping": null
        },
        {
          "elapsed_sec": 48.1,
          "phy_connected": false,
          "phy_rate": {
            "success": true,
            "cells": [
              {
                "cell_id": "1",
                "dl_bitrate_bps": 0,
                "ul_bitrate_bps": 0,
                "dl_bitrate_mbps": 0.0,
                "ul_bitrate_mbps": 0.0,
                "active": false
              },
              {
                "cell_id": "2",
                "dl_bitrate_bps": 0,
                "ul_bitrate_bps": 0,
                "dl_bitrate_mbps": 0.0,
                "ul_bitrate_mbps": 0.0,
                "active": false
              }
            ],
            "total_dl_bitrate_bps": 0,
            "total_ul_bitrate_bps": 0,
            "total_dl_bitrate_mbps": 0.0,
            "total_ul_bitrate_mbps": 0.0,
            "active_cell_count": 0,
            "command": "cd /root/enb && ./ws.js 192.168.1.80:9001 '{\"message\":\"stats\"}'",
            "payload": {
              "message": "stats",
              "message_id": "id#1",
              "instance_id": "6a718e78",
              "cpu": {},
              "cells": {
                "1": {
                  "dl_bitrate": 0,
                  "ul_bitrate": 0,
                  "dl_tx": 0,
                  "ul_tx": 0,
                  "dl_err": 0,
                  "ul_err": 0,
                  "dl_retx": 0,
                  "ul_retx": 0,
                  "dl_use_min": 0,
                  "dl_use_max": 0.08,
                  "dl_use_avg": 0.004,
                  "dl_data_use_min": 0,
                  "dl_data_use_max": 0,
                  "dl_data_use_avg": 0,
                  "ul_use_min": 0.08,
                  "ul_use_max": 0.14,
                  "ul_use_avg": 0.086,
                  "ul_data_use_min": 0,
                  "ul_data_use_max": 0,
                  "ul_data_use_avg": 0,
                  "ctrl_use_min": 0,
                  "ctrl_use_max": 0.235,
                  "ctrl_use_avg": 0.019,
                  "dl_sched_users_min": 0,
                  "dl_sched_users_max": 0,
                  "dl_sched_users_avg": 0,
                  "ul_sched_users_min": 0,
                  "ul_sched_users_max": 0,
                  "ul_sched_users_avg": 0,
                  "ue_count_min": 0,
                  "ue_count_max": 0,
                  "ue_count_avg": 0,
                  "ue_active_count_min": 0,
                  "ue_active_count_max": 0,
                  "ue_active_count_avg": 0,
                  "ue_inactive_count_min": 0,
                  "ue_inactive_count_max": 0,
                  "ue_inactive_count_avg": 0,
                  "erab_count_min": 0,
                  "erab_count_max": 0,
                  "erab_count_avg": 0,
                  "dl_gbr_use_min": 0,
                  "dl_gbr_use_max": 0,
                  "dl_gbr_use_avg": 0,
                  "ul_gbr_use_min": 0,
                  "ul_gbr_use_max": 0,
                  "ul_gbr_use_avg": 0,
                  "counters": {
                    "messages": {},
                    "errors": {}
                  }
                },
                "2": {
                  "dl_bitrate": 0,
                  "ul_bitrate": 0,
                  "dl_tx": 0,
                  "ul_tx": 0,
                  "dl_err": 0,
                  "ul_err": 0,
                  "dl_retx": 0,
                  "ul_retx": 0,
                  "dl_use_min": 0,
                  "dl_use_max": 0.077,
                  "dl_use_avg": 0.005,
                  "dl_data_use_min": 0,
                  "dl_data_use_max": 0,
                  "dl_data_use_avg": 0,
                  "ul_use_min": 0.015,
                  "ul_use_max": 0.059,
                  "ul_use_avg": 0.029,
                  "ul_data_use_min": 0,
                  "ul_data_use_max": 0,
                  "ul_data_use_avg": 0,
                  "dl_sched_users_min": 0,
                  "dl_sched_users_max": 0,
                  "dl_sched_users_avg": 0,
                  "ul_sched_users_min": 0,
                  "ul_sched_users_max": 0,
                  "ul_sched_users_avg": 0,
                  "ue_count_min": 0,
                  "ue_count_max": 0,
                  "ue_count_avg": 0,
                  "ue_active_count_min": 0,
                  "ue_active_count_max": 0,
                  "ue_active_count_avg": 0,
                  "ue_inactive_count_min": 0,
                  "ue_inactive_count_max": 0,
                  "ue_inactive_count_avg": 0,
                  "drb_count_min": 0,
                  "drb_count_max": 0,
                  "drb_count_avg": 0,
                  "dl_gbr_use_min": 0,
                  "dl_gbr_use_max": 0,
                  "dl_gbr_use_avg": 0,
                  "ul_gbr_use_min": 0,
                  "ul_gbr_use_max": 0,
                  "ul_gbr_use_avg": 0,
                  "counters": {
                    "messages": {
                      "prach": 40
                    },
                    "errors": {}
                  }
                }
              },
              "rf_ports": {
                "0": {
                  "rxtx_delay": {
                    "min": 2.465,
                    "max": 3.527,
                    "avg": 3.06,
                    "sd": 0.263
                  }
                },
                "1": {
                  "rxtx_delay": {
                    "min": 2.665,
                    "max": 3.387,
                    "avg": 2.998,
                    "sd": 0.134
                  }
                }
              },
              "counters": {
                "messages": {
                  "s1_setup_request": 1,
                  "s1_setup_response": 1
                },
                "errors": {}
              },
              "duration": 0.4,
              "time": 19.591,
              "utc": 1785826977.92
            }
          },
          "ue_get_success": true,
          "matched_ues": [],
          "data_ue": null,
          "data_ip_source": "not_available",
          "data_ip_wait_sec": 0.0,
          "ping": null
        },
        {
          "elapsed_sec": 52.0,
          "phy_connected": false,
          "phy_rate": {
            "success": true,
            "cells": [
              {
                "cell_id": "1",
                "dl_bitrate_bps": 0,
                "ul_bitrate_bps": 0,
                "dl_bitrate_mbps": 0.0,
                "ul_bitrate_mbps": 0.0,
                "active": false
              },
              {
                "cell_id": "2",
                "dl_bitrate_bps": 0,
                "ul_bitrate_bps": 0,
                "dl_bitrate_mbps": 0.0,
                "ul_bitrate_mbps": 0.0,
                "active": false
              }
            ],
            "total_dl_bitrate_bps": 0,
            "total_ul_bitrate_bps": 0,
            "total_dl_bitrate_mbps": 0.0,
            "total_ul_bitrate_mbps": 0.0,
            "active_cell_count": 0,
            "command": "cd /root/enb && ./ws.js 192.168.1.80:9001 '{\"message\":\"stats\"}'",
            "payload": {
              "message": "stats",
              "message_id": "id#1",
              "instance_id": "6a718e78",
              "cpu": {},
              "cells": {
                "1": {
                  "dl_bitrate": 0,
                  "ul_bitrate": 0,
                  "dl_tx": 0,
                  "ul_tx": 0,
                  "dl_err": 0,
                  "ul_err": 0,
                  "dl_retx": 0,
                  "ul_retx": 0,
                  "dl_use_min": 0,
                  "dl_use_max": 0.08,
                  "dl_use_avg": 0.004,
                  "dl_data_use_min": 0,
                  "dl_data_use_max": 0,
                  "dl_data_use_avg": 0,
                  "ul_use_min": 0.08,
                  "ul_use_max": 0.14,
                  "ul_use_avg": 0.086,
                  "ul_data_use_min": 0,
                  "ul_data_use_max": 0,
                  "ul_data_use_avg": 0,
                  "ctrl_use_min": 0,
                  "ctrl_use_max": 0.235,
                  "ctrl_use_avg": 0.019,
                  "dl_sched_users_min": 0,
                  "dl_sched_users_max": 0,
                  "dl_sched_users_avg": 0,
                  "ul_sched_users_min": 0,
                  "ul_sched_users_max": 0,
                  "ul_sched_users_avg": 0,
                  "ue_count_min": 0,
                  "ue_count_max": 0,
                  "ue_count_avg": 0,
                  "ue_active_count_min": 0,
                  "ue_active_count_max": 0,
                  "ue_active_count_avg": 0,
                  "ue_inactive_count_min": 0,
                  "ue_inactive_count_max": 0,
                  "ue_inactive_count_avg": 0,
                  "erab_count_min": 0,
                  "erab_count_max": 0,
                  "erab_count_avg": 0,
                  "dl_gbr_use_min": 0,
                  "dl_gbr_use_max": 0,
                  "dl_gbr_use_avg": 0,
                  "ul_gbr_use_min": 0,
                  "ul_gbr_use_max": 0,
                  "ul_gbr_use_avg": 0,
                  "counters": {
                    "messages": {},
                    "errors": {}
                  }
                },
                "2": {
                  "dl_bitrate": 0,
                  "ul_bitrate": 0,
                  "dl_tx": 0,
                  "ul_tx": 0,
                  "dl_err": 0,
                  "ul_err": 0,
                  "dl_retx": 0,
                  "ul_retx": 0,
                  "dl_use_min": 0,
                  "dl_use_max": 0.077,
                  "dl_use_avg": 0.005,
                  "dl_data_use_min": 0,
                  "dl_data_use_max": 0,
                  "dl_data_use_avg": 0,
                  "ul_use_min": 0.015,
                  "ul_use_max": 0.059,
                  "ul_use_avg": 0.029,
                  "ul_data_use_min": 0,
                  "ul_data_use_max": 0,
                  "ul_data_use_avg": 0,
                  "dl_sched_users_min": 0,
                  "dl_sched_users_max": 0,
                  "dl_sched_users_avg": 0,
                  "ul_sched_users_min": 0,
                  "ul_sched_users_max": 0,
                  "ul_sched_users_avg": 0,
                  "ue_count_min": 0,
                  "ue_count_max": 0,
                  "ue_count_avg": 0,
                  "ue_active_count_min": 0,
                  "ue_active_count_max": 0,
                  "ue_active_count_avg": 0,
                  "ue_inactive_count_min": 0,
                  "ue_inactive_count_max": 0,
                  "ue_inactive_count_avg": 0,
                  "drb_count_min": 0,
                  "drb_count_max": 0,
                  "drb_count_avg": 0,
                  "dl_gbr_use_min": 0,
                  "dl_gbr_use_max": 0,
                  "dl_gbr_use_avg": 0,
                  "ul_gbr_use_min": 0,
                  "ul_gbr_use_max": 0,
                  "ul_gbr_use_avg": 0,
                  "counters": {
                    "messages": {
                      "prach": 40
                    },
                    "errors": {}
                  }
                }
              },
              "rf_ports": {
                "0": {
                  "rxtx_delay": {
                    "min": 2.465,
                    "max": 3.527,
                    "avg": 3.062,
                    "sd": 0.263
                  }
                },
                "1": {
                  "rxtx_delay": {
                    "min": 2.635,
                    "max": 3.387,
                    "avg": 2.998,
                    "sd": 0.133
                  }
                }
              },
              "counters": {
                "messages": {
                  "s1_setup_request": 1,
                  "s1_setup_response": 1
                },
                "errors": {}
              },
              "duration": 0.4,
              "time": 23.402,
              "utc": 1785826981.731
            }
          },
          "ue_get_success": true,
          "matched_ues": [],
          "data_ue": null,
          "data_ip_source": "not_available",
          "data_ip_wait_sec": 0.0,
          "ping": null
        },
        {
          "elapsed_sec": 55.8,
          "phy_connected": false,
          "phy_rate": {
            "success": true,
            "cells": [
              {
                "cell_id": "1",
                "dl_bitrate_bps": 0,
                "ul_bitrate_bps": 0,
                "dl_bitrate_mbps": 0.0,
                "ul_bitrate_mbps": 0.0,
                "active": false
              },
              {
                "cell_id": "2",
                "dl_bitrate_bps": 0,
                "ul_bitrate_bps": 0,
                "dl_bitrate_mbps": 0.0,
                "ul_bitrate_mbps": 0.0,
                "active": false
              }
            ],
            "total_dl_bitrate_bps": 0,
            "total_ul_bitrate_bps": 0,
            "total_dl_bitrate_mbps": 0.0,
            "total_ul_bitrate_mbps": 0.0,
            "active_cell_count": 0,
            "command": "cd /root/enb && ./ws.js 192.168.1.80:9001 '{\"message\":\"stats\"}'",
            "payload": {
              "message": "stats",
              "message_id": "id#1",
              "instance_id": "6a718e78",
              "cpu": {},
              "cells": {
                "1": {
                  "dl_bitrate": 0,
                  "ul_bitrate": 0,
                  "dl_tx": 0,
                  "ul_tx": 0,
                  "dl_err": 0,
                  "ul_err": 0,
                  "dl_retx": 0,
                  "ul_retx": 0,
                  "dl_use_min": 0,
                  "dl_use_max": 0.08,
                  "dl_use_avg": 0.004,
                  "dl_data_use_min": 0,
                  "dl_data_use_max": 0,
                  "dl_data_use_avg": 0,
                  "ul_use_min": 0.08,
                  "ul_use_max": 0.14,
                  "ul_use_avg": 0.086,
                  "ul_data_use_min": 0,
                  "ul_data_use_max": 0,
                  "ul_data_use_avg": 0,
                  "ctrl_use_min": 0,
                  "ctrl_use_max": 0.235,
                  "ctrl_use_avg": 0.018,
                  "dl_sched_users_min": 0,
                  "dl_sched_users_max": 0,
                  "dl_sched_users_avg": 0,
                  "ul_sched_users_min": 0,
                  "ul_sched_users_max": 0,
                  "ul_sched_users_avg": 0,
                  "ue_count_min": 0,
                  "ue_count_max": 0,
                  "ue_count_avg": 0,
                  "ue_active_count_min": 0,
                  "ue_active_count_max": 0,
                  "ue_active_count_avg": 0,
                  "ue_inactive_count_min": 0,
                  "ue_inactive_count_max": 0,
                  "ue_inactive_count_avg": 0,
                  "erab_count_min": 0,
                  "erab_count_max": 0,
                  "erab_count_avg": 0,
                  "dl_gbr_use_min": 0,
                  "dl_gbr_use_max": 0,
                  "dl_gbr_use_avg": 0,
                  "ul_gbr_use_min": 0,
                  "ul_gbr_use_max": 0,
                  "ul_gbr_use_avg": 0,
                  "counters": {
                    "messages": {},
                    "errors": {}
                  }
                },
                "2": {
                  "dl_bitrate": 0,
                  "ul_bitrate": 0,
                  "dl_tx": 0,
                  "ul_tx": 0,
                  "dl_err": 0,
                  "ul_err": 0,
                  "dl_retx": 0,
                  "ul_retx": 0,
                  "dl_use_min": 0,
                  "dl_use_max": 0.077,
                  "dl_use_avg": 0.005,
                  "dl_data_use_min": 0,
                  "dl_data_use_max": 0,
                  "dl_data_use_avg": 0,
                  "ul_use_min": 0.015,
                  "ul_use_max": 0.059,
                  "ul_use_avg": 0.029,
                  "ul_data_use_min": 0,
                  "ul_data_use_max": 0,
                  "ul_data_use_avg": 0,
                  "dl_sched_users_min": 0,
                  "dl_sched_users_max": 0,
                  "dl_sched_users_avg": 0,
                  "ul_sched_users_min": 0,
                  "ul_sched_users_max": 0,
                  "ul_sched_users_avg": 0,
                  "ue_count_min": 0,
                  "ue_count_max": 0,
                  "ue_count_avg": 0,
                  "ue_active_count_min": 0,
                  "ue_active_count_max": 0,
                  "ue_active_count_avg": 0,
                  "ue_inactive_count_min": 0,
                  "ue_inactive_count_max": 0,
                  "ue_inactive_count_avg": 0,
                  "drb_count_min": 0,
                  "drb_count_max": 0,
                  "drb_count_avg": 0,
                  "dl_gbr_use_min": 0,
                  "dl_gbr_use_max": 0,
                  "dl_gbr_use_avg": 0,
                  "ul_gbr_use_min": 0,
                  "ul_gbr_use_max": 0,
                  "ul_gbr_use_avg": 0,
                  "counters": {
                    "messages": {
                      "prach": 43
                    },
                    "errors": {}
                  }
                }
              },
              "rf_ports": {
                "0": {
                  "rxtx_delay": {
                    "min": 2.532,
                    "max": 3.527,
                    "avg": 3.064,
                    "sd": 0.262
                  }
                },
                "1": {
                  "rxtx_delay": {
                    "min": 2.702,
                    "max": 3.387,
                    "avg": 3,
                    "sd": 0.132
                  }
                }
              },
              "counters": {
                "messages": {
                  "s1_setup_request": 1,
                  "s1_setup_response": 1
                },
                "errors": {}
              },
              "duration": 0.4,
              "time": 27.212,
              "utc": 1785826985.539
            }
          },
          "ue_get_success": true,
          "matched_ues": [],
          "data_ue": null,
          "data_ip_source": "not_available",
          "data_ip_wait_sec": 0.0,
          "ping": null
        },
        {
          "elapsed_sec": 59.6,
          "phy_connected": false,
          "phy_rate": {
            "success": true,
            "cells": [
              {
                "cell_id": "1",
                "dl_bitrate_bps": 0,
                "ul_bitrate_bps": 0,
                "dl_bitrate_mbps": 0.0,
                "ul_bitrate_mbps": 0.0,
                "active": false
              },
              {
                "cell_id": "2",
                "dl_bitrate_bps": 0,
                "ul_bitrate_bps": 0,
                "dl_bitrate_mbps": 0.0,
                "ul_bitrate_mbps": 0.0,
                "active": false
              }
            ],
            "total_dl_bitrate_bps": 0,
            "total_ul_bitrate_bps": 0,
            "total_dl_bitrate_mbps": 0.0,
            "total_ul_bitrate_mbps": 0.0,
            "active_cell_count": 0,
            "command": "cd /root/enb && ./ws.js 192.168.1.80:9001 '{\"message\":\"stats\"}'",
            "payload": {
              "message": "stats",
              "message_id": "id#1",
              "instance_id": "6a718e78",
              "cpu": {},
              "cells": {
                "1": {
                  "dl_bitrate": 0,
                  "ul_bitrate": 0,
                  "dl_tx": 0,
                  "ul_tx": 0,
                  "dl_err": 0,
                  "ul_err": 0,
                  "dl_retx": 0,
                  "ul_retx": 0,
                  "dl_use_min": 0,
                  "dl_use_max": 0.08,
                  "dl_use_avg": 0.004,
                  "dl_data_use_min": 0,
                  "dl_data_use_max": 0,
                  "dl_data_use_avg": 0,
                  "ul_use_min": 0.08,
                  "ul_use_max": 0.14,
                  "ul_use_avg": 0.086,
                  "ul_data_use_min": 0,
                  "ul_data_use_max": 0,
                  "ul_data_use_avg": 0,
                  "ctrl_use_min": 0,
                  "ctrl_use_max": 0.235,
                  "ctrl_use_avg": 0.018,
                  "dl_sched_users_min": 0,
                  "dl_sched_users_max": 0,
                  "dl_sched_users_avg": 0,
                  "ul_sched_users_min": 0,
                  "ul_sched_users_max": 0,
                  "ul_sched_users_avg": 0,
                  "ue_count_min": 0,
                  "ue_count_max": 0,
                  "ue_count_avg": 0,
                  "ue_active_count_min": 0,
                  "ue_active_count_max": 0,
                  "ue_active_count_avg": 0,
                  "ue_inactive_count_min": 0,
                  "ue_inactive_count_max": 0,
                  "ue_inactive_count_avg": 0,
                  "erab_count_min": 0,
                  "erab_count_max": 0,
                  "erab_count_avg": 0,
                  "dl_gbr_use_min": 0,
                  "dl_gbr_use_max": 0,
                  "dl_gbr_use_avg": 0,
                  "ul_gbr_use_min": 0,
                  "ul_gbr_use_max": 0,
                  "ul_gbr_use_avg": 0,
                  "counters": {
                    "messages": {},
                    "errors": {}
                  }
                },
                "2": {
                  "dl_bitrate": 0,
                  "ul_bitrate": 0,
                  "dl_tx": 0,
                  "ul_tx": 0,
                  "dl_err": 0,
                  "ul_err": 0,
                  "dl_retx": 0,
                  "ul_retx": 0,
                  "dl_use_min": 0,
                  "dl_use_max": 0.077,
                  "dl_use_avg": 0.005,
                  "dl_data_use_min": 0,
                  "dl_data_use_max": 0,
                  "dl_data_use_avg": 0,
                  "ul_use_min": 0.015,
                  "ul_use_max": 0.059,
                  "ul_use_avg": 0.029,
                  "ul_data_use_min": 0,
                  "ul_data_use_max": 0,
                  "ul_data_use_avg": 0,
                  "dl_sched_users_min": 0,
                  "dl_sched_users_max": 0,
                  "dl_sched_users_avg": 0,
                  "ul_sched_users_min": 0,
                  "ul_sched_users_max": 0,
                  "ul_sched_users_avg": 0,
                  "ue_count_min": 0,
                  "ue_count_max": 0,
                  "ue_count_avg": 0,
                  "ue_active_count_min": 0,
                  "ue_active_count_max": 0,
                  "ue_active_count_avg": 0,
                  "ue_inactive_count_min": 0,
                  "ue_inactive_count_max": 0,
                  "ue_inactive_count_avg": 0,
                  "drb_count_min": 0,
                  "drb_count_max": 0,
                  "drb_count_avg": 0,
                  "dl_gbr_use_min": 0,
                  "dl_gbr_use_max": 0,
                  "dl_gbr_use_avg": 0,
                  "ul_gbr_use_min": 0,
                  "ul_gbr_use_max": 0,
                  "ul_gbr_use_avg": 0,
                  "counters": {
                    "messages": {
                      "prach": 44
                    },
                    "errors": {}
                  }
                }
              },
              "rf_ports": {
                "0": {
                  "rxtx_delay": {
                    "min": 2.465,
                    "max": 3.527,
                    "avg": 3.059,
                    "sd": 0.263
                  }
                },
                "1": {
                  "rxtx_delay": {
                    "min": 2.635,
                    "max": 3.387,
                    "avg": 3,
                    "sd": 0.134
                  }
                }
              },
              "counters": {
                "messages": {
                  "s1_setup_request": 1,
                  "s1_setup_response": 1
                },
                "errors": {}
              },
              "duration": 0.4,
              "time": 31.046,
              "utc": 1785826989.375
            }
          },
          "ue_get_success": true,
          "matched_ues": [],
          "data_ue": null,
          "data_ip_source": "not_available",
          "data_ip_wait_sec": 0.0,
          "ping": null
        },
        {
          "elapsed_sec": 63.4,
          "phy_connected": false,
          "phy_rate": {
            "success": true,
            "cells": [
              {
                "cell_id": "1",
                "dl_bitrate_bps": 0,
                "ul_bitrate_bps": 0,
                "dl_bitrate_mbps": 0.0,
                "ul_bitrate_mbps": 0.0,
                "active": false
              },
              {
                "cell_id": "2",
                "dl_bitrate_bps": 0,
                "ul_bitrate_bps": 0,
                "dl_bitrate_mbps": 0.0,
                "ul_bitrate_mbps": 0.0,
                "active": false
              }
            ],
            "total_dl_bitrate_bps": 0,
            "total_ul_bitrate_bps": 0,
            "total_dl_bitrate_mbps": 0.0,
            "total_ul_bitrate_mbps": 0.0,
            "active_cell_count": 0,
            "command": "cd /root/enb && ./ws.js 192.168.1.80:9001 '{\"message\":\"stats\"}'",
            "payload": {
              "message": "stats",
              "message_id": "id#1",
              "instance_id": "6a718e78",
              "cpu": {},
              "cells": {
                "1": {
                  "dl_bitrate": 0,
                  "ul_bitrate": 0,
                  "dl_tx": 0,
                  "ul_tx": 0,
                  "dl_err": 0,
                  "ul_err": 0,
                  "dl_retx": 0,
                  "ul_retx": 0,
                  "dl_use_min": 0,
                  "dl_use_max": 0.08,
                  "dl_use_avg": 0.004,
                  "dl_data_use_min": 0,
                  "dl_data_use_max": 0,
                  "dl_data_use_avg": 0,
                  "ul_use_min": 0.08,
                  "ul_use_max": 0.14,
                  "ul_use_avg": 0.086,
                  "ul_data_use_min": 0,
                  "ul_data_use_max": 0,
                  "ul_data_use_avg": 0,
                  "ctrl_use_min": 0,
                  "ctrl_use_max": 0.235,
                  "ctrl_use_avg": 0.016,
                  "dl_sched_users_min": 0,
                  "dl_sched_users_max": 0,
                  "dl_sched_users_avg": 0,
                  "ul_sched_users_min": 0,
                  "ul_sched_users_max": 0,
                  "ul_sched_users_avg": 0,
                  "ue_count_min": 0,
                  "ue_count_max": 0,
                  "ue_count_avg": 0,
                  "ue_active_count_min": 0,
                  "ue_active_count_max": 0,
                  "ue_active_count_avg": 0,
                  "ue_inactive_count_min": 0,
                  "ue_inactive_count_max": 0,
                  "ue_inactive_count_avg": 0,
                  "erab_count_min": 0,
                  "erab_count_max": 0,
                  "erab_count_avg": 0,
                  "dl_gbr_use_min": 0,
                  "dl_gbr_use_max": 0,
                  "dl_gbr_use_avg": 0,
                  "ul_gbr_use_min": 0,
                  "ul_gbr_use_max": 0,
                  "ul_gbr_use_avg": 0,
                  "counters": {
                    "messages": {},
                    "errors": {}
                  }
                },
                "2": {
                  "dl_bitrate": 0,
                  "ul_bitrate": 0,
                  "dl_tx": 0,
                  "ul_tx": 0,
                  "dl_err": 0,
                  "ul_err": 0,
                  "dl_retx": 0,
                  "ul_retx": 0,
                  "dl_use_min": 0,
                  "dl_use_max": 0.077,
                  "dl_use_avg": 0.005,
                  "dl_data_use_min": 0,
                  "dl_data_use_max": 0,
                  "dl_data_use_avg": 0,
                  "ul_use_min": 0.015,
                  "ul_use_max": 0.059,
                  "ul_use_avg": 0.029,
                  "ul_data_use_min": 0,
                  "ul_data_use_max": 0,
                  "ul_data_use_avg": 0,
                  "dl_sched_users_min": 0,
                  "dl_sched_users_max": 0,
                  "dl_sched_users_avg": 0,
                  "ul_sched_users_min": 0,
                  "ul_sched_users_max": 0,
                  "ul_sched_users_avg": 0,
                  "ue_count_min": 0,
                  "ue_count_max": 0,
                  "ue_count_avg": 0,
                  "ue_active_count_min": 0,
                  "ue_active_count_max": 0,
                  "ue_active_count_avg": 0,
                  "ue_inactive_count_min": 0,
                  "ue_inactive_count_max": 0,
                  "ue_inactive_count_avg": 0,
                  "drb_count_min": 0,
                  "drb_count_max": 0,
                  "drb_count_avg": 0,
                  "dl_gbr_use_min": 0,
                  "dl_gbr_use_max": 0,
                  "dl_gbr_use_avg": 0,
                  "ul_gbr_use_min": 0,
                  "ul_gbr_use_max": 0,
                  "ul_gbr_use_avg": 0,
                  "counters": {
                    "messages": {
                      "prach": 46
                    },
                    "errors": {}
                  }
                }
              },
              "rf_ports": {
                "0": {
                  "rxtx_delay": {
                    "min": 2.465,
                    "max": 3.527,
                    "avg": 3.061,
                    "sd": 0.262
                  }
                },
                "1": {
                  "rxtx_delay": {
                    "min": 2.635,
                    "max": 3.387,
                    "avg": 2.997,
                    "sd": 0.132
                  }
                }
              },
              "counters": {
                "messages": {
                  "s1_setup_request": 1,
                  "s1_setup_response": 1
                },
                "errors": {}
              },
              "duration": 0.4,
              "time": 34.854,
              "utc": 1785826993.183
            }
          },
          "ue_get_success": true,
          "matched_ues": [],
          "data_ue": null,
          "data_ip_source": "not_available",
          "data_ip_wait_sec": 0.0,
          "ping": null
        },
        {
          "elapsed_sec": 67.2,
          "phy_connected": false,
          "phy_rate": {
            "success": true,
            "cells": [
              {
                "cell_id": "1",
                "dl_bitrate_bps": 0,
                "ul_bitrate_bps": 0,
                "dl_bitrate_mbps": 0.0,
                "ul_bitrate_mbps": 0.0,
                "active": false
              },
              {
                "cell_id": "2",
                "dl_bitrate_bps": 0,
                "ul_bitrate_bps": 0,
                "dl_bitrate_mbps": 0.0,
                "ul_bitrate_mbps": 0.0,
                "active": false
              }
            ],
            "total_dl_bitrate_bps": 0,
            "total_ul_bitrate_bps": 0,
            "total_dl_bitrate_mbps": 0.0,
            "total_ul_bitrate_mbps": 0.0,
            "active_cell_count": 0,
            "command": "cd /root/enb && ./ws.js 192.168.1.80:9001 '{\"message\":\"stats\"}'",
            "payload": {
              "message": "stats",
              "message_id": "id#1",
              "instance_id": "6a718e78",
              "cpu": {},
              "cells": {
                "1": {
                  "dl_bitrate": 0,
                  "ul_bitrate": 0,
                  "dl_tx": 0,
                  "ul_tx": 0,
                  "dl_err": 0,
                  "ul_err": 0,
                  "dl_retx": 0,
                  "ul_retx": 0,
                  "dl_use_min": 0,
                  "dl_use_max": 0.08,
                  "dl_use_avg": 0.004,
                  "dl_data_use_min": 0,
                  "dl_data_use_max": 0,
                  "dl_data_use_avg": 0,
                  "ul_use_min": 0.08,
                  "ul_use_max": 0.14,
                  "ul_use_avg": 0.086,
                  "ul_data_use_min": 0,
                  "ul_data_use_max": 0,
                  "ul_data_use_avg": 0,
                  "ctrl_use_min": 0,
                  "ctrl_use_max": 0.235,
                  "ctrl_use_avg": 0.018,
                  "dl_sched_users_min": 0,
                  "dl_sched_users_max": 0,
                  "dl_sched_users_avg": 0,
                  "ul_sched_users_min": 0,
                  "ul_sched_users_max": 0,
                  "ul_sched_users_avg": 0,
                  "ue_count_min": 0,
                  "ue_count_max": 0,
                  "ue_count_avg": 0,
                  "ue_active_count_min": 0,
                  "ue_active_count_max": 0,
                  "ue_active_count_avg": 0,
                  "ue_inactive_count_min": 0,
                  "ue_inactive_count_max": 0,
                  "ue_inactive_count_avg": 0,
                  "erab_count_min": 0,
                  "erab_count_max": 0,
                  "erab_count_avg": 0,
                  "dl_gbr_use_min": 0,
                  "dl_gbr_use_max": 0,
                  "dl_gbr_use_avg": 0,
                  "ul_gbr_use_min": 0,
                  "ul_gbr_use_max": 0,
                  "ul_gbr_use_avg": 0,
                  "counters": {
                    "messages": {},
                    "errors": {}
                  }
                },
                "2": {
                  "dl_bitrate": 0,
                  "ul_bitrate": 0,
                  "dl_tx": 0,
                  "ul_tx": 0,
                  "dl_err": 0,
                  "ul_err": 0,
                  "dl_retx": 0,
                  "ul_retx": 0,
                  "dl_use_min": 0,
                  "dl_use_max": 0.077,
                  "dl_use_avg": 0.005,
                  "dl_data_use_min": 0,
                  "dl_data_use_max": 0,
                  "dl_data_use_avg": 0,
                  "ul_use_min": 0.015,
                  "ul_use_max": 0.059,
                  "ul_use_avg": 0.029,
                  "ul_data_use_min": 0,
                  "ul_data_use_max": 0,
                  "ul_data_use_avg": 0,
                  "dl_sched_users_min": 0,
                  "dl_sched_users_max": 0,
                  "dl_sched_users_avg": 0,
                  "ul_sched_users_min": 0,
                  "ul_sched_users_max": 0,
                  "ul_sched_users_avg": 0,
                  "ue_count_min": 0,
                  "ue_count_max": 0,
                  "ue_count_avg": 0,
                  "ue_active_count_min": 0,
                  "ue_active_count_max": 0,
                  "ue_active_count_avg": 0,
                  "ue_inactive_count_min": 0,
                  "ue_inactive_count_max": 0,
                  "ue_inactive_count_avg": 0,
                  "drb_count_min": 0,
                  "drb_count_max": 0,
                  "drb_count_avg": 0,
                  "dl_gbr_use_min": 0,
                  "dl_gbr_use_max": 0,
                  "dl_gbr_use_avg": 0,
                  "ul_gbr_use_min": 0,
                  "ul_gbr_use_max": 0,
                  "ul_gbr_use_avg": 0,
                  "counters": {
                    "messages": {
                      "prach": 48
                    },
                    "errors": {}
                  }
                }
              },
              "rf_ports": {
                "0": {
                  "rxtx_delay": {
                    "min": 2.465,
                    "max": 3.527,
                    "avg": 3.058,
                    "sd": 0.263
                  }
                },
                "1": {
                  "rxtx_delay": {
                    "min": 2.702,
                    "max": 3.387,
                    "avg": 2.996,
                    "sd": 0.133
                  }
                }
              },
              "counters": {
                "messages": {
                  "s1_setup_request": 1,
                  "s1_setup_response": 1
                },
                "errors": {}
              },
              "duration": 0.4,
              "time": 38.646,
              "utc": 1785826996.975
            }
          },
          "ue_get_success": true,
          "matched_ues": [],
          "data_ue": null,
          "data_ip_source": "not_available",
          "data_ip_wait_sec": 0.0,
          "ping": null
        },
        {
          "elapsed_sec": 71.2,
          "phy_connected": false,
          "phy_rate": {
            "success": true,
            "cells": [
              {
                "cell_id": "1",
                "dl_bitrate_bps": 0,
                "ul_bitrate_bps": 0,
                "dl_bitrate_mbps": 0.0,
                "ul_bitrate_mbps": 0.0,
                "active": false
              },
              {
                "cell_id": "2",
                "dl_bitrate_bps": 0,
                "ul_bitrate_bps": 0,
                "dl_bitrate_mbps": 0.0,
                "ul_bitrate_mbps": 0.0,
                "active": false
              }
            ],
            "total_dl_bitrate_bps": 0,
            "total_ul_bitrate_bps": 0,
            "total_dl_bitrate_mbps": 0.0,
            "total_ul_bitrate_mbps": 0.0,
            "active_cell_count": 0,
            "command": "cd /root/enb && ./ws.js 192.168.1.80:9001 '{\"message\":\"stats\"}'",
            "payload": {
              "message": "stats",
              "message_id": "id#1",
              "instance_id": "6a718e78",
              "cpu": {},
              "cells": {
                "1": {
                  "dl_bitrate": 0,
                  "ul_bitrate": 0,
                  "dl_tx": 0,
                  "ul_tx": 0,
                  "dl_err": 0,
                  "ul_err": 0,
                  "dl_retx": 0,
                  "ul_retx": 0,
                  "dl_use_min": 0,
                  "dl_use_max": 0.08,
                  "dl_use_avg": 0.004,
                  "dl_data_use_min": 0,
                  "dl_data_use_max": 0,
                  "dl_data_use_avg": 0,
                  "ul_use_min": 0.08,
                  "ul_use_max": 0.14,
                  "ul_use_avg": 0.086,
                  "ul_data_use_min": 0,
                  "ul_data_use_max": 0,
                  "ul_data_use_avg": 0,
                  "ctrl_use_min": 0,
                  "ctrl_use_max": 0.235,
                  "ctrl_use_avg": 0.019,
                  "dl_sched_users_min": 0,
                  "dl_sched_users_max": 0,
                  "dl_sched_users_avg": 0,
                  "ul_sched_users_min": 0,
                  "ul_sched_users_max": 0,
                  "ul_sched_users_avg": 0,
                  "ue_count_min": 0,
                  "ue_count_max": 0,
                  "ue_count_avg": 0,
                  "ue_active_count_min": 0,
                  "ue_active_count_max": 0,
                  "ue_active_count_avg": 0,
                  "ue_inactive_count_min": 0,
                  "ue_inactive_count_max": 0,
                  "ue_inactive_count_avg": 0,
                  "erab_count_min": 0,
                  "erab_count_max": 0,
                  "erab_count_avg": 0,
                  "dl_gbr_use_min": 0,
                  "dl_gbr_use_max": 0,
                  "dl_gbr_use_avg": 0,
                  "ul_gbr_use_min": 0,
                  "ul_gbr_use_max": 0,
                  "ul_gbr_use_avg": 0,
                  "counters": {
                    "messages": {},
                    "errors": {}
                  }
                },
                "2": {
                  "dl_bitrate": 0,
                  "ul_bitrate": 0,
                  "dl_tx": 0,
                  "ul_tx": 0,
                  "dl_err": 0,
                  "ul_err": 0,
                  "dl_retx": 0,
                  "ul_retx": 0,
                  "dl_use_min": 0,
                  "dl_use_max": 0.077,
                  "dl_use_avg": 0.005,
                  "dl_data_use_min": 0,
                  "dl_data_use_max": 0,
                  "dl_data_use_avg": 0,
                  "ul_use_min": 0.015,
                  "ul_use_max": 0.059,
                  "ul_use_avg": 0.029,
                  "ul_data_use_min": 0,
                  "ul_data_use_max": 0,
                  "ul_data_use_avg": 0,
                  "dl_sched_users_min": 0,
                  "dl_sched_users_max": 0,
                  "dl_sched_users_avg": 0,
                  "ul_sched_users_min": 0,
                  "ul_sched_users_max": 0,
                  "ul_sched_users_avg": 0,
                  "ue_count_min": 0,
                  "ue_count_max": 0,
                  "ue_count_avg": 0,
                  "ue_active_count_min": 0,
                  "ue_active_count_max": 0,
                  "ue_active_count_avg": 0,
                  "ue_inactive_count_min": 0,
                  "ue_inactive_count_max": 0,
                  "ue_inactive_count_avg": 0,
                  "drb_count_min": 0,
                  "drb_count_max": 0,
                  "drb_count_avg": 0,
                  "dl_gbr_use_min": 0,
                  "dl_gbr_use_max": 0,
                  "dl_gbr_use_avg": 0,
                  "ul_gbr_use_min": 0,
                  "ul_gbr_use_max": 0,
                  "ul_gbr_use_avg": 0,
                  "counters": {
                    "messages": {
                      "prach": 50
                    },
                    "errors": {}
                  }
                }
              },
              "rf_ports": {
                "0": {
                  "rxtx_delay": {
                    "min": 2.532,
                    "max": 3.527,
                    "avg": 3.063,
                    "sd": 0.263
                  }
                },
                "1": {
                  "rxtx_delay": {
                    "min": 2.702,
                    "max": 3.387,
                    "avg": 3.003,
                    "sd": 0.134
                  }
                }
              },
              "counters": {
                "messages": {
                  "s1_setup_request": 1,
                  "s1_setup_response": 1
                },
                "errors": {}
              },
              "duration": 0.4,
              "time": 42.601,
              "utc": 1785827000.935
            }
          },
          "ue_get_success": true,
          "matched_ues": [],
          "data_ue": null,
          "data_ip_source": "not_available",
          "data_ip_wait_sec": 0.0,
          "ping": null
        },
        {
          "elapsed_sec": 75.0,
          "phy_connected": false,
          "phy_rate": {
            "success": true,
            "cells": [
              {
                "cell_id": "1",
                "dl_bitrate_bps": 0,
                "ul_bitrate_bps": 0,
                "dl_bitrate_mbps": 0.0,
                "ul_bitrate_mbps": 0.0,
                "active": false
              },
              {
                "cell_id": "2",
                "dl_bitrate_bps": 0,
                "ul_bitrate_bps": 0,
                "dl_bitrate_mbps": 0.0,
                "ul_bitrate_mbps": 0.0,
                "active": false
              }
            ],
            "total_dl_bitrate_bps": 0,
            "total_ul_bitrate_bps": 0,
            "total_dl_bitrate_mbps": 0.0,
            "total_ul_bitrate_mbps": 0.0,
            "active_cell_count": 0,
            "command": "cd /root/enb && ./ws.js 192.168.1.80:9001 '{\"message\":\"stats\"}'",
            "payload": {
              "message": "stats",
              "message_id": "id#1",
              "instance_id": "6a718e78",
              "cpu": {},
              "cells": {
                "1": {
                  "dl_bitrate": 0,
                  "ul_bitrate": 0,
                  "dl_tx": 0,
                  "ul_tx": 0,
                  "dl_err": 0,
                  "ul_err": 0,
                  "dl_retx": 0,
                  "ul_retx": 0,
                  "dl_use_min": 0,
                  "dl_use_max": 0.08,
                  "dl_use_avg": 0.004,
                  "dl_data_use_min": 0,
                  "dl_data_use_max": 0,
                  "dl_data_use_avg": 0,
                  "ul_use_min": 0.08,
                  "ul_use_max": 0.14,
                  "ul_use_avg": 0.086,
                  "ul_data_use_min": 0,
                  "ul_data_use_max": 0,
                  "ul_data_use_avg": 0,
                  "ctrl_use_min": 0,
                  "ctrl_use_max": 0.235,
                  "ctrl_use_avg": 0.019,
                  "dl_sched_users_min": 0,
                  "dl_sched_users_max": 0,
                  "dl_sched_users_avg": 0,
                  "ul_sched_users_min": 0,
                  "ul_sched_users_max": 0,
                  "ul_sched_users_avg": 0,
                  "ue_count_min": 0,
                  "ue_count_max": 0,
                  "ue_count_avg": 0,
                  "ue_active_count_min": 0,
                  "ue_active_count_max": 0,
                  "ue_active_count_avg": 0,
                  "ue_inactive_count_min": 0,
                  "ue_inactive_count_max": 0,
                  "ue_inactive_count_avg": 0,
                  "erab_count_min": 0,
                  "erab_count_max": 0,
                  "erab_count_avg": 0,
                  "dl_gbr_use_min": 0,
                  "dl_gbr_use_max": 0,
                  "dl_gbr_use_avg": 0,
                  "ul_gbr_use_min": 0,
                  "ul_gbr_use_max": 0,
                  "ul_gbr_use_avg": 0,
                  "counters": {
                    "messages": {},
                    "errors": {}
                  }
                },
                "2": {
                  "dl_bitrate": 0,
                  "ul_bitrate": 0,
                  "dl_tx": 0,
                  "ul_tx": 0,
                  "dl_err": 0,
                  "ul_err": 0,
                  "dl_retx": 0,
                  "ul_retx": 0,
                  "dl_use_min": 0,
                  "dl_use_max": 0.077,
                  "dl_use_avg": 0.005,
                  "dl_data_use_min": 0,
                  "dl_data_use_max": 0,
                  "dl_data_use_avg": 0,
                  "ul_use_min": 0.015,
                  "ul_use_max": 0.059,
                  "ul_use_avg": 0.029,
                  "ul_data_use_min": 0,
                  "ul_data_use_max": 0,
                  "ul_data_use_avg": 0,
                  "dl_sched_users_min": 0,
                  "dl_sched_users_max": 0,
                  "dl_sched_users_avg": 0,
                  "ul_sched_users_min": 0,
                  "ul_sched_users_max": 0,
                  "ul_sched_users_avg": 0,
                  "ue_count_min": 0,
                  "ue_count_max": 0,
                  "ue_count_avg": 0,
                  "ue_active_count_min": 0,
                  "ue_active_count_max": 0,
                  "ue_active_count_avg": 0,
                  "ue_inactive_count_min": 0,
                  "ue_inactive_count_max": 0,
                  "ue_inactive_count_avg": 0,
                  "drb_count_min": 0,
                  "drb_count_max": 0,
                  "drb_count_avg": 0,
                  "dl_gbr_use_min": 0,
                  "dl_gbr_use_max": 0,
                  "dl_gbr_use_avg": 0,
                  "ul_gbr_use_min": 0,
                  "ul_gbr_use_max": 0,
                  "ul_gbr_use_avg": 0,
                  "counters": {
                    "messages": {
                      "prach": 50
                    },
                    "errors": {}
                  }
                }
              },
              "rf_ports": {
                "0": {
                  "rxtx_delay": {
                    "min": 2.465,
                    "max": 3.527,
                    "avg": 3.058,
                    "sd": 0.264
                  }
                },
                "1": {
                  "rxtx_delay": {
                    "min": 2.635,
                    "max": 3.387,
                    "avg": 2.998,
                    "sd": 0.135
                  }
                }
              },
              "counters": {
                "messages": {
                  "s1_setup_request": 1,
                  "s1_setup_response": 1
                },
                "errors": {}
              },
              "duration": 0.4,
              "time": 46.462,
              "utc": 1785827004.79
            }
          },
          "ue_get_success": true,
          "matched_ues": [],
          "data_ue": null,
          "data_ip_source": "not_available",
          "data_ip_wait_sec": 0.0,
          "ping": null
        },
        {
          "elapsed_sec": 78.8,
          "phy_connected": false,
          "phy_rate": {
            "success": true,
            "cells": [
              {
                "cell_id": "1",
                "dl_bitrate_bps": 0,
                "ul_bitrate_bps": 0,
                "dl_bitrate_mbps": 0.0,
                "ul_bitrate_mbps": 0.0,
                "active": false
              },
              {
                "cell_id": "2",
                "dl_bitrate_bps": 0,
                "ul_bitrate_bps": 0,
                "dl_bitrate_mbps": 0.0,
                "ul_bitrate_mbps": 0.0,
                "active": false
              }
            ],
            "total_dl_bitrate_bps": 0,
            "total_ul_bitrate_bps": 0,
            "total_dl_bitrate_mbps": 0.0,
            "total_ul_bitrate_mbps": 0.0,
            "active_cell_count": 0,
            "command": "cd /root/enb && ./ws.js 192.168.1.80:9001 '{\"message\":\"stats\"}'",
            "payload": {
              "message": "stats",
              "message_id": "id#1",
              "instance_id": "6a718e78",
              "cpu": {},
              "cells": {
                "1": {
                  "dl_bitrate": 0,
                  "ul_bitrate": 0,
                  "dl_tx": 0,
                  "ul_tx": 0,
                  "dl_err": 0,
                  "ul_err": 0,
                  "dl_retx": 0,
                  "ul_retx": 0,
                  "dl_use_min": 0,
                  "dl_use_max": 0.08,
                  "dl_use_avg": 0.004,
                  "dl_data_use_min": 0,
                  "dl_data_use_max": 0,
                  "dl_data_use_avg": 0,
                  "ul_use_min": 0.08,
                  "ul_use_max": 0.14,
                  "ul_use_avg": 0.086,
                  "ul_data_use_min": 0,
                  "ul_data_use_max": 0,
                  "ul_data_use_avg": 0,
                  "ctrl_use_min": 0,
                  "ctrl_use_max": 0.235,
                  "ctrl_use_avg": 0.017,
                  "dl_sched_users_min": 0,
                  "dl_sched_users_max": 0,
                  "dl_sched_users_avg": 0,
                  "ul_sched_users_min": 0,
                  "ul_sched_users_max": 0,
                  "ul_sched_users_avg": 0,
                  "ue_count_min": 0,
                  "ue_count_max": 0,
                  "ue_count_avg": 0,
                  "ue_active_count_min": 0,
                  "ue_active_count_max": 0,
                  "ue_active_count_avg": 0,
                  "ue_inactive_count_min": 0,
                  "ue_inactive_count_max": 0,
                  "ue_inactive_count_avg": 0,
                  "erab_count_min": 0,
                  "erab_count_max": 0,
                  "erab_count_avg": 0,
                  "dl_gbr_use_min": 0,
                  "dl_gbr_use_max": 0,
                  "dl_gbr_use_avg": 0,
                  "ul_gbr_use_min": 0,
                  "ul_gbr_use_max": 0,
                  "ul_gbr_use_avg": 0,
                  "counters": {
                    "messages": {},
                    "errors": {}
                  }
                },
                "2": {
                  "dl_bitrate": 0,
                  "ul_bitrate": 0,
                  "dl_tx": 0,
                  "ul_tx": 0,
                  "dl_err": 0,
                  "ul_err": 0,
                  "dl_retx": 0,
                  "ul_retx": 0,
                  "dl_use_min": 0,
                  "dl_use_max": 0.077,
                  "dl_use_avg": 0.005,
                  "dl_data_use_min": 0,
                  "dl_data_use_max": 0,
                  "dl_data_use_avg": 0,
                  "ul_use_min": 0.015,
                  "ul_use_max": 0.059,
                  "ul_use_avg": 0.029,
                  "ul_data_use_min": 0,
                  "ul_data_use_max": 0,
                  "ul_data_use_avg": 0,
                  "dl_sched_users_min": 0,
                  "dl_sched_users_max": 0,
                  "dl_sched_users_avg": 0,
                  "ul_sched_users_min": 0,
                  "ul_sched_users_max": 0,
                  "ul_sched_users_avg": 0,
                  "ue_count_min": 0,
                  "ue_count_max": 0,
                  "ue_count_avg": 0,
                  "ue_active_count_min": 0,
                  "ue_active_count_max": 0,
                  "ue_active_count_avg": 0,
                  "ue_inactive_count_min": 0,
                  "ue_inactive_count_max": 0,
                  "ue_inactive_count_avg": 0,
                  "drb_count_min": 0,
                  "drb_count_max": 0,
                  "drb_count_avg": 0,
                  "dl_gbr_use_min": 0,
                  "dl_gbr_use_max": 0,
                  "dl_gbr_use_avg": 0,
                  "ul_gbr_use_min": 0,
                  "ul_gbr_use_max": 0,
                  "ul_gbr_use_avg": 0,
                  "counters": {
                    "messages": {
                      "prach": 52
                    },
                    "errors": {}
                  }
                }
              },
              "rf_ports": {
                "0": {
                  "rxtx_delay": {
                    "min": 2.465,
                    "max": 3.527,
                    "avg": 3.058,
                    "sd": 0.263
                  }
                },
                "1": {
                  "rxtx_delay": {
                    "min": 2.635,
                    "max": 3.387,
                    "avg": 3.001,
                    "sd": 0.134
                  }
                }
              },
              "counters": {
                "messages": {
                  "s1_setup_request": 1,
                  "s1_setup_response": 1
                },
                "errors": {}
              },
              "duration": 0.4,
              "time": 50.243,
              "utc": 1785827008.572
            }
          },
          "ue_get_success": true,
          "matched_ues": [],
          "data_ue": null,
          "data_ip_source": "not_available",
          "data_ip_wait_sec": 0.0,
          "ping": null
        },
        {
          "elapsed_sec": 82.8,
          "phy_connected": false,
          "phy_rate": {
            "success": true,
            "cells": [
              {
                "cell_id": "1",
                "dl_bitrate_bps": 0,
                "ul_bitrate_bps": 0,
                "dl_bitrate_mbps": 0.0,
                "ul_bitrate_mbps": 0.0,
                "active": false
              },
              {
                "cell_id": "2",
                "dl_bitrate_bps": 0,
                "ul_bitrate_bps": 0,
                "dl_bitrate_mbps": 0.0,
                "ul_bitrate_mbps": 0.0,
                "active": false
              }
            ],
            "total_dl_bitrate_bps": 0,
            "total_ul_bitrate_bps": 0,
            "total_dl_bitrate_mbps": 0.0,
            "total_ul_bitrate_mbps": 0.0,
            "active_cell_count": 0,
            "command": "cd /root/enb && ./ws.js 192.168.1.80:9001 '{\"message\":\"stats\"}'",
            "payload": {
              "message": "stats",
              "message_id": "id#1",
              "instance_id": "6a718e78",
              "cpu": {},
              "cells": {
                "1": {
                  "dl_bitrate": 0,
                  "ul_bitrate": 0,
                  "dl_tx": 0,
                  "ul_tx": 0,
                  "dl_err": 0,
                  "ul_err": 0,
                  "dl_retx": 0,
                  "ul_retx": 0,
                  "dl_use_min": 0,
                  "dl_use_max": 0.08,
                  "dl_use_avg": 0.004,
                  "dl_data_use_min": 0,
                  "dl_data_use_max": 0,
                  "dl_data_use_avg": 0,
                  "ul_use_min": 0.08,
                  "ul_use_max": 0.14,
                  "ul_use_avg": 0.086,
                  "ul_data_use_min": 0,
                  "ul_data_use_max": 0,
                  "ul_data_use_avg": 0,
                  "ctrl_use_min": 0,
                  "ctrl_use_max": 0.235,
                  "ctrl_use_avg": 0.019,
                  "dl_sched_users_min": 0,
                  "dl_sched_users_max": 0,
                  "dl_sched_users_avg": 0,
                  "ul_sched_users_min": 0,
                  "ul_sched_users_max": 0,
                  "ul_sched_users_avg": 0,
                  "ue_count_min": 0,
                  "ue_count_max": 0,
                  "ue_count_avg": 0,
                  "ue_active_count_min": 0,
                  "ue_active_count_max": 0,
                  "ue_active_count_avg": 0,
                  "ue_inactive_count_min": 0,
                  "ue_inactive_count_max": 0,
                  "ue_inactive_count_avg": 0,
                  "erab_count_min": 0,
                  "erab_count_max": 0,
                  "erab_count_avg": 0,
                  "dl_gbr_use_min": 0,
                  "dl_gbr_use_max": 0,
                  "dl_gbr_use_avg": 0,
                  "ul_gbr_use_min": 0,
                  "ul_gbr_use_max": 0,
                  "ul_gbr_use_avg": 0,
                  "counters": {
                    "messages": {},
                    "errors": {}
                  }
                },
                "2": {
                  "dl_bitrate": 0,
                  "ul_bitrate": 0,
                  "dl_tx": 0,
                  "ul_tx": 0,
                  "dl_err": 0,
                  "ul_err": 0,
                  "dl_retx": 0,
                  "ul_retx": 0,
                  "dl_use_min": 0,
                  "dl_use_max": 0.077,
                  "dl_use_avg": 0.005,
                  "dl_data_use_min": 0,
                  "dl_data_use_max": 0,
                  "dl_data_use_avg": 0,
                  "ul_use_min": 0.015,
                  "ul_use_max": 0.059,
                  "ul_use_avg": 0.029,
                  "ul_data_use_min": 0,
                  "ul_data_use_max": 0,
                  "ul_data_use_avg": 0,
                  "dl_sched_users_min": 0,
                  "dl_sched_users_max": 0,
                  "dl_sched_users_avg": 0,
                  "ul_sched_users_min": 0,
                  "ul_sched_users_max": 0,
                  "ul_sched_users_avg": 0,
                  "ue_count_min": 0,
                  "ue_count_max": 0,
                  "ue_count_avg": 0,
                  "ue_active_count_min": 0,
                  "ue_active_count_max": 0,
                  "ue_active_count_avg": 0,
                  "ue_inactive_count_min": 0,
                  "ue_inactive_count_max": 0,
                  "ue_inactive_count_avg": 0,
                  "drb_count_min": 0,
                  "drb_count_max": 0,
                  "drb_count_avg": 0,
                  "dl_gbr_use_min": 0,
                  "dl_gbr_use_max": 0,
                  "dl_gbr_use_avg": 0,
                  "ul_gbr_use_min": 0,
                  "ul_gbr_use_max": 0,
                  "ul_gbr_use_avg": 0,
                  "counters": {
                    "messages": {
                      "prach": 52
                    },
                    "errors": {}
                  }
                }
              },
              "rf_ports": {
                "0": {
                  "rxtx_delay": {
                    "min": 2.465,
                    "max": 3.527,
                    "avg": 3.057,
                    "sd": 0.263
                  }
                },
                "1": {
                  "rxtx_delay": {
                    "min": 2.665,
                    "max": 3.387,
                    "avg": 2.997,
                    "sd": 0.134
                  }
                }
              },
              "counters": {
                "messages": {
                  "s1_setup_request": 1,
                  "s1_setup_response": 1
                },
                "errors": {}
              },
              "duration": 0.4,
              "time": 54.28,
              "utc": 1785827012.609
            }
          },
          "ue_get_success": true,
          "matched_ues": [],
          "data_ue": null,
          "data_ip_source": "not_available",
          "data_ip_wait_sec": 0.0,
          "ping": null
        },
        {
          "elapsed_sec": 86.7,
          "phy_connected": false,
          "phy_rate": {
            "success": true,
            "cells": [
              {
                "cell_id": "1",
                "dl_bitrate_bps": 0,
                "ul_bitrate_bps": 0,
                "dl_bitrate_mbps": 0.0,
                "ul_bitrate_mbps": 0.0,
                "active": false
              },
              {
                "cell_id": "2",
                "dl_bitrate_bps": 0,
                "ul_bitrate_bps": 0,
                "dl_bitrate_mbps": 0.0,
                "ul_bitrate_mbps": 0.0,
                "active": false
              }
            ],
            "total_dl_bitrate_bps": 0,
            "total_ul_bitrate_bps": 0,
            "total_dl_bitrate_mbps": 0.0,
            "total_ul_bitrate_mbps": 0.0,
            "active_cell_count": 0,
            "command": "cd /root/enb && ./ws.js 192.168.1.80:9001 '{\"message\":\"stats\"}'",
            "payload": {
              "message": "stats",
              "message_id": "id#1",
              "instance_id": "6a718e78",
              "cpu": {},
              "cells": {
                "1": {
                  "dl_bitrate": 0,
                  "ul_bitrate": 0,
                  "dl_tx": 0,
                  "ul_tx": 0,
                  "dl_err": 0,
                  "ul_err": 0,
                  "dl_retx": 0,
                  "ul_retx": 0,
                  "dl_use_min": 0,
                  "dl_use_max": 0.08,
                  "dl_use_avg": 0.004,
                  "dl_data_use_min": 0,
                  "dl_data_use_max": 0,
                  "dl_data_use_avg": 0,
                  "ul_use_min": 0.08,
                  "ul_use_max": 0.14,
                  "ul_use_avg": 0.086,
                  "ul_data_use_min": 0,
                  "ul_data_use_max": 0,
                  "ul_data_use_avg": 0,
                  "ctrl_use_min": 0,
                  "ctrl_use_max": 0.235,
                  "ctrl_use_avg": 0.019,
                  "dl_sched_users_min": 0,
                  "dl_sched_users_max": 0,
                  "dl_sched_users_avg": 0,
                  "ul_sched_users_min": 0,
                  "ul_sched_users_max": 0,
                  "ul_sched_users_avg": 0,
                  "ue_count_min": 0,
                  "ue_count_max": 0,
                  "ue_count_avg": 0,
                  "ue_active_count_min": 0,
                  "ue_active_count_max": 0,
                  "ue_active_count_avg": 0,
                  "ue_inactive_count_min": 0,
                  "ue_inactive_count_max": 0,
                  "ue_inactive_count_avg": 0,
                  "erab_count_min": 0,
                  "erab_count_max": 0,
                  "erab_count_avg": 0,
                  "dl_gbr_use_min": 0,
                  "dl_gbr_use_max": 0,
                  "dl_gbr_use_avg": 0,
                  "ul_gbr_use_min": 0,
                  "ul_gbr_use_max": 0,
                  "ul_gbr_use_avg": 0,
                  "counters": {
                    "messages": {},
                    "errors": {}
                  }
                },
                "2": {
                  "dl_bitrate": 0,
                  "ul_bitrate": 0,
                  "dl_tx": 0,
                  "ul_tx": 0,
                  "dl_err": 0,
                  "ul_err": 0,
                  "dl_retx": 0,
                  "ul_retx": 0,
                  "dl_use_min": 0,
                  "dl_use_max": 0.077,
                  "dl_use_avg": 0.005,
                  "dl_data_use_min": 0,
                  "dl_data_use_max": 0,
                  "dl_data_use_avg": 0,
                  "ul_use_min": 0.015,
                  "ul_use_max": 0.059,
                  "ul_use_avg": 0.029,
                  "ul_data_use_min": 0,
                  "ul_data_use_max": 0,
                  "ul_data_use_avg": 0,
                  "dl_sched_users_min": 0,
                  "dl_sched_users_max": 0,
                  "dl_sched_users_avg": 0,
                  "ul_sched_users_min": 0,
                  "ul_sched_users_max": 0,
                  "ul_sched_users_avg": 0,
                  "ue_count_min": 0,
                  "ue_count_max": 0,
                  "ue_count_avg": 0,
                  "ue_active_count_min": 0,
                  "ue_active_count_max": 0,
                  "ue_active_count_avg": 0,
                  "ue_inactive_count_min": 0,
                  "ue_inactive_count_max": 0,
                  "ue_inactive_count_avg": 0,
                  "drb_count_min": 0,
                  "drb_count_max": 0,
                  "drb_count_avg": 0,
                  "dl_gbr_use_min": 0,
                  "dl_gbr_use_max": 0,
                  "dl_gbr_use_avg": 0,
                  "ul_gbr_use_min": 0,
                  "ul_gbr_use_max": 0,
                  "ul_gbr_use_avg": 0,
                  "counters": {
                    "messages": {
                      "prach": 52
                    },
                    "errors": {}
                  }
                }
              },
              "rf_ports": {
                "0": {
                  "rxtx_delay": {
                    "min": 2.465,
                    "max": 3.527,
                    "avg": 3.062,
                    "sd": 0.263
                  }
                },
                "1": {
                  "rxtx_delay": {
                    "min": 2.635,
                    "max": 3.387,
                    "avg": 2.998,
                    "sd": 0.134
                  }
                }
              },
              "counters": {
                "messages": {
                  "s1_setup_request": 1,
                  "s1_setup_response": 1
                },
                "errors": {}
              },
              "duration": 0.4,
              "time": 58.134,
              "utc": 1785827016.463
            }
          },
          "ue_get_success": true,
          "matched_ues": [],
          "data_ue": null,
          "data_ip_source": "not_available",
          "data_ip_wait_sec": 0.0,
          "ping": null
        },
        {
          "elapsed_sec": 90.5,
          "phy_connected": false,
          "phy_rate": {
            "success": true,
            "cells": [
              {
                "cell_id": "1",
                "dl_bitrate_bps": 0,
                "ul_bitrate_bps": 0,
                "dl_bitrate_mbps": 0.0,
                "ul_bitrate_mbps": 0.0,
                "active": false
              },
              {
                "cell_id": "2",
                "dl_bitrate_bps": 0,
                "ul_bitrate_bps": 0,
                "dl_bitrate_mbps": 0.0,
                "ul_bitrate_mbps": 0.0,
                "active": false
              }
            ],
            "total_dl_bitrate_bps": 0,
            "total_ul_bitrate_bps": 0,
            "total_dl_bitrate_mbps": 0.0,
            "total_ul_bitrate_mbps": 0.0,
            "active_cell_count": 0,
            "command": "cd /root/enb && ./ws.js 192.168.1.80:9001 '{\"message\":\"stats\"}'",
            "payload": {
              "message": "stats",
              "message_id": "id#1",
              "instance_id": "6a718e78",
              "cpu": {},
              "cells": {
                "1": {
                  "dl_bitrate": 0,
                  "ul_bitrate": 0,
                  "dl_tx": 0,
                  "ul_tx": 0,
                  "dl_err": 0,
                  "ul_err": 0,
                  "dl_retx": 0,
                  "ul_retx": 0,
                  "dl_use_min": 0,
                  "dl_use_max": 0.08,
                  "dl_use_avg": 0.004,
                  "dl_data_use_min": 0,
                  "dl_data_use_max": 0,
                  "dl_data_use_avg": 0,
                  "ul_use_min": 0.08,
                  "ul_use_max": 0.14,
                  "ul_use_avg": 0.086,
                  "ul_data_use_min": 0,
                  "ul_data_use_max": 0,
                  "ul_data_use_avg": 0,
                  "ctrl_use_min": 0,
                  "ctrl_use_max": 0.235,
                  "ctrl_use_avg": 0.016,
                  "dl_sched_users_min": 0,
                  "dl_sched_users_max": 0,
                  "dl_sched_users_avg": 0,
                  "ul_sched_users_min": 0,
                  "ul_sched_users_max": 0,
                  "ul_sched_users_avg": 0,
                  "ue_count_min": 1,
                  "ue_count_max": 1,
                  "ue_count_avg": 1,
                  "ue_active_count_min": 1,
                  "ue_active_count_max": 1,
                  "ue_active_count_avg": 1,
                  "ue_inactive_count_min": 0,
                  "ue_inactive_count_max": 0,
                  "ue_inactive_count_avg": 0,
                  "erab_count_min": 1,
                  "erab_count_max": 1,
                  "erab_count_avg": 1,
                  "dl_gbr_use_min": 0,
                  "dl_gbr_use_max": 0,
                  "dl_gbr_use_avg": 0,
                  "ul_gbr_use_min": 0,
                  "ul_gbr_use_max": 0,
                  "ul_gbr_use_avg": 0,
                  "counters": {
                    "messages": {
                      "prach": 2,
                      "rrc_connection_request": 2,
                      "rrc_connection_setup": 2,
                      "rrc_connection_setup_complete": 2,
                      "rrc_ul_information_transfer": 3,
                      "rrc_dl_information_transfer": 4,
                      "rrc_security_mode_command": 1,
                      "rrc_security_mode_complete": 1,
                      "rrc_ue_capability_enquiry": 1,
                      "rrc_ue_capability_information": 1,
                      "rrc_connection_reconfiguration": 1,
                      "rrc_connection_reconfiguration_complete": 1,
                      "rrc_connection_release": 1
                    },
                    "errors": {}
                  }
                },
                "2": {
                  "dl_bitrate": 0,
                  "ul_bitrate": 0,
                  "dl_tx": 0,
                  "ul_tx": 0,
                  "dl_err": 0,
                  "ul_err": 0,
                  "dl_retx": 0,
                  "ul_retx": 0,
                  "dl_use_min": 0,
                  "dl_use_max": 0.077,
                  "dl_use_avg": 0.005,
                  "dl_data_use_min": 0,
                  "dl_data_use_max": 0,
                  "dl_data_use_avg": 0,
                  "ul_use_min": 0.015,
                  "ul_use_max": 0.059,
                  "ul_use_avg": 0.029,
                  "ul_data_use_min": 0,
                  "ul_data_use_max": 0,
                  "ul_data_use_avg": 0,
                  "dl_sched_users_min": 0,
                  "dl_sched_users_max": 0,
                  "dl_sched_users_avg": 0,
                  "ul_sched_users_min": 0,
                  "ul_sched_users_max": 0,
                  "ul_sched_users_avg": 0,
                  "ue_count_min": 0,
                  "ue_count_max": 0,
                  "ue_count_avg": 0,
                  "ue_active_count_min": 0,
                  "ue_active_count_max": 0,
                  "ue_active_count_avg": 0,
                  "ue_inactive_count_min": 0,
                  "ue_inactive_count_max": 0,
                  "ue_inactive_count_avg": 0,
                  "drb_count_min": 0,
                  "drb_count_max": 0,
                  "drb_count_avg": 0,
                  "dl_gbr_use_min": 0,
                  "dl_gbr_use_max": 0,
                  "dl_gbr_use_avg": 0,
                  "ul_gbr_use_min": 0,
                  "ul_gbr_use_max": 0,
                  "ul_gbr_use_avg": 0,
                  "counters": {
                    "messages": {
                      "prach": 52
                    },
                    "errors": {}
                  }
                }
              },
              "rf_ports": {
                "0": {
                  "rxtx_delay": {
                    "min": 2.465,
                    "max": 3.527,
                    "avg": 3.057,
                    "sd": 0.265
                  }
                },
                "1": {
                  "rxtx_delay": {
                    "min": 2.635,
                    "max": 3.387,
                    "avg": 2.996,
                    "sd": 0.136
                  }
                }
              },
              "counters": {
                "messages": {
                  "s1_initial_context_setup_request": 1,
                  "s1_initial_context_setup_response": 1,
                  "s1_downlink_nas_transport": 4,
                  "s1_initial_ue_message": 2,
                  "s1_uplink_nas_transport": 3,
                  "s1_setup_request": 1,
                  "s1_setup_response": 1,
                  "s1_ue_capability_info_indication": 1,
                  "s1_ue_context_release_command": 1,
                  "s1_ue_context_release_complete": 1,
                  "s1_nas_delivery_indication": 1
                },
                "errors": {}
              },
              "duration": 0.4,
              "time": 61.914,
              "utc": 1785827020.249
            }
          },
          "ue_get_success": true,
          "matched_ues": [
            {
              "ip": null,
              "imsi": "001010123888888",
              "imei": "8668870400991701",
              "apn": null,
              "enb_ue_id": 9,
              "mme_ue_id": 101,
              "rnti": null
            },
            {
              "ip": "192.168.2.2",
              "imsi": null,
              "imei": null,
              "apn": "TestPLMN",
              "enb_ue_id": null,
              "mme_ue_id": null,
              "rnti": null
            }
          ],
          "data_ue": {
            "ip": "192.168.2.2",
            "imsi": null,
            "imei": null,
            "apn": "TestPLMN",
            "enb_ue_id": null,
            "mme_ue_id": null,
            "rnti": null
          },
          "data_ip_source": "only_ue_ip_fallback",
          "data_ip_wait_sec": 0.0,
          "ping": {
            "success": false,
            "ip": "192.168.2.2",
            "command": "ping -c 1 -W 2 192.168.2.2",
            "stdout": "PING 192.168.2.2 (192.168.2.2) 56(84) bytes of data.\n\n--- 192.168.2.2 ping statistics ---\n1 packets transmitted, 0 received, 100% packet loss, time 0ms\n\n",
            "stderr": "",
            "exit_code": 1
          }
        },
        {
          "elapsed_sec": 96.4,
          "phy_connected": false,
          "phy_rate": {
            "success": true,
            "cells": [
              {
                "cell_id": "1",
                "dl_bitrate_bps": 0,
                "ul_bitrate_bps": 0,
                "dl_bitrate_mbps": 0.0,
                "ul_bitrate_mbps": 0.0,
                "active": false
              },
              {
                "cell_id": "2",
                "dl_bitrate_bps": 0,
                "ul_bitrate_bps": 0,
                "dl_bitrate_mbps": 0.0,
                "ul_bitrate_mbps": 0.0,
                "active": false
              }
            ],
            "total_dl_bitrate_bps": 0,
            "total_ul_bitrate_bps": 0,
            "total_dl_bitrate_mbps": 0.0,
            "total_ul_bitrate_mbps": 0.0,
            "active_cell_count": 0,
            "command": "cd /root/enb && ./ws.js 192.168.1.80:9001 '{\"message\":\"stats\"}'",
            "payload": {
              "message": "stats",
              "message_id": "id#1",
              "instance_id": "6a718e78",
              "cpu": {},
              "cells": {
                "1": {
                  "dl_bitrate": 0,
                  "ul_bitrate": 0,
                  "dl_tx": 0,
                  "ul_tx": 0,
                  "dl_err": 0,
                  "ul_err": 0,
                  "dl_retx": 0,
                  "ul_retx": 0,
                  "dl_use_min": 0,
                  "dl_use_max": 0.08,
                  "dl_use_avg": 0.004,
                  "dl_data_use_min": 0,
                  "dl_data_use_max": 0,
                  "dl_data_use_avg": 0,
                  "ul_use_min": 0.08,
                  "ul_use_max": 0.14,
                  "ul_use_avg": 0.086,
                  "ul_data_use_min": 0,
                  "ul_data_use_max": 0,
                  "ul_data_use_avg": 0,
                  "ctrl_use_min": 0,
                  "ctrl_use_max": 0.235,
                  "ctrl_use_avg": 0.019,
                  "dl_sched_users_min": 0,
                  "dl_sched_users_max": 0,
                  "dl_sched_users_avg": 0,
                  "ul_sched_users_min": 0,
                  "ul_sched_users_max": 0,
                  "ul_sched_users_avg": 0,
                  "ue_count_min": 1,
                  "ue_count_max": 1,
                  "ue_count_avg": 1,
                  "ue_active_count_min": 1,
                  "ue_active_count_max": 1,
                  "ue_active_count_avg": 1,
                  "ue_inactive_count_min": 0,
                  "ue_inactive_count_max": 0,
                  "ue_inactive_count_avg": 0,
                  "erab_count_min": 2,
                  "erab_count_max": 2,
                  "erab_count_avg": 2,
                  "dl_gbr_use_min": 0,
                  "dl_gbr_use_max": 0,
                  "dl_gbr_use_avg": 0,
                  "ul_gbr_use_min": 0,
                  "ul_gbr_use_max": 0,
                  "ul_gbr_use_avg": 0,
                  "counters": {
                    "messages": {
                      "prach": 4,
                      "rrc_connection_request": 2,
                      "rrc_connection_setup": 2,
                      "rrc_connection_setup_complete": 2,
                      "rrc_ul_information_transfer": 5,
                      "rrc_dl_information_transfer": 4,
                      "rrc_security_mode_command": 1,
                      "rrc_security_mode_complete": 1,
                      "rrc_ue_capability_enquiry": 1,
                      "rrc_ue_capability_information": 1,
                      "rrc_connection_reconfiguration": 4,
                      "rrc_connection_reconfiguration_complete": 4,
                      "rrc_connection_release": 1
                    },
                    "errors": {}
                  }
                },
                "2": {
                  "dl_bitrate": 0,
                  "ul_bitrate": 0,
                  "dl_tx": 0,
                  "ul_tx": 0,
                  "dl_err": 0,
                  "ul_err": 0,
                  "dl_retx": 0,
                  "ul_retx": 0,
                  "dl_use_min": 0,
                  "dl_use_max": 0.077,
                  "dl_use_avg": 0.005,
                  "dl_data_use_min": 0,
                  "dl_data_use_max": 0,
                  "dl_data_use_avg": 0,
                  "ul_use_min": 0.015,
                  "ul_use_max": 0.059,
                  "ul_use_avg": 0.029,
                  "ul_data_use_min": 0,
                  "ul_data_use_max": 0,
                  "ul_data_use_avg": 0,
                  "dl_sched_users_min": 0,
                  "dl_sched_users_max": 0,
                  "dl_sched_users_avg": 0,
                  "ul_sched_users_min": 0,
                  "ul_sched_users_max": 0,
                  "ul_sched_users_avg": 0,
                  "ue_count_min": 0,
                  "ue_count_max": 0,
                  "ue_count_avg": 0,
                  "ue_active_count_min": 0,
                  "ue_active_count_max": 0,
                  "ue_active_count_avg": 0,
                  "ue_inactive_count_min": 0,
                  "ue_inactive_count_max": 0,
                  "ue_inactive_count_avg": 0,
                  "drb_count_min": 0,
                  "drb_count_max": 0,
                  "drb_count_avg": 0,
                  "dl_gbr_use_min": 0,
                  "dl_gbr_use_max": 0,
                  "dl_gbr_use_avg": 0,
                  "ul_gbr_use_min": 0,
                  "ul_gbr_use_max": 0,
                  "ul_gbr_use_avg": 0,
                  "counters": {
                    "messages": {
                      "prach": 52
                    },
                    "errors": {}
                  }
                }
              },
              "rf_ports": {
                "0": {
                  "rxtx_delay": {
                    "min": 2.465,
                    "max": 3.527,
                    "avg": 3.056,
                    "sd": 0.264
                  }
                },
                "1": {
                  "rxtx_delay": {
                    "min": 2.635,
                    "max": 3.387,
                    "avg": 2.996,
                    "sd": 0.134
                  }
                }
              },
              "counters": {
                "messages": {
                  "s1_erab_setup_request": 1,
                  "s1_erab_setup_response": 1,
                  "s1_initial_context_setup_request": 1,
                  "s1_initial_context_setup_response": 1,
                  "s1_downlink_nas_transport": 4,
                  "s1_initial_ue_message": 2,
                  "s1_uplink_nas_transport": 5,
                  "s1_setup_request": 1,
                  "s1_setup_response": 1,
                  "s1_ue_capability_info_indication": 1,
                  "s1_ue_context_release_command": 1,
                  "s1_ue_context_release_complete": 1,
                  "s1_nas_delivery_indication": 1
                },
                "errors": {}
              },
              "duration": 0.4,
              "time": 67.893,
              "utc": 1785827026.223
            }
          },
          "ue_get_success": true,
          "matched_ues": [
            {
              "ip": null,
              "imsi": "001010123888888",
              "imei": "8668870400991701",
              "apn": null,
              "enb_ue_id": 9,
              "mme_ue_id": 101,
              "rnti": null
            },
            {
              "ip": "192.168.2.2",
              "imsi": null,
              "imei": null,
              "apn": "TestPLMN",
              "enb_ue_id": null,
              "mme_ue_id": null,
              "rnti": null
            },
            {
              "ip": "192.168.3.2",
              "imsi": null,
              "imei": null,
              "apn": "internet",
              "enb_ue_id": null,
              "mme_ue_id": null,
              "rnti": null
            }
          ],
          "data_ue": {
            "ip": "192.168.3.2",
            "imsi": null,
            "imei": null,
            "apn": "internet",
            "enb_ue_id": null,
            "mme_ue_id": null,
            "rnti": null
          },
          "data_ip_source": "apn:internet",
          "data_ip_wait_sec": 0.0,
          "ping": {
            "success": true,
            "ip": "192.168.3.2",
            "command": "ping -c 1 -W 2 192.168.3.2",
            "stdout": "PING 192.168.3.2 (192.168.3.2) 56(84) bytes of data.\n64 bytes from 192.168.3.2: icmp_seq=1 ttl=64 time=417 ms\n\n--- 192.168.3.2 ping statistics ---\n1 packets transmitted, 1 received, 0% packet loss, time 0ms\nrtt min/avg/max/mdev = 416.528/416.528/416.528/0.000 ms\n",
            "stderr": "",
            "exit_code": 0
          }
        },
        {
          "elapsed_sec": 100.8,
          "phy_connected": true,
          "phy_rate": {
            "success": true,
            "cells": [
              {
                "cell_id": "1",
                "dl_bitrate_bps": 554300,
                "ul_bitrate_bps": 11153760,
                "dl_bitrate_mbps": 0.554,
                "ul_bitrate_mbps": 11.154,
                "active": true
              },
              {
                "cell_id": "2",
                "dl_bitrate_bps": 0,
                "ul_bitrate_bps": 0,
                "dl_bitrate_mbps": 0.0,
                "ul_bitrate_mbps": 0.0,
                "active": false
              }
            ],
            "total_dl_bitrate_bps": 554300,
            "total_ul_bitrate_bps": 11153760,
            "total_dl_bitrate_mbps": 0.554,
            "total_ul_bitrate_mbps": 11.154,
            "active_cell_count": 1,
            "command": "cd /root/enb && ./ws.js 192.168.1.80:9001 '{\"message\":\"stats\"}'",
            "payload": {
              "message": "stats",
              "message_id": "id#1",
              "instance_id": "6a718e78",
              "cpu": {},
              "cells": {
                "1": {
                  "dl_bitrate": 554300,
                  "ul_bitrate": 11153760,
                  "dl_tx": 45,
                  "ul_tx": 86,
                  "dl_err": 40,
                  "ul_err": 38,
                  "dl_retx": 224,
                  "ul_retx": 203,
                  "dl_use_min": 0,
                  "dl_use_max": 1,
                  "dl_use_avg": 0.688,
                  "dl_data_use_min": 0,
                  "dl_data_use_max": 1,
                  "dl_data_use_avg": 0.684,
                  "ul_use_min": 0.08,
                  "ul_use_max": 0.98,
                  "ul_use_avg": 0.718,
                  "ul_data_use_min": 0,
                  "ul_data_use_max": 0.9,
                  "ul_data_use_avg": 0.292,
                  "ctrl_use_min": 0,
                  "ctrl_use_max": 0.941,
                  "ctrl_use_avg": 0.272,
                  "dl_sched_users_min": 0,
                  "dl_sched_users_max": 1,
                  "dl_sched_users_avg": 0.685,
                  "ul_sched_users_min": 0,
                  "ul_sched_users_max": 1,
                  "ul_sched_users_avg": 0.33,
                  "ue_count_min": 1,
                  "ue_count_max": 1,
                  "ue_count_avg": 1,
                  "ue_active_count_min": 1,
                  "ue_active_count_max": 1,
                  "ue_active_count_avg": 1,
                  "ue_inactive_count_min": 0,
                  "ue_inactive_count_max": 0,
                  "ue_inactive_count_avg": 0,
                  "erab_count_min": 2,
                  "erab_count_max": 2,
                  "erab_count_avg": 2,
                  "dl_gbr_use_min": 0,
                  "dl_gbr_use_max": 0,
                  "dl_gbr_use_avg": 0,
                  "ul_gbr_use_min": 0,
                  "ul_gbr_use_max": 0,
                  "ul_gbr_use_avg": 0,
                  "counters": {
                    "messages": {
                      "prach": 7,
                      "rrc_connection_request": 2,
                      "rrc_connection_setup": 2,
                      "rrc_connection_setup_complete": 2,
                      "rrc_ul_information_transfer": 5,
                      "rrc_dl_information_transfer": 4,
                      "rrc_security_mode_command": 1,
                      "rrc_security_mode_complete": 1,
                      "rrc_ue_capability_enquiry": 1,
                      "rrc_ue_capability_information": 1,
                      "rrc_connection_reconfiguration": 7,
                      "rrc_connection_reconfiguration_complete": 7,
                      "rrc_connection_release": 1
                    },
                    "errors": {}
                  }
                },
                "2": {
                  "dl_bitrate": 0,
                  "ul_bitrate": 0,
                  "dl_tx": 0,
                  "ul_tx": 0,
                  "dl_err": 0,
                  "ul_err": 0,
                  "dl_retx": 0,
                  "ul_retx": 0,
                  "dl_use_min": 0,
                  "dl_use_max": 0.077,
                  "dl_use_avg": 0.005,
                  "dl_data_use_min": 0,
                  "dl_data_use_max": 0,
                  "dl_data_use_avg": 0,
                  "ul_use_min": 0.015,
                  "ul_use_max": 0.059,
                  "ul_use_avg": 0.029,
                  "ul_data_use_min": 0,
                  "ul_data_use_max": 0,
                  "ul_data_use_avg": 0,
                  "dl_sched_users_min": 0,
                  "dl_sched_users_max": 0,
                  "dl_sched_users_avg": 0,
                  "ul_sched_users_min": 0,
                  "ul_sched_users_max": 0,
                  "ul_sched_users_avg": 0,
                  "ue_count_min": 0,
                  "ue_count_max": 0,
                  "ue_count_avg": 0,
                  "ue_active_count_min": 0,
                  "ue_active_count_max": 0,
                  "ue_active_count_avg": 0,
                  "ue_inactive_count_min": 0,
                  "ue_inactive_count_max": 0,
                  "ue_inactive_count_avg": 0,
                  "drb_count_min": 0,
                  "drb_count_max": 0,
                  "drb_count_avg": 0,
                  "dl_gbr_use_min": 0,
                  "dl_gbr_use_max": 0,
                  "dl_gbr_use_avg": 0,
                  "ul_gbr_use_min": 0,
                  "ul_gbr_use_max": 0,
                  "ul_gbr_use_avg": 0,
                  "counters": {
                    "messages": {
                      "prach": 52
                    },
                    "errors": {}
                  }
                }
              },
              "rf_ports": {
                "0": {
                  "rxtx_delay": {
                    "min": 1.999,
                    "max": 3.527,
                    "avg": 2.848,
                    "sd": 0.295
                  }
                },
                "1": {
                  "rxtx_delay": {
                    "min": 2.199,
                    "max": 3.387,
                    "avg": 2.892,
                    "sd": 0.203
                  }
                }
              },
              "counters": {
                "messages": {
                  "s1_erab_setup_request": 1,
                  "s1_erab_setup_response": 1,
                  "s1_initial_context_setup_request": 1,
                  "s1_initial_context_setup_response": 1,
                  "s1_downlink_nas_transport": 4,
                  "s1_initial_ue_message": 2,
                  "s1_uplink_nas_transport": 5,
                  "s1_setup_request": 1,
                  "s1_setup_response": 1,
                  "s1_ue_capability_info_indication": 1,
                  "s1_ue_context_release_command": 1,
                  "s1_ue_context_release_complete": 1,
                  "s1_nas_delivery_indication": 1
                },
                "errors": {}
              },
              "duration": 0.4,
              "time": 72.181,
              "utc": 1785827030.514
            }
          },
          "ue_get_success": true,
          "matched_ues": [
            {
              "ip": null,
              "imsi": "001010123888888",
              "imei": "8668870400991701",
              "apn": null,
              "enb_ue_id": 9,
              "mme_ue_id": 101,
              "rnti": null
            },
            {
              "ip": "192.168.2.2",
              "imsi": null,
              "imei": null,
              "apn": "TestPLMN",
              "enb_ue_id": null,
              "mme_ue_id": null,
              "rnti": null
            },
            {
              "ip": "192.168.3.2",
              "imsi": null,
              "imei": null,
              "apn": "internet",
              "enb_ue_id": null,
              "mme_ue_id": null,
              "rnti": null
            }
          ],
          "data_ue": {
            "ip": "192.168.3.2",
            "imsi": null,
            "imei": null,
            "apn": "internet",
            "enb_ue_id": null,
            "mme_ue_id": null,
            "rnti": null
          },
          "data_ip_source": "apn:internet",
          "data_ip_wait_sec": 0.0,
          "ping": {
            "success": true,
            "ip": "192.168.3.2",
            "command": "ping -c 1 -W 2 192.168.3.2",
            "stdout": "PING 192.168.3.2 (192.168.3.2) 56(84) bytes of data.\n64 bytes from 192.168.3.2: icmp_seq=1 ttl=64 time=1182 ms\n\n--- 192.168.3.2 ping statistics ---\n1 packets transmitted, 1 received, 0% packet loss, time 0ms\nrtt min/avg/max/mdev = 1181.676/1181.676/1181.676/0.000 ms\n",
            "stderr": "",
            "exit_code": 0
          }
        }
      ],
      "message": "UE 已透過 PHY Rate 判定連線；DL=0.554 Mbps，UL=11.154 Mbps；Data IP=192.168.3.2 (apn:internet)。"
    },
    "message": "ENDC Band 組合切換完成：1A_n78A，BW 20_100。",
    "returncode": 0
  },
  "schema_version": "1.0",
  "timestamp": "2026-08-04T15:11:52+08:00",
  "result_file": null
}
