{
  "success": false,
  "tool": "amarisoft.set_nr_band",
  "human_summary": "ENDC config 已套用，但 UE 尚未連線。",
  "machine_result": {
    "success": false,
    "mode": "ENDC",
    "band_config": "1A_n78A",
    "bandwidth_config": "20_100",
    "modifier": {
      "success": true,
      "mode": "ENDC",
      "input_cfg": "D:\\NetworkAutomation\\generated\\ENDC_LTE_stage_1.tmp.cfg",
      "output_cfg": "D:\\NetworkAutomation\\generated\\AutoConfig_ENDC_1A_n78A.cfg",
      "start_cell": 1,
      "nr_cell_count": 1,
      "normalized_input": "n78A(100)",
      "bcs_skeleton": "n78A:100",
      "carriers": [
        {
          "carrier_index": 1,
          "band": 78,
          "ca_class": "A",
          "duplex_type": "TDD",
          "bandwidth_mhz": 100.0,
          "subcarrier_spacing_khz": 30,
          "channel_raster_khz": 30,
          "center_frequency_mhz": 3350.01,
          "nr_arfcn": 623334
        }
      ],
      "changes": [
        {
          "key": "NR_CELL",
          "old": "2",
          "new": "1"
        },
        {
          "key": "NR_TDD_Cell_1",
          "old": "1",
          "new": "1"
        },
        {
          "key": "NR_EARFCN_1_DL",
          "old": "518598",
          "new": "623334"
        },
        {
          "key": "NR_BANDWIDTH_1",
          "old": "100",
          "new": "100"
        },
        {
          "key": "NR_BAND_1",
          "old": "41",
          "new": "78"
        },
        {
          "key": "SDR_Count",
          "old": "6",
          "new": "4"
        },
        {
          "key": "SDR_Card",
          "old": "\"dev0=/dev/sdr0,dev1=/dev/sdr1,dev2=/dev/sdr2,dev3=/dev/sdr3,dev4=/dev/sdr4,dev5=/dev/sdr5,\"",
          "new": "\"dev0=/dev/sdr0,dev1=/dev/sdr1,dev2=/dev/sdr2,dev3=/dev/sdr3,\""
        }
      ],
      "sdr_allocation": {
        "model": "100M",
        "lte_cells": 1,
        "nr_cells": 1,
        "lte_sdr_count": 2,
        "nr_sdr_count": 2,
        "total_sdr_count": 4,
        "max_sdr_count": 8,
        "sdr_card": "dev0=/dev/sdr0,dev1=/dev/sdr1,dev2=/dev/sdr2,dev3=/dev/sdr3,",
        "per_cell": [
          {
            "rat": "LTE",
            "cell": 1,
            "mimo_dl": 4,
            "sdr_count": 2
          },
          {
            "rat": "NR",
            "cell": 1,
            "mimo_dl": 4,
            "bandwidth_mhz": 100.0,
            "sdr_count": 2
          }
        ]
      }
    },
    "lte_anchor": [
      {
        "success": true,
        "input_cfg": "D:\\NetworkAutomation\\plugins\\amarisoft\\AutoConfig_ENDC.cfg",
        "output_cfg": "D:\\NetworkAutomation\\generated\\ENDC_LTE_stage_1.tmp.cfg",
        "cell": 1,
        "band": 1,
        "mode": "FDD",
        "dl_earfcn": 300,
        "bandwidth_mhz": 20.0,
        "rb_dl": 100,
        "mimo_dl": null,
        "mimo_ul": null,
        "modulation_dl": null,
        "modulation_ul": null,
        "mcs_dl": null,
        "mcs_ul": null,
        "changes": [
          {
            "key": "LTE_Cell_1_EARFCN_DL",
            "old": "1575",
            "new": "300"
          },
          {
            "key": "LTE_Cell_1_RB_DL",
            "old": "100",
            "new": "100"
          },
          {
            "key": "LTE_TDD_Cell_1",
            "old": "0",
            "new": "0"
          },
          {
            "key": "SDR_Count",
            "old": "6",
            "new": "6"
          },
          {
            "key": "SDR_Card",
            "old": "\"dev0=/dev/sdr0,dev1=/dev/sdr1,dev2=/dev/sdr2,dev3=/dev/sdr3,dev4=/dev/sdr4,dev5=/dev/sdr5\"",
            "new": "\"dev0=/dev/sdr0,dev1=/dev/sdr1,dev2=/dev/sdr2,dev3=/dev/sdr3,dev4=/dev/sdr4,dev5=/dev/sdr5,\""
          }
        ],
        "sdr_allocation": {
          "model": "100M",
          "lte_cells": 1,
          "nr_cells": 2,
          "lte_sdr_count": 2,
          "nr_sdr_count": 4,
          "total_sdr_count": 6,
          "max_sdr_count": 8,
          "sdr_card": "dev0=/dev/sdr0,dev1=/dev/sdr1,dev2=/dev/sdr2,dev3=/dev/sdr3,dev4=/dev/sdr4,dev5=/dev/sdr5,",
          "per_cell": [
            {
              "rat": "LTE",
              "cell": 1,
              "mimo_dl": 4,
              "sdr_count": 2
            },
            {
              "rat": "NR",
              "cell": 1,
              "mimo_dl": 4,
              "bandwidth_mhz": 100.0,
              "sdr_count": 2
            },
            {
              "rat": "NR",
              "cell": 2,
              "mimo_dl": 4,
              "bandwidth_mhz": 100.0,
              "sdr_count": 2
            }
          ]
        }
      }
    ],
    "generated_cfg": "D:\\NetworkAutomation\\generated\\AutoConfig_ENDC_1A_n78A.cfg",
    "dry_run": false,
    "runtime_files": {
      "apply_nr_to_callbox": "D:\\NetworkAutomation\\plugins\\amarisoft\\apply_nr_to_callbox.py",
      "nr_config_modifier": "D:\\NetworkAutomation\\plugins\\amarisoft\\nr_config_modifier.py",
      "nr_spec": "D:\\NetworkAutomation\\plugins\\amarisoft\\nr_spec.json",
      "nr_config_modifier_sha256": "f463d0f51856be09952a9f69d78aeeb25e2beb240b32bcfc1038ace05b48fd59",
      "nr_spec_sha256": "766c025cb95c566d6229fd2cc4e464c7e4409c0b3f9a1358480b186d85917af2"
    },
    "local_config_verify": {
      "success": true,
      "defines": {
        "NR_BAND_1": "78",
        "NR_BANDWIDTH_1": "100",
        "NR_EARFCN_1_DL": "623334"
      }
    },
    "stage_success": {
      "config_generated": true,
      "uploaded": true,
      "lte_service_stable": true,
      "remote_config_verified": true,
      "ue_connected": false
    },
    "remote_cfg_path": "/root/enb/config/AutoConfig.cfg",
    "source_template": "D:\\NetworkAutomation\\plugins\\amarisoft\\AutoConfig_ENDC.cfg",
    "backup": {
      "success": true,
      "stdout": "",
      "stderr": ""
    },
    "upload": {
      "success": true,
      "local_path": "D:\\NetworkAutomation\\generated\\AutoConfig_ENDC_1A_n78A.cfg",
      "remote_path": "/root/enb/config/AutoConfig.cfg"
    },
    "restart": {
      "success": true,
      "commands": [
        {
          "success": true,
          "command": "cd /root/enb/config && ln -sfn AutoConfig.cfg enb.cfg",
          "exit_code": 0,
          "stdout": "",
          "stderr": ""
        },
        {
          "success": true,
          "command": "service lte restart",
          "exit_code": 0,
          "stdout": "",
          "stderr": "Redirecting to /bin/systemctl restart lte.service\n"
        }
      ]
    },
    "lte_service": {
      "success": true,
      "elapsed_sec": 2.1,
      "attempts": [
        {
          "elapsed_sec": 0.0,
          "running": true,
          "consecutive_success": 1
        },
        {
          "elapsed_sec": 2.1,
          "running": true,
          "consecutive_success": 2
        }
      ]
    },
    "config_verify": {
      "success": true,
      "command": "grep -E '^#define (NR_BAND_1|NR_BANDWIDTH_1|NR_EARFCN_1_DL)' /root/enb/config/AutoConfig.cfg",
      "stdout": "#define NR_EARFCN_1_DL        623334\r\n#define NR_BANDWIDTH_1        100\r\n#define NR_BAND_1            78    \r\n",
      "stderr": "",
      "missing": []
    },
    "ue_wait_timeout_sec": 300,
    "connection": {
      "success": false,
      "connected": false,
      "connection_basis": null,
      "elapsed_sec": 303.3,
      "phy_rate": {
        "success": true,
        "cells": [
          {
            "cell_id": "1",
            "dl_bitrate_bps": 0,
            "ul_bitrate_bps": 0,
            "dl_bitrate_mbps": 0.0,
            "ul_bitrate_mbps": 0.0,
            "active": false
          },
          {
            "cell_id": "2",
            "dl_bitrate_bps": 0,
            "ul_bitrate_bps": 0,
            "dl_bitrate_mbps": 0.0,
            "ul_bitrate_mbps": 0.0,
            "active": false
          }
        ],
        "total_dl_bitrate_bps": 0,
        "total_ul_bitrate_bps": 0,
        "total_dl_bitrate_mbps": 0.0,
        "total_ul_bitrate_mbps": 0.0,
        "active_cell_count": 0,
        "command": "cd /root/enb && ./ws.js 192.168.1.80:9001 '{\"message\":\"stats\"}'",
        "payload": {
          "message": "stats",
          "message_id": "id#1",
          "instance_id": "6a72abe7",
          "cpu": {},
          "cells": {
            "1": {
              "dl_bitrate": 0,
              "ul_bitrate": 0,
              "dl_tx": 0,
              "ul_tx": 0,
              "dl_err": 0,
              "ul_err": 0,
              "dl_retx": 0,
              "ul_retx": 0,
              "dl_use_min": 0,
              "dl_use_max": 0.08,
              "dl_use_avg": 0.004,
              "dl_data_use_min": 0,
              "dl_data_use_max": 0,
              "dl_data_use_avg": 0,
              "ul_use_min": 0.08,
              "ul_use_max": 0.14,
              "ul_use_avg": 0.086,
              "ul_data_use_min": 0,
              "ul_data_use_max": 0,
              "ul_data_use_avg": 0,
              "ctrl_use_min": 0,
              "ctrl_use_max": 0.235,
              "ctrl_use_avg": 0.019,
              "dl_sched_users_min": 0,
              "dl_sched_users_max": 0,
              "dl_sched_users_avg": 0,
              "ul_sched_users_min": 0,
              "ul_sched_users_max": 0,
              "ul_sched_users_avg": 0,
              "ue_count_min": 0,
              "ue_count_max": 0,
              "ue_count_avg": 0,
              "ue_active_count_min": 0,
              "ue_active_count_max": 0,
              "ue_active_count_avg": 0,
              "ue_inactive_count_min": 0,
              "ue_inactive_count_max": 0,
              "ue_inactive_count_avg": 0,
              "erab_count_min": 0,
              "erab_count_max": 0,
              "erab_count_avg": 0,
              "dl_gbr_use_min": 0,
              "dl_gbr_use_max": 0,
              "dl_gbr_use_avg": 0,
              "ul_gbr_use_min": 0,
              "ul_gbr_use_max": 0,
              "ul_gbr_use_avg": 0,
              "counters": {
                "messages": {},
                "errors": {}
              }
            },
            "2": {
              "dl_bitrate": 0,
              "ul_bitrate": 0,
              "dl_tx": 0,
              "ul_tx": 0,
              "dl_err": 0,
              "ul_err": 0,
              "dl_retx": 0,
              "ul_retx": 0,
              "dl_use_min": 0,
              "dl_use_max": 0.077,
              "dl_use_avg": 0.005,
              "dl_data_use_min": 0,
              "dl_data_use_max": 0,
              "dl_data_use_avg": 0,
              "ul_use_min": 0.015,
              "ul_use_max": 0.059,
              "ul_use_avg": 0.029,
              "ul_data_use_min": 0,
              "ul_data_use_max": 0,
              "ul_data_use_avg": 0,
              "dl_sched_users_min": 0,
              "dl_sched_users_max": 0,
              "dl_sched_users_avg": 0,
              "ul_sched_users_min": 0,
              "ul_sched_users_max": 0,
              "ul_sched_users_avg": 0,
              "ue_count_min": 0,
              "ue_count_max": 0,
              "ue_count_avg": 0,
              "ue_active_count_min": 0,
              "ue_active_count_max": 0,
              "ue_active_count_avg": 0,
              "ue_inactive_count_min": 0,
              "ue_inactive_count_max": 0,
              "ue_inactive_count_avg": 0,
              "drb_count_min": 0,
              "drb_count_max": 0,
              "drb_count_avg": 0,
              "dl_gbr_use_min": 0,
              "dl_gbr_use_max": 0,
              "dl_gbr_use_avg": 0,
              "ul_gbr_use_min": 0,
              "ul_gbr_use_max": 0,
              "ul_gbr_use_avg": 0,
              "counters": {
                "messages": {},
                "errors": {}
              }
            }
          },
          "rf_ports": {
            "0": {
              "rxtx_delay": {
                "min": 2.465,
                "max": 3.527,
                "avg": 3.058,
                "sd": 0.263
              }
            },
            "1": {
              "rxtx_delay": {
                "min": 2.635,
                "max": 3.387,
                "avg": 2.996,
                "sd": 0.134
              }
            }
          },
          "counters": {
            "messages": {
              "s1_setup_request": 1,
              "s1_setup_response": 1
            },
            "errors": {}
          },
          "duration": 0.4,
          "time": 275.731,
          "utc": 1785900304.09
        }
      },
      "ues": [],
      "ue": null,
      "data_ue": null,
      "data_ue_ip": null,
      "data_ip_source": "not_available",
      "ping": null,
      "attempt_count": 76,
      "attempts": [
        {
          "elapsed_sec": 230.7,
          "phy_connected": false,
          "phy_rate": {
            "success": true,
            "cells": [
              {
                "cell_id": "1",
                "dl_bitrate_bps": 0,
                "ul_bitrate_bps": 0,
                "dl_bitrate_mbps": 0.0,
                "ul_bitrate_mbps": 0.0,
                "active": false
              },
              {
                "cell_id": "2",
                "dl_bitrate_bps": 0,
                "ul_bitrate_bps": 0,
                "dl_bitrate_mbps": 0.0,
                "ul_bitrate_mbps": 0.0,
                "active": false
              }
            ],
            "total_dl_bitrate_bps": 0,
            "total_ul_bitrate_bps": 0,
            "total_dl_bitrate_mbps": 0.0,
            "total_ul_bitrate_mbps": 0.0,
            "active_cell_count": 0,
            "command": "cd /root/enb && ./ws.js 192.168.1.80:9001 '{\"message\":\"stats\"}'",
            "payload": {
              "message": "stats",
              "message_id": "id#1",
              "instance_id": "6a72abe7",
              "cpu": {},
              "cells": {
                "1": {
                  "dl_bitrate": 0,
                  "ul_bitrate": 0,
                  "dl_tx": 0,
                  "ul_tx": 0,
                  "dl_err": 0,
                  "ul_err": 0,
                  "dl_retx": 0,
                  "ul_retx": 0,
                  "dl_use_min": 0,
                  "dl_use_max": 0.08,
                  "dl_use_avg": 0.004,
                  "dl_data_use_min": 0,
                  "dl_data_use_max": 0,
                  "dl_data_use_avg": 0,
                  "ul_use_min": 0.08,
                  "ul_use_max": 0.14,
                  "ul_use_avg": 0.086,
                  "ul_data_use_min": 0,
                  "ul_data_use_max": 0,
                  "ul_data_use_avg": 0,
                  "ctrl_use_min": 0,
                  "ctrl_use_max": 0.235,
                  "ctrl_use_avg": 0.016,
                  "dl_sched_users_min": 0,
                  "dl_sched_users_max": 0,
                  "dl_sched_users_avg": 0,
                  "ul_sched_users_min": 0,
                  "ul_sched_users_max": 0,
                  "ul_sched_users_avg": 0,
                  "ue_count_min": 0,
                  "ue_count_max": 0,
                  "ue_count_avg": 0,
                  "ue_active_count_min": 0,
                  "ue_active_count_max": 0,
                  "ue_active_count_avg": 0,
                  "ue_inactive_count_min": 0,
                  "ue_inactive_count_max": 0,
                  "ue_inactive_count_avg": 0,
                  "erab_count_min": 0,
                  "erab_count_max": 0,
                  "erab_count_avg": 0,
                  "dl_gbr_use_min": 0,
                  "dl_gbr_use_max": 0,
                  "dl_gbr_use_avg": 0,
                  "ul_gbr_use_min": 0,
                  "ul_gbr_use_max": 0,
                  "ul_gbr_use_avg": 0,
                  "counters": {
                    "messages": {},
                    "errors": {}
                  }
                },
                "2": {
                  "dl_bitrate": 0,
                  "ul_bitrate": 0,
                  "dl_tx": 0,
                  "ul_tx": 0,
                  "dl_err": 0,
                  "ul_err": 0,
                  "dl_retx": 0,
                  "ul_retx": 0,
                  "dl_use_min": 0,
                  "dl_use_max": 0.077,
                  "dl_use_avg": 0.005,
                  "dl_data_use_min": 0,
                  "dl_data_use_max": 0,
                  "dl_data_use_avg": 0,
                  "ul_use_min": 0.015,
                  "ul_use_max": 0.059,
                  "ul_use_avg": 0.029,
                  "ul_data_use_min": 0,
                  "ul_data_use_max": 0,
                  "ul_data_use_avg": 0,
                  "dl_sched_users_min": 0,
                  "dl_sched_users_max": 0,
                  "dl_sched_users_avg": 0,
                  "ul_sched_users_min": 0,
                  "ul_sched_users_max": 0,
                  "ul_sched_users_avg": 0,
                  "ue_count_min": 0,
                  "ue_count_max": 0,
                  "ue_count_avg": 0,
                  "ue_active_count_min": 0,
                  "ue_active_count_max": 0,
                  "ue_active_count_avg": 0,
                  "ue_inactive_count_min": 0,
                  "ue_inactive_count_max": 0,
                  "ue_inactive_count_avg": 0,
                  "drb_count_min": 0,
                  "drb_count_max": 0,
                  "drb_count_avg": 0,
                  "dl_gbr_use_min": 0,
                  "dl_gbr_use_max": 0,
                  "dl_gbr_use_avg": 0,
                  "ul_gbr_use_min": 0,
                  "ul_gbr_use_max": 0,
                  "ul_gbr_use_avg": 0,
                  "counters": {
                    "messages": {},
                    "errors": {}
                  }
                }
              },
              "rf_ports": {
                "0": {
                  "rxtx_delay": {
                    "min": 2.532,
                    "max": 3.527,
                    "avg": 3.06,
                    "sd": 0.262
                  }
                },
                "1": {
                  "rxtx_delay": {
                    "min": 2.702,
                    "max": 3.387,
                    "avg": 2.998,
                    "sd": 0.131
                  }
                }
              },
              "counters": {
                "messages": {
                  "s1_setup_request": 1,
                  "s1_setup_response": 1
                },
                "errors": {}
              },
              "duration": 0.4,
              "time": 203.186,
              "utc": 1785900231.542
            }
          },
          "ue_get_success": true,
          "matched_ues": [],
          "data_ue": null,
          "data_ip_source": "not_available",
          "data_ip_wait_sec": 0.0,
          "ping": null
        },
        {
          "elapsed_sec": 234.5,
          "phy_connected": false,
          "phy_rate": {
            "success": true,
            "cells": [
              {
                "cell_id": "1",
                "dl_bitrate_bps": 0,
                "ul_bitrate_bps": 0,
                "dl_bitrate_mbps": 0.0,
                "ul_bitrate_mbps": 0.0,
                "active": false
              },
              {
                "cell_id": "2",
                "dl_bitrate_bps": 0,
                "ul_bitrate_bps": 0,
                "dl_bitrate_mbps": 0.0,
                "ul_bitrate_mbps": 0.0,
                "active": false
              }
            ],
            "total_dl_bitrate_bps": 0,
            "total_ul_bitrate_bps": 0,
            "total_dl_bitrate_mbps": 0.0,
            "total_ul_bitrate_mbps": 0.0,
            "active_cell_count": 0,
            "command": "cd /root/enb && ./ws.js 192.168.1.80:9001 '{\"message\":\"stats\"}'",
            "payload": {
              "message": "stats",
              "message_id": "id#1",
              "instance_id": "6a72abe7",
              "cpu": {},
              "cells": {
                "1": {
                  "dl_bitrate": 0,
                  "ul_bitrate": 0,
                  "dl_tx": 0,
                  "ul_tx": 0,
                  "dl_err": 0,
                  "ul_err": 0,
                  "dl_retx": 0,
                  "ul_retx": 0,
                  "dl_use_min": 0,
                  "dl_use_max": 0.08,
                  "dl_use_avg": 0.004,
                  "dl_data_use_min": 0,
                  "dl_data_use_max": 0,
                  "dl_data_use_avg": 0,
                  "ul_use_min": 0.08,
                  "ul_use_max": 0.14,
                  "ul_use_avg": 0.086,
                  "ul_data_use_min": 0,
                  "ul_data_use_max": 0,
                  "ul_data_use_avg": 0,
                  "ctrl_use_min": 0,
                  "ctrl_use_max": 0.235,
                  "ctrl_use_avg": 0.016,
                  "dl_sched_users_min": 0,
                  "dl_sched_users_max": 0,
                  "dl_sched_users_avg": 0,
                  "ul_sched_users_min": 0,
                  "ul_sched_users_max": 0,
                  "ul_sched_users_avg": 0,
                  "ue_count_min": 0,
                  "ue_count_max": 0,
                  "ue_count_avg": 0,
                  "ue_active_count_min": 0,
                  "ue_active_count_max": 0,
                  "ue_active_count_avg": 0,
                  "ue_inactive_count_min": 0,
                  "ue_inactive_count_max": 0,
                  "ue_inactive_count_avg": 0,
                  "erab_count_min": 0,
                  "erab_count_max": 0,
                  "erab_count_avg": 0,
                  "dl_gbr_use_min": 0,
                  "dl_gbr_use_max": 0,
                  "dl_gbr_use_avg": 0,
                  "ul_gbr_use_min": 0,
                  "ul_gbr_use_max": 0,
                  "ul_gbr_use_avg": 0,
                  "counters": {
                    "messages": {},
                    "errors": {}
                  }
                },
                "2": {
                  "dl_bitrate": 0,
                  "ul_bitrate": 0,
                  "dl_tx": 0,
                  "ul_tx": 0,
                  "dl_err": 0,
                  "ul_err": 0,
                  "dl_retx": 0,
                  "ul_retx": 0,
                  "dl_use_min": 0,
                  "dl_use_max": 0.077,
                  "dl_use_avg": 0.005,
                  "dl_data_use_min": 0,
                  "dl_data_use_max": 0,
                  "dl_data_use_avg": 0,
                  "ul_use_min": 0.015,
                  "ul_use_max": 0.059,
                  "ul_use_avg": 0.029,
                  "ul_data_use_min": 0,
                  "ul_data_use_max": 0,
                  "ul_data_use_avg": 0,
                  "dl_sched_users_min": 0,
                  "dl_sched_users_max": 0,
                  "dl_sched_users_avg": 0,
                  "ul_sched_users_min": 0,
                  "ul_sched_users_max": 0,
                  "ul_sched_users_avg": 0,
                  "ue_count_min": 0,
                  "ue_count_max": 0,
                  "ue_count_avg": 0,
                  "ue_active_count_min": 0,
                  "ue_active_count_max": 0,
                  "ue_active_count_avg": 0,
                  "ue_inactive_count_min": 0,
                  "ue_inactive_count_max": 0,
                  "ue_inactive_count_avg": 0,
                  "drb_count_min": 0,
                  "drb_count_max": 0,
                  "drb_count_avg": 0,
                  "dl_gbr_use_min": 0,
                  "dl_gbr_use_max": 0,
                  "dl_gbr_use_avg": 0,
                  "ul_gbr_use_min": 0,
                  "ul_gbr_use_max": 0,
                  "ul_gbr_use_avg": 0,
                  "counters": {
                    "messages": {},
                    "errors": {}
                  }
                }
              },
              "rf_ports": {
                "0": {
                  "rxtx_delay": {
                    "min": 2.465,
                    "max": 3.527,
                    "avg": 3.06,
                    "sd": 0.263
                  }
                },
                "1": {
                  "rxtx_delay": {
                    "min": 2.665,
                    "max": 3.387,
                    "avg": 2.996,
                    "sd": 0.133
                  }
                }
              },
              "counters": {
                "messages": {
                  "s1_setup_request": 1,
                  "s1_setup_response": 1
                },
                "errors": {}
              },
              "duration": 0.4,
              "time": 206.99,
              "utc": 1785900235.341
            }
          },
          "ue_get_success": true,
          "matched_ues": [],
          "data_ue": null,
          "data_ip_source": "not_available",
          "data_ip_wait_sec": 0.0,
          "ping": null
        },
        {
          "elapsed_sec": 238.3,
          "phy_connected": false,
          "phy_rate": {
            "success": true,
            "cells": [
              {
                "cell_id": "1",
                "dl_bitrate_bps": 0,
                "ul_bitrate_bps": 0,
                "dl_bitrate_mbps": 0.0,
                "ul_bitrate_mbps": 0.0,
                "active": false
              },
              {
                "cell_id": "2",
                "dl_bitrate_bps": 0,
                "ul_bitrate_bps": 0,
                "dl_bitrate_mbps": 0.0,
                "ul_bitrate_mbps": 0.0,
                "active": false
              }
            ],
            "total_dl_bitrate_bps": 0,
            "total_ul_bitrate_bps": 0,
            "total_dl_bitrate_mbps": 0.0,
            "total_ul_bitrate_mbps": 0.0,
            "active_cell_count": 0,
            "command": "cd /root/enb && ./ws.js 192.168.1.80:9001 '{\"message\":\"stats\"}'",
            "payload": {
              "message": "stats",
              "message_id": "id#1",
              "instance_id": "6a72abe7",
              "cpu": {},
              "cells": {
                "1": {
                  "dl_bitrate": 0,
                  "ul_bitrate": 0,
                  "dl_tx": 0,
                  "ul_tx": 0,
                  "dl_err": 0,
                  "ul_err": 0,
                  "dl_retx": 0,
                  "ul_retx": 0,
                  "dl_use_min": 0,
                  "dl_use_max": 0.08,
                  "dl_use_avg": 0.004,
                  "dl_data_use_min": 0,
                  "dl_data_use_max": 0,
                  "dl_data_use_avg": 0,
                  "ul_use_min": 0.08,
                  "ul_use_max": 0.14,
                  "ul_use_avg": 0.086,
                  "ul_data_use_min": 0,
                  "ul_data_use_max": 0,
                  "ul_data_use_avg": 0,
                  "ctrl_use_min": 0,
                  "ctrl_use_max": 0.235,
                  "ctrl_use_avg": 0.018,
                  "dl_sched_users_min": 0,
                  "dl_sched_users_max": 0,
                  "dl_sched_users_avg": 0,
                  "ul_sched_users_min": 0,
                  "ul_sched_users_max": 0,
                  "ul_sched_users_avg": 0,
                  "ue_count_min": 0,
                  "ue_count_max": 0,
                  "ue_count_avg": 0,
                  "ue_active_count_min": 0,
                  "ue_active_count_max": 0,
                  "ue_active_count_avg": 0,
                  "ue_inactive_count_min": 0,
                  "ue_inactive_count_max": 0,
                  "ue_inactive_count_avg": 0,
                  "erab_count_min": 0,
                  "erab_count_max": 0,
                  "erab_count_avg": 0,
                  "dl_gbr_use_min": 0,
                  "dl_gbr_use_max": 0,
                  "dl_gbr_use_avg": 0,
                  "ul_gbr_use_min": 0,
                  "ul_gbr_use_max": 0,
                  "ul_gbr_use_avg": 0,
                  "counters": {
                    "messages": {},
                    "errors": {}
                  }
                },
                "2": {
                  "dl_bitrate": 0,
                  "ul_bitrate": 0,
                  "dl_tx": 0,
                  "ul_tx": 0,
                  "dl_err": 0,
                  "ul_err": 0,
                  "dl_retx": 0,
                  "ul_retx": 0,
                  "dl_use_min": 0,
                  "dl_use_max": 0.077,
                  "dl_use_avg": 0.005,
                  "dl_data_use_min": 0,
                  "dl_data_use_max": 0,
                  "dl_data_use_avg": 0,
                  "ul_use_min": 0.015,
                  "ul_use_max": 0.059,
                  "ul_use_avg": 0.029,
                  "ul_data_use_min": 0,
                  "ul_data_use_max": 0,
                  "ul_data_use_avg": 0,
                  "dl_sched_users_min": 0,
                  "dl_sched_users_max": 0,
                  "dl_sched_users_avg": 0,
                  "ul_sched_users_min": 0,
                  "ul_sched_users_max": 0,
                  "ul_sched_users_avg": 0,
                  "ue_count_min": 0,
                  "ue_count_max": 0,
                  "ue_count_avg": 0,
                  "ue_active_count_min": 0,
                  "ue_active_count_max": 0,
                  "ue_active_count_avg": 0,
                  "ue_inactive_count_min": 0,
                  "ue_inactive_count_max": 0,
                  "ue_inactive_count_avg": 0,
                  "drb_count_min": 0,
                  "drb_count_max": 0,
                  "drb_count_avg": 0,
                  "dl_gbr_use_min": 0,
                  "dl_gbr_use_max": 0,
                  "dl_gbr_use_avg": 0,
                  "ul_gbr_use_min": 0,
                  "ul_gbr_use_max": 0,
                  "ul_gbr_use_avg": 0,
                  "counters": {
                    "messages": {},
                    "errors": {}
                  }
                }
              },
              "rf_ports": {
                "0": {
                  "rxtx_delay": {
                    "min": 2.465,
                    "max": 3.527,
                    "avg": 3.061,
                    "sd": 0.262
                  }
                },
                "1": {
                  "rxtx_delay": {
                    "min": 2.665,
                    "max": 3.387,
                    "avg": 2.997,
                    "sd": 0.131
                  }
                }
              },
              "counters": {
                "messages": {
                  "s1_setup_request": 1,
                  "s1_setup_response": 1
                },
                "errors": {}
              },
              "duration": 0.4,
              "time": 210.798,
              "utc": 1785900239.149
            }
          },
          "ue_get_success": true,
          "matched_ues": [],
          "data_ue": null,
          "data_ip_source": "not_available",
          "data_ip_wait_sec": 0.0,
          "ping": null
        },
        {
          "elapsed_sec": 242.1,
          "phy_connected": false,
          "phy_rate": {
            "success": true,
            "cells": [
              {
                "cell_id": "1",
                "dl_bitrate_bps": 0,
                "ul_bitrate_bps": 0,
                "dl_bitrate_mbps": 0.0,
                "ul_bitrate_mbps": 0.0,
                "active": false
              },
              {
                "cell_id": "2",
                "dl_bitrate_bps": 0,
                "ul_bitrate_bps": 0,
                "dl_bitrate_mbps": 0.0,
                "ul_bitrate_mbps": 0.0,
                "active": false
              }
            ],
            "total_dl_bitrate_bps": 0,
            "total_ul_bitrate_bps": 0,
            "total_dl_bitrate_mbps": 0.0,
            "total_ul_bitrate_mbps": 0.0,
            "active_cell_count": 0,
            "command": "cd /root/enb && ./ws.js 192.168.1.80:9001 '{\"message\":\"stats\"}'",
            "payload": {
              "message": "stats",
              "message_id": "id#1",
              "instance_id": "6a72abe7",
              "cpu": {},
              "cells": {
                "1": {
                  "dl_bitrate": 0,
                  "ul_bitrate": 0,
                  "dl_tx": 0,
                  "ul_tx": 0,
                  "dl_err": 0,
                  "ul_err": 0,
                  "dl_retx": 0,
                  "ul_retx": 0,
                  "dl_use_min": 0,
                  "dl_use_max": 0.08,
                  "dl_use_avg": 0.004,
                  "dl_data_use_min": 0,
                  "dl_data_use_max": 0,
                  "dl_data_use_avg": 0,
                  "ul_use_min": 0.08,
                  "ul_use_max": 0.14,
                  "ul_use_avg": 0.086,
                  "ul_data_use_min": 0,
                  "ul_data_use_max": 0,
                  "ul_data_use_avg": 0,
                  "ctrl_use_min": 0,
                  "ctrl_use_max": 0.235,
                  "ctrl_use_avg": 0.019,
                  "dl_sched_users_min": 0,
                  "dl_sched_users_max": 0,
                  "dl_sched_users_avg": 0,
                  "ul_sched_users_min": 0,
                  "ul_sched_users_max": 0,
                  "ul_sched_users_avg": 0,
                  "ue_count_min": 0,
                  "ue_count_max": 0,
                  "ue_count_avg": 0,
                  "ue_active_count_min": 0,
                  "ue_active_count_max": 0,
                  "ue_active_count_avg": 0,
                  "ue_inactive_count_min": 0,
                  "ue_inactive_count_max": 0,
                  "ue_inactive_count_avg": 0,
                  "erab_count_min": 0,
                  "erab_count_max": 0,
                  "erab_count_avg": 0,
                  "dl_gbr_use_min": 0,
                  "dl_gbr_use_max": 0,
                  "dl_gbr_use_avg": 0,
                  "ul_gbr_use_min": 0,
                  "ul_gbr_use_max": 0,
                  "ul_gbr_use_avg": 0,
                  "counters": {
                    "messages": {},
                    "errors": {}
                  }
                },
                "2": {
                  "dl_bitrate": 0,
                  "ul_bitrate": 0,
                  "dl_tx": 0,
                  "ul_tx": 0,
                  "dl_err": 0,
                  "ul_err": 0,
                  "dl_retx": 0,
                  "ul_retx": 0,
                  "dl_use_min": 0,
                  "dl_use_max": 0.077,
                  "dl_use_avg": 0.005,
                  "dl_data_use_min": 0,
                  "dl_data_use_max": 0,
                  "dl_data_use_avg": 0,
                  "ul_use_min": 0.015,
                  "ul_use_max": 0.059,
                  "ul_use_avg": 0.029,
                  "ul_data_use_min": 0,
                  "ul_data_use_max": 0,
                  "ul_data_use_avg": 0,
                  "dl_sched_users_min": 0,
                  "dl_sched_users_max": 0,
                  "dl_sched_users_avg": 0,
                  "ul_sched_users_min": 0,
                  "ul_sched_users_max": 0,
                  "ul_sched_users_avg": 0,
                  "ue_count_min": 0,
                  "ue_count_max": 0,
                  "ue_count_avg": 0,
                  "ue_active_count_min": 0,
                  "ue_active_count_max": 0,
                  "ue_active_count_avg": 0,
                  "ue_inactive_count_min": 0,
                  "ue_inactive_count_max": 0,
                  "ue_inactive_count_avg": 0,
                  "drb_count_min": 0,
                  "drb_count_max": 0,
                  "drb_count_avg": 0,
                  "dl_gbr_use_min": 0,
                  "dl_gbr_use_max": 0,
                  "dl_gbr_use_avg": 0,
                  "ul_gbr_use_min": 0,
                  "ul_gbr_use_max": 0,
                  "ul_gbr_use_avg": 0,
                  "counters": {
                    "messages": {},
                    "errors": {}
                  }
                }
              },
              "rf_ports": {
                "0": {
                  "rxtx_delay": {
                    "min": 2.532,
                    "max": 3.527,
                    "avg": 3.06,
                    "sd": 0.262
                  }
                },
                "1": {
                  "rxtx_delay": {
                    "min": 2.665,
                    "max": 3.387,
                    "avg": 3,
                    "sd": 0.132
                  }
                }
              },
              "counters": {
                "messages": {
                  "s1_setup_request": 1,
                  "s1_setup_response": 1
                },
                "errors": {}
              },
              "duration": 0.4,
              "time": 214.605,
              "utc": 1785900242.956
            }
          },
          "ue_get_success": true,
          "matched_ues": [],
          "data_ue": null,
          "data_ip_source": "not_available",
          "data_ip_wait_sec": 0.0,
          "ping": null
        },
        {
          "elapsed_sec": 246.0,
          "phy_connected": false,
          "phy_rate": {
            "success": true,
            "cells": [
              {
                "cell_id": "1",
                "dl_bitrate_bps": 0,
                "ul_bitrate_bps": 0,
                "dl_bitrate_mbps": 0.0,
                "ul_bitrate_mbps": 0.0,
                "active": false
              },
              {
                "cell_id": "2",
                "dl_bitrate_bps": 0,
                "ul_bitrate_bps": 0,
                "dl_bitrate_mbps": 0.0,
                "ul_bitrate_mbps": 0.0,
                "active": false
              }
            ],
            "total_dl_bitrate_bps": 0,
            "total_ul_bitrate_bps": 0,
            "total_dl_bitrate_mbps": 0.0,
            "total_ul_bitrate_mbps": 0.0,
            "active_cell_count": 0,
            "command": "cd /root/enb && ./ws.js 192.168.1.80:9001 '{\"message\":\"stats\"}'",
            "payload": {
              "message": "stats",
              "message_id": "id#1",
              "instance_id": "6a72abe7",
              "cpu": {},
              "cells": {
                "1": {
                  "dl_bitrate": 0,
                  "ul_bitrate": 0,
                  "dl_tx": 0,
                  "ul_tx": 0,
                  "dl_err": 0,
                  "ul_err": 0,
                  "dl_retx": 0,
                  "ul_retx": 0,
                  "dl_use_min": 0,
                  "dl_use_max": 0.08,
                  "dl_use_avg": 0.004,
                  "dl_data_use_min": 0,
                  "dl_data_use_max": 0,
                  "dl_data_use_avg": 0,
                  "ul_use_min": 0.08,
                  "ul_use_max": 0.14,
                  "ul_use_avg": 0.086,
                  "ul_data_use_min": 0,
                  "ul_data_use_max": 0,
                  "ul_data_use_avg": 0,
                  "ctrl_use_min": 0,
                  "ctrl_use_max": 0.235,
                  "ctrl_use_avg": 0.019,
                  "dl_sched_users_min": 0,
                  "dl_sched_users_max": 0,
                  "dl_sched_users_avg": 0,
                  "ul_sched_users_min": 0,
                  "ul_sched_users_max": 0,
                  "ul_sched_users_avg": 0,
                  "ue_count_min": 0,
                  "ue_count_max": 0,
                  "ue_count_avg": 0,
                  "ue_active_count_min": 0,
                  "ue_active_count_max": 0,
                  "ue_active_count_avg": 0,
                  "ue_inactive_count_min": 0,
                  "ue_inactive_count_max": 0,
                  "ue_inactive_count_avg": 0,
                  "erab_count_min": 0,
                  "erab_count_max": 0,
                  "erab_count_avg": 0,
                  "dl_gbr_use_min": 0,
                  "dl_gbr_use_max": 0,
                  "dl_gbr_use_avg": 0,
                  "ul_gbr_use_min": 0,
                  "ul_gbr_use_max": 0,
                  "ul_gbr_use_avg": 0,
                  "counters": {
                    "messages": {},
                    "errors": {}
                  }
                },
                "2": {
                  "dl_bitrate": 0,
                  "ul_bitrate": 0,
                  "dl_tx": 0,
                  "ul_tx": 0,
                  "dl_err": 0,
                  "ul_err": 0,
                  "dl_retx": 0,
                  "ul_retx": 0,
                  "dl_use_min": 0,
                  "dl_use_max": 0.077,
                  "dl_use_avg": 0.005,
                  "dl_data_use_min": 0,
                  "dl_data_use_max": 0,
                  "dl_data_use_avg": 0,
                  "ul_use_min": 0.015,
                  "ul_use_max": 0.059,
                  "ul_use_avg": 0.029,
                  "ul_data_use_min": 0,
                  "ul_data_use_max": 0,
                  "ul_data_use_avg": 0,
                  "dl_sched_users_min": 0,
                  "dl_sched_users_max": 0,
                  "dl_sched_users_avg": 0,
                  "ul_sched_users_min": 0,
                  "ul_sched_users_max": 0,
                  "ul_sched_users_avg": 0,
                  "ue_count_min": 0,
                  "ue_count_max": 0,
                  "ue_count_avg": 0,
                  "ue_active_count_min": 0,
                  "ue_active_count_max": 0,
                  "ue_active_count_avg": 0,
                  "ue_inactive_count_min": 0,
                  "ue_inactive_count_max": 0,
                  "ue_inactive_count_avg": 0,
                  "drb_count_min": 0,
                  "drb_count_max": 0,
                  "drb_count_avg": 0,
                  "dl_gbr_use_min": 0,
                  "dl_gbr_use_max": 0,
                  "dl_gbr_use_avg": 0,
                  "ul_gbr_use_min": 0,
                  "ul_gbr_use_max": 0,
                  "ul_gbr_use_avg": 0,
                  "counters": {
                    "messages": {},
                    "errors": {}
                  }
                }
              },
              "rf_ports": {
                "0": {
                  "rxtx_delay": {
                    "min": 2.532,
                    "max": 3.527,
                    "avg": 3.061,
                    "sd": 0.263
                  }
                },
                "1": {
                  "rxtx_delay": {
                    "min": 2.665,
                    "max": 3.387,
                    "avg": 3,
                    "sd": 0.133
                  }
                }
              },
              "counters": {
                "messages": {
                  "s1_setup_request": 1,
                  "s1_setup_response": 1
                },
                "errors": {}
              },
              "duration": 0.4,
              "time": 218.432,
              "utc": 1785900246.788
            }
          },
          "ue_get_success": true,
          "matched_ues": [],
          "data_ue": null,
          "data_ip_source": "not_available",
          "data_ip_wait_sec": 0.0,
          "ping": null
        },
        {
          "elapsed_sec": 249.8,
          "phy_connected": false,
          "phy_rate": {
            "success": true,
            "cells": [
              {
                "cell_id": "1",
                "dl_bitrate_bps": 0,
                "ul_bitrate_bps": 0,
                "dl_bitrate_mbps": 0.0,
                "ul_bitrate_mbps": 0.0,
                "active": false
              },
              {
                "cell_id": "2",
                "dl_bitrate_bps": 0,
                "ul_bitrate_bps": 0,
                "dl_bitrate_mbps": 0.0,
                "ul_bitrate_mbps": 0.0,
                "active": false
              }
            ],
            "total_dl_bitrate_bps": 0,
            "total_ul_bitrate_bps": 0,
            "total_dl_bitrate_mbps": 0.0,
            "total_ul_bitrate_mbps": 0.0,
            "active_cell_count": 0,
            "command": "cd /root/enb && ./ws.js 192.168.1.80:9001 '{\"message\":\"stats\"}'",
            "payload": {
              "message": "stats",
              "message_id": "id#1",
              "instance_id": "6a72abe7",
              "cpu": {},
              "cells": {
                "1": {
                  "dl_bitrate": 0,
                  "ul_bitrate": 0,
                  "dl_tx": 0,
                  "ul_tx": 0,
                  "dl_err": 0,
                  "ul_err": 0,
                  "dl_retx": 0,
                  "ul_retx": 0,
                  "dl_use_min": 0,
                  "dl_use_max": 0.08,
                  "dl_use_avg": 0.004,
                  "dl_data_use_min": 0,
                  "dl_data_use_max": 0,
                  "dl_data_use_avg": 0,
                  "ul_use_min": 0.08,
                  "ul_use_max": 0.14,
                  "ul_use_avg": 0.086,
                  "ul_data_use_min": 0,
                  "ul_data_use_max": 0,
                  "ul_data_use_avg": 0,
                  "ctrl_use_min": 0,
                  "ctrl_use_max": 0.235,
                  "ctrl_use_avg": 0.019,
                  "dl_sched_users_min": 0,
                  "dl_sched_users_max": 0,
                  "dl_sched_users_avg": 0,
                  "ul_sched_users_min": 0,
                  "ul_sched_users_max": 0,
                  "ul_sched_users_avg": 0,
                  "ue_count_min": 0,
                  "ue_count_max": 0,
                  "ue_count_avg": 0,
                  "ue_active_count_min": 0,
                  "ue_active_count_max": 0,
                  "ue_active_count_avg": 0,
                  "ue_inactive_count_min": 0,
                  "ue_inactive_count_max": 0,
                  "ue_inactive_count_avg": 0,
                  "erab_count_min": 0,
                  "erab_count_max": 0,
                  "erab_count_avg": 0,
                  "dl_gbr_use_min": 0,
                  "dl_gbr_use_max": 0,
                  "dl_gbr_use_avg": 0,
                  "ul_gbr_use_min": 0,
                  "ul_gbr_use_max": 0,
                  "ul_gbr_use_avg": 0,
                  "counters": {
                    "messages": {},
                    "errors": {}
                  }
                },
                "2": {
                  "dl_bitrate": 0,
                  "ul_bitrate": 0,
                  "dl_tx": 0,
                  "ul_tx": 0,
                  "dl_err": 0,
                  "ul_err": 0,
                  "dl_retx": 0,
                  "ul_retx": 0,
                  "dl_use_min": 0,
                  "dl_use_max": 0.077,
                  "dl_use_avg": 0.005,
                  "dl_data_use_min": 0,
                  "dl_data_use_max": 0,
                  "dl_data_use_avg": 0,
                  "ul_use_min": 0.015,
                  "ul_use_max": 0.059,
                  "ul_use_avg": 0.029,
                  "ul_data_use_min": 0,
                  "ul_data_use_max": 0,
                  "ul_data_use_avg": 0,
                  "dl_sched_users_min": 0,
                  "dl_sched_users_max": 0,
                  "dl_sched_users_avg": 0,
                  "ul_sched_users_min": 0,
                  "ul_sched_users_max": 0,
                  "ul_sched_users_avg": 0,
                  "ue_count_min": 0,
                  "ue_count_max": 0,
                  "ue_count_avg": 0,
                  "ue_active_count_min": 0,
                  "ue_active_count_max": 0,
                  "ue_active_count_avg": 0,
                  "ue_inactive_count_min": 0,
                  "ue_inactive_count_max": 0,
                  "ue_inactive_count_avg": 0,
                  "drb_count_min": 0,
                  "drb_count_max": 0,
                  "drb_count_avg": 0,
                  "dl_gbr_use_min": 0,
                  "dl_gbr_use_max": 0,
                  "dl_gbr_use_avg": 0,
                  "ul_gbr_use_min": 0,
                  "ul_gbr_use_max": 0,
                  "ul_gbr_use_avg": 0,
                  "counters": {
                    "messages": {},
                    "errors": {}
                  }
                }
              },
              "rf_ports": {
                "0": {
                  "rxtx_delay": {
                    "min": 2.532,
                    "max": 3.527,
                    "avg": 3.059,
                    "sd": 0.263
                  }
                },
                "1": {
                  "rxtx_delay": {
                    "min": 2.702,
                    "max": 3.387,
                    "avg": 2.995,
                    "sd": 0.132
                  }
                }
              },
              "counters": {
                "messages": {
                  "s1_setup_request": 1,
                  "s1_setup_response": 1
                },
                "errors": {}
              },
              "duration": 0.4,
              "time": 222.306,
              "utc": 1785900250.656
            }
          },
          "ue_get_success": true,
          "matched_ues": [],
          "data_ue": null,
          "data_ip_source": "not_available",
          "data_ip_wait_sec": 0.0,
          "ping": null
        },
        {
          "elapsed_sec": 253.7,
          "phy_connected": false,
          "phy_rate": {
            "success": true,
            "cells": [
              {
                "cell_id": "1",
                "dl_bitrate_bps": 0,
                "ul_bitrate_bps": 0,
                "dl_bitrate_mbps": 0.0,
                "ul_bitrate_mbps": 0.0,
                "active": false
              },
              {
                "cell_id": "2",
                "dl_bitrate_bps": 0,
                "ul_bitrate_bps": 0,
                "dl_bitrate_mbps": 0.0,
                "ul_bitrate_mbps": 0.0,
                "active": false
              }
            ],
            "total_dl_bitrate_bps": 0,
            "total_ul_bitrate_bps": 0,
            "total_dl_bitrate_mbps": 0.0,
            "total_ul_bitrate_mbps": 0.0,
            "active_cell_count": 0,
            "command": "cd /root/enb && ./ws.js 192.168.1.80:9001 '{\"message\":\"stats\"}'",
            "payload": {
              "message": "stats",
              "message_id": "id#1",
              "instance_id": "6a72abe7",
              "cpu": {},
              "cells": {
                "1": {
                  "dl_bitrate": 0,
                  "ul_bitrate": 0,
                  "dl_tx": 0,
                  "ul_tx": 0,
                  "dl_err": 0,
                  "ul_err": 0,
                  "dl_retx": 0,
                  "ul_retx": 0,
                  "dl_use_min": 0,
                  "dl_use_max": 0.08,
                  "dl_use_avg": 0.004,
                  "dl_data_use_min": 0,
                  "dl_data_use_max": 0,
                  "dl_data_use_avg": 0,
                  "ul_use_min": 0.08,
                  "ul_use_max": 0.14,
                  "ul_use_avg": 0.086,
                  "ul_data_use_min": 0,
                  "ul_data_use_max": 0,
                  "ul_data_use_avg": 0,
                  "ctrl_use_min": 0,
                  "ctrl_use_max": 0.235,
                  "ctrl_use_avg": 0.019,
                  "dl_sched_users_min": 0,
                  "dl_sched_users_max": 0,
                  "dl_sched_users_avg": 0,
                  "ul_sched_users_min": 0,
                  "ul_sched_users_max": 0,
                  "ul_sched_users_avg": 0,
                  "ue_count_min": 0,
                  "ue_count_max": 0,
                  "ue_count_avg": 0,
                  "ue_active_count_min": 0,
                  "ue_active_count_max": 0,
                  "ue_active_count_avg": 0,
                  "ue_inactive_count_min": 0,
                  "ue_inactive_count_max": 0,
                  "ue_inactive_count_avg": 0,
                  "erab_count_min": 0,
                  "erab_count_max": 0,
                  "erab_count_avg": 0,
                  "dl_gbr_use_min": 0,
                  "dl_gbr_use_max": 0,
                  "dl_gbr_use_avg": 0,
                  "ul_gbr_use_min": 0,
                  "ul_gbr_use_max": 0,
                  "ul_gbr_use_avg": 0,
                  "counters": {
                    "messages": {},
                    "errors": {}
                  }
                },
                "2": {
                  "dl_bitrate": 0,
                  "ul_bitrate": 0,
                  "dl_tx": 0,
                  "ul_tx": 0,
                  "dl_err": 0,
                  "ul_err": 0,
                  "dl_retx": 0,
                  "ul_retx": 0,
                  "dl_use_min": 0,
                  "dl_use_max": 0.077,
                  "dl_use_avg": 0.005,
                  "dl_data_use_min": 0,
                  "dl_data_use_max": 0,
                  "dl_data_use_avg": 0,
                  "ul_use_min": 0.015,
                  "ul_use_max": 0.059,
                  "ul_use_avg": 0.029,
                  "ul_data_use_min": 0,
                  "ul_data_use_max": 0,
                  "ul_data_use_avg": 0,
                  "dl_sched_users_min": 0,
                  "dl_sched_users_max": 0,
                  "dl_sched_users_avg": 0,
                  "ul_sched_users_min": 0,
                  "ul_sched_users_max": 0,
                  "ul_sched_users_avg": 0,
                  "ue_count_min": 0,
                  "ue_count_max": 0,
                  "ue_count_avg": 0,
                  "ue_active_count_min": 0,
                  "ue_active_count_max": 0,
                  "ue_active_count_avg": 0,
                  "ue_inactive_count_min": 0,
                  "ue_inactive_count_max": 0,
                  "ue_inactive_count_avg": 0,
                  "drb_count_min": 0,
                  "drb_count_max": 0,
                  "drb_count_avg": 0,
                  "dl_gbr_use_min": 0,
                  "dl_gbr_use_max": 0,
                  "dl_gbr_use_avg": 0,
                  "ul_gbr_use_min": 0,
                  "ul_gbr_use_max": 0,
                  "ul_gbr_use_avg": 0,
                  "counters": {
                    "messages": {},
                    "errors": {}
                  }
                }
              },
              "rf_ports": {
                "0": {
                  "rxtx_delay": {
                    "min": 2.465,
                    "max": 3.527,
                    "avg": 3.062,
                    "sd": 0.263
                  }
                },
                "1": {
                  "rxtx_delay": {
                    "min": 2.635,
                    "max": 3.387,
                    "avg": 2.999,
                    "sd": 0.132
                  }
                }
              },
              "counters": {
                "messages": {
                  "s1_setup_request": 1,
                  "s1_setup_response": 1
                },
                "errors": {}
              },
              "duration": 0.4,
              "time": 226.134,
              "utc": 1785900254.485
            }
          },
          "ue_get_success": true,
          "matched_ues": [],
          "data_ue": null,
          "data_ip_source": "not_available",
          "data_ip_wait_sec": 0.0,
          "ping": null
        },
        {
          "elapsed_sec": 257.5,
          "phy_connected": false,
          "phy_rate": {
            "success": true,
            "cells": [
              {
                "cell_id": "1",
                "dl_bitrate_bps": 0,
                "ul_bitrate_bps": 0,
                "dl_bitrate_mbps": 0.0,
                "ul_bitrate_mbps": 0.0,
                "active": false
              },
              {
                "cell_id": "2",
                "dl_bitrate_bps": 0,
                "ul_bitrate_bps": 0,
                "dl_bitrate_mbps": 0.0,
                "ul_bitrate_mbps": 0.0,
                "active": false
              }
            ],
            "total_dl_bitrate_bps": 0,
            "total_ul_bitrate_bps": 0,
            "total_dl_bitrate_mbps": 0.0,
            "total_ul_bitrate_mbps": 0.0,
            "active_cell_count": 0,
            "command": "cd /root/enb && ./ws.js 192.168.1.80:9001 '{\"message\":\"stats\"}'",
            "payload": {
              "message": "stats",
              "message_id": "id#1",
              "instance_id": "6a72abe7",
              "cpu": {},
              "cells": {
                "1": {
                  "dl_bitrate": 0,
                  "ul_bitrate": 0,
                  "dl_tx": 0,
                  "ul_tx": 0,
                  "dl_err": 0,
                  "ul_err": 0,
                  "dl_retx": 0,
                  "ul_retx": 0,
                  "dl_use_min": 0,
                  "dl_use_max": 0.08,
                  "dl_use_avg": 0.004,
                  "dl_data_use_min": 0,
                  "dl_data_use_max": 0,
                  "dl_data_use_avg": 0,
                  "ul_use_min": 0.08,
                  "ul_use_max": 0.14,
                  "ul_use_avg": 0.086,
                  "ul_data_use_min": 0,
                  "ul_data_use_max": 0,
                  "ul_data_use_avg": 0,
                  "ctrl_use_min": 0,
                  "ctrl_use_max": 0.235,
                  "ctrl_use_avg": 0.017,
                  "dl_sched_users_min": 0,
                  "dl_sched_users_max": 0,
                  "dl_sched_users_avg": 0,
                  "ul_sched_users_min": 0,
                  "ul_sched_users_max": 0,
                  "ul_sched_users_avg": 0,
                  "ue_count_min": 0,
                  "ue_count_max": 0,
                  "ue_count_avg": 0,
                  "ue_active_count_min": 0,
                  "ue_active_count_max": 0,
                  "ue_active_count_avg": 0,
                  "ue_inactive_count_min": 0,
                  "ue_inactive_count_max": 0,
                  "ue_inactive_count_avg": 0,
                  "erab_count_min": 0,
                  "erab_count_max": 0,
                  "erab_count_avg": 0,
                  "dl_gbr_use_min": 0,
                  "dl_gbr_use_max": 0,
                  "dl_gbr_use_avg": 0,
                  "ul_gbr_use_min": 0,
                  "ul_gbr_use_max": 0,
                  "ul_gbr_use_avg": 0,
                  "counters": {
                    "messages": {},
                    "errors": {}
                  }
                },
                "2": {
                  "dl_bitrate": 0,
                  "ul_bitrate": 0,
                  "dl_tx": 0,
                  "ul_tx": 0,
                  "dl_err": 0,
                  "ul_err": 0,
                  "dl_retx": 0,
                  "ul_retx": 0,
                  "dl_use_min": 0,
                  "dl_use_max": 0.077,
                  "dl_use_avg": 0.005,
                  "dl_data_use_min": 0,
                  "dl_data_use_max": 0,
                  "dl_data_use_avg": 0,
                  "ul_use_min": 0.015,
                  "ul_use_max": 0.059,
                  "ul_use_avg": 0.029,
                  "ul_data_use_min": 0,
                  "ul_data_use_max": 0,
                  "ul_data_use_avg": 0,
                  "dl_sched_users_min": 0,
                  "dl_sched_users_max": 0,
                  "dl_sched_users_avg": 0,
                  "ul_sched_users_min": 0,
                  "ul_sched_users_max": 0,
                  "ul_sched_users_avg": 0,
                  "ue_count_min": 0,
                  "ue_count_max": 0,
                  "ue_count_avg": 0,
                  "ue_active_count_min": 0,
                  "ue_active_count_max": 0,
                  "ue_active_count_avg": 0,
                  "ue_inactive_count_min": 0,
                  "ue_inactive_count_max": 0,
                  "ue_inactive_count_avg": 0,
                  "drb_count_min": 0,
                  "drb_count_max": 0,
                  "drb_count_avg": 0,
                  "dl_gbr_use_min": 0,
                  "dl_gbr_use_max": 0,
                  "dl_gbr_use_avg": 0,
                  "ul_gbr_use_min": 0,
                  "ul_gbr_use_max": 0,
                  "ul_gbr_use_avg": 0,
                  "counters": {
                    "messages": {},
                    "errors": {}
                  }
                }
              },
              "rf_ports": {
                "0": {
                  "rxtx_delay": {
                    "min": 2.465,
                    "max": 3.527,
                    "avg": 3.062,
                    "sd": 0.263
                  }
                },
                "1": {
                  "rxtx_delay": {
                    "min": 2.665,
                    "max": 3.387,
                    "avg": 2.996,
                    "sd": 0.131
                  }
                }
              },
              "counters": {
                "messages": {
                  "s1_setup_request": 1,
                  "s1_setup_response": 1
                },
                "errors": {}
              },
              "duration": 0.4,
              "time": 230.016,
              "utc": 1785900258.367
            }
          },
          "ue_get_success": true,
          "matched_ues": [],
          "data_ue": null,
          "data_ip_source": "not_available",
          "data_ip_wait_sec": 0.0,
          "ping": null
        },
        {
          "elapsed_sec": 261.3,
          "phy_connected": false,
          "phy_rate": {
            "success": true,
            "cells": [
              {
                "cell_id": "1",
                "dl_bitrate_bps": 0,
                "ul_bitrate_bps": 0,
                "dl_bitrate_mbps": 0.0,
                "ul_bitrate_mbps": 0.0,
                "active": false
              },
              {
                "cell_id": "2",
                "dl_bitrate_bps": 0,
                "ul_bitrate_bps": 0,
                "dl_bitrate_mbps": 0.0,
                "ul_bitrate_mbps": 0.0,
                "active": false
              }
            ],
            "total_dl_bitrate_bps": 0,
            "total_ul_bitrate_bps": 0,
            "total_dl_bitrate_mbps": 0.0,
            "total_ul_bitrate_mbps": 0.0,
            "active_cell_count": 0,
            "command": "cd /root/enb && ./ws.js 192.168.1.80:9001 '{\"message\":\"stats\"}'",
            "payload": {
              "message": "stats",
              "message_id": "id#1",
              "instance_id": "6a72abe7",
              "cpu": {},
              "cells": {
                "1": {
                  "dl_bitrate": 0,
                  "ul_bitrate": 0,
                  "dl_tx": 0,
                  "ul_tx": 0,
                  "dl_err": 0,
                  "ul_err": 0,
                  "dl_retx": 0,
                  "ul_retx": 0,
                  "dl_use_min": 0,
                  "dl_use_max": 0.08,
                  "dl_use_avg": 0.004,
                  "dl_data_use_min": 0,
                  "dl_data_use_max": 0,
                  "dl_data_use_avg": 0,
                  "ul_use_min": 0.08,
                  "ul_use_max": 0.14,
                  "ul_use_avg": 0.086,
                  "ul_data_use_min": 0,
                  "ul_data_use_max": 0,
                  "ul_data_use_avg": 0,
                  "ctrl_use_min": 0,
                  "ctrl_use_max": 0.235,
                  "ctrl_use_avg": 0.019,
                  "dl_sched_users_min": 0,
                  "dl_sched_users_max": 0,
                  "dl_sched_users_avg": 0,
                  "ul_sched_users_min": 0,
                  "ul_sched_users_max": 0,
                  "ul_sched_users_avg": 0,
                  "ue_count_min": 0,
                  "ue_count_max": 0,
                  "ue_count_avg": 0,
                  "ue_active_count_min": 0,
                  "ue_active_count_max": 0,
                  "ue_active_count_avg": 0,
                  "ue_inactive_count_min": 0,
                  "ue_inactive_count_max": 0,
                  "ue_inactive_count_avg": 0,
                  "erab_count_min": 0,
                  "erab_count_max": 0,
                  "erab_count_avg": 0,
                  "dl_gbr_use_min": 0,
                  "dl_gbr_use_max": 0,
                  "dl_gbr_use_avg": 0,
                  "ul_gbr_use_min": 0,
                  "ul_gbr_use_max": 0,
                  "ul_gbr_use_avg": 0,
                  "counters": {
                    "messages": {},
                    "errors": {}
                  }
                },
                "2": {
                  "dl_bitrate": 0,
                  "ul_bitrate": 0,
                  "dl_tx": 0,
                  "ul_tx": 0,
                  "dl_err": 0,
                  "ul_err": 0,
                  "dl_retx": 0,
                  "ul_retx": 0,
                  "dl_use_min": 0,
                  "dl_use_max": 0.077,
                  "dl_use_avg": 0.005,
                  "dl_data_use_min": 0,
                  "dl_data_use_max": 0,
                  "dl_data_use_avg": 0,
                  "ul_use_min": 0.015,
                  "ul_use_max": 0.059,
                  "ul_use_avg": 0.029,
                  "ul_data_use_min": 0,
                  "ul_data_use_max": 0,
                  "ul_data_use_avg": 0,
                  "dl_sched_users_min": 0,
                  "dl_sched_users_max": 0,
                  "dl_sched_users_avg": 0,
                  "ul_sched_users_min": 0,
                  "ul_sched_users_max": 0,
                  "ul_sched_users_avg": 0,
                  "ue_count_min": 0,
                  "ue_count_max": 0,
                  "ue_count_avg": 0,
                  "ue_active_count_min": 0,
                  "ue_active_count_max": 0,
                  "ue_active_count_avg": 0,
                  "ue_inactive_count_min": 0,
                  "ue_inactive_count_max": 0,
                  "ue_inactive_count_avg": 0,
                  "drb_count_min": 0,
                  "drb_count_max": 0,
                  "drb_count_avg": 0,
                  "dl_gbr_use_min": 0,
                  "dl_gbr_use_max": 0,
                  "dl_gbr_use_avg": 0,
                  "ul_gbr_use_min": 0,
                  "ul_gbr_use_max": 0,
                  "ul_gbr_use_avg": 0,
                  "counters": {
                    "messages": {},
                    "errors": {}
                  }
                }
              },
              "rf_ports": {
                "0": {
                  "rxtx_delay": {
                    "min": 2.532,
                    "max": 3.527,
                    "avg": 3.06,
                    "sd": 0.263
                  }
                },
                "1": {
                  "rxtx_delay": {
                    "min": 2.702,
                    "max": 3.387,
                    "avg": 2.999,
                    "sd": 0.131
                  }
                }
              },
              "counters": {
                "messages": {
                  "s1_setup_request": 1,
                  "s1_setup_response": 1
                },
                "errors": {}
              },
              "duration": 0.4,
              "time": 233.813,
              "utc": 1785900262.164
            }
          },
          "ue_get_success": true,
          "matched_ues": [],
          "data_ue": null,
          "data_ip_source": "not_available",
          "data_ip_wait_sec": 0.0,
          "ping": null
        },
        {
          "elapsed_sec": 265.2,
          "phy_connected": false,
          "phy_rate": {
            "success": true,
            "cells": [
              {
                "cell_id": "1",
                "dl_bitrate_bps": 0,
                "ul_bitrate_bps": 0,
                "dl_bitrate_mbps": 0.0,
                "ul_bitrate_mbps": 0.0,
                "active": false
              },
              {
                "cell_id": "2",
                "dl_bitrate_bps": 0,
                "ul_bitrate_bps": 0,
                "dl_bitrate_mbps": 0.0,
                "ul_bitrate_mbps": 0.0,
                "active": false
              }
            ],
            "total_dl_bitrate_bps": 0,
            "total_ul_bitrate_bps": 0,
            "total_dl_bitrate_mbps": 0.0,
            "total_ul_bitrate_mbps": 0.0,
            "active_cell_count": 0,
            "command": "cd /root/enb && ./ws.js 192.168.1.80:9001 '{\"message\":\"stats\"}'",
            "payload": {
              "message": "stats",
              "message_id": "id#1",
              "instance_id": "6a72abe7",
              "cpu": {},
              "cells": {
                "1": {
                  "dl_bitrate": 0,
                  "ul_bitrate": 0,
                  "dl_tx": 0,
                  "ul_tx": 0,
                  "dl_err": 0,
                  "ul_err": 0,
                  "dl_retx": 0,
                  "ul_retx": 0,
                  "dl_use_min": 0,
                  "dl_use_max": 0.08,
                  "dl_use_avg": 0.004,
                  "dl_data_use_min": 0,
                  "dl_data_use_max": 0,
                  "dl_data_use_avg": 0,
                  "ul_use_min": 0.08,
                  "ul_use_max": 0.14,
                  "ul_use_avg": 0.086,
                  "ul_data_use_min": 0,
                  "ul_data_use_max": 0,
                  "ul_data_use_avg": 0,
                  "ctrl_use_min": 0,
                  "ctrl_use_max": 0.235,
                  "ctrl_use_avg": 0.018,
                  "dl_sched_users_min": 0,
                  "dl_sched_users_max": 0,
                  "dl_sched_users_avg": 0,
                  "ul_sched_users_min": 0,
                  "ul_sched_users_max": 0,
                  "ul_sched_users_avg": 0,
                  "ue_count_min": 0,
                  "ue_count_max": 0,
                  "ue_count_avg": 0,
                  "ue_active_count_min": 0,
                  "ue_active_count_max": 0,
                  "ue_active_count_avg": 0,
                  "ue_inactive_count_min": 0,
                  "ue_inactive_count_max": 0,
                  "ue_inactive_count_avg": 0,
                  "erab_count_min": 0,
                  "erab_count_max": 0,
                  "erab_count_avg": 0,
                  "dl_gbr_use_min": 0,
                  "dl_gbr_use_max": 0,
                  "dl_gbr_use_avg": 0,
                  "ul_gbr_use_min": 0,
                  "ul_gbr_use_max": 0,
                  "ul_gbr_use_avg": 0,
                  "counters": {
                    "messages": {},
                    "errors": {}
                  }
                },
                "2": {
                  "dl_bitrate": 0,
                  "ul_bitrate": 0,
                  "dl_tx": 0,
                  "ul_tx": 0,
                  "dl_err": 0,
                  "ul_err": 0,
                  "dl_retx": 0,
                  "ul_retx": 0,
                  "dl_use_min": 0,
                  "dl_use_max": 0.077,
                  "dl_use_avg": 0.005,
                  "dl_data_use_min": 0,
                  "dl_data_use_max": 0,
                  "dl_data_use_avg": 0,
                  "ul_use_min": 0.015,
                  "ul_use_max": 0.059,
                  "ul_use_avg": 0.029,
                  "ul_data_use_min": 0,
                  "ul_data_use_max": 0,
                  "ul_data_use_avg": 0,
                  "dl_sched_users_min": 0,
                  "dl_sched_users_max": 0,
                  "dl_sched_users_avg": 0,
                  "ul_sched_users_min": 0,
                  "ul_sched_users_max": 0,
                  "ul_sched_users_avg": 0,
                  "ue_count_min": 0,
                  "ue_count_max": 0,
                  "ue_count_avg": 0,
                  "ue_active_count_min": 0,
                  "ue_active_count_max": 0,
                  "ue_active_count_avg": 0,
                  "ue_inactive_count_min": 0,
                  "ue_inactive_count_max": 0,
                  "ue_inactive_count_avg": 0,
                  "drb_count_min": 0,
                  "drb_count_max": 0,
                  "drb_count_avg": 0,
                  "dl_gbr_use_min": 0,
                  "dl_gbr_use_max": 0,
                  "dl_gbr_use_avg": 0,
                  "ul_gbr_use_min": 0,
                  "ul_gbr_use_max": 0,
                  "ul_gbr_use_avg": 0,
                  "counters": {
                    "messages": {},
                    "errors": {}
                  }
                }
              },
              "rf_ports": {
                "0": {
                  "rxtx_delay": {
                    "min": 2.465,
                    "max": 3.527,
                    "avg": 3.058,
                    "sd": 0.264
                  }
                },
                "1": {
                  "rxtx_delay": {
                    "min": 2.635,
                    "max": 3.387,
                    "avg": 2.995,
                    "sd": 0.133
                  }
                }
              },
              "counters": {
                "messages": {
                  "s1_setup_request": 1,
                  "s1_setup_response": 1
                },
                "errors": {}
              },
              "duration": 0.4,
              "time": 237.623,
              "utc": 1785900265.973
            }
          },
          "ue_get_success": true,
          "matched_ues": [],
          "data_ue": null,
          "data_ip_source": "not_available",
          "data_ip_wait_sec": 0.0,
          "ping": null
        },
        {
          "elapsed_sec": 269.0,
          "phy_connected": false,
          "phy_rate": {
            "success": true,
            "cells": [
              {
                "cell_id": "1",
                "dl_bitrate_bps": 0,
                "ul_bitrate_bps": 0,
                "dl_bitrate_mbps": 0.0,
                "ul_bitrate_mbps": 0.0,
                "active": false
              },
              {
                "cell_id": "2",
                "dl_bitrate_bps": 0,
                "ul_bitrate_bps": 0,
                "dl_bitrate_mbps": 0.0,
                "ul_bitrate_mbps": 0.0,
                "active": false
              }
            ],
            "total_dl_bitrate_bps": 0,
            "total_ul_bitrate_bps": 0,
            "total_dl_bitrate_mbps": 0.0,
            "total_ul_bitrate_mbps": 0.0,
            "active_cell_count": 0,
            "command": "cd /root/enb && ./ws.js 192.168.1.80:9001 '{\"message\":\"stats\"}'",
            "payload": {
              "message": "stats",
              "message_id": "id#1",
              "instance_id": "6a72abe7",
              "cpu": {},
              "cells": {
                "1": {
                  "dl_bitrate": 0,
                  "ul_bitrate": 0,
                  "dl_tx": 0,
                  "ul_tx": 0,
                  "dl_err": 0,
                  "ul_err": 0,
                  "dl_retx": 0,
                  "ul_retx": 0,
                  "dl_use_min": 0,
                  "dl_use_max": 0.08,
                  "dl_use_avg": 0.004,
                  "dl_data_use_min": 0,
                  "dl_data_use_max": 0,
                  "dl_data_use_avg": 0,
                  "ul_use_min": 0.08,
                  "ul_use_max": 0.14,
                  "ul_use_avg": 0.086,
                  "ul_data_use_min": 0,
                  "ul_data_use_max": 0,
                  "ul_data_use_avg": 0,
                  "ctrl_use_min": 0,
                  "ctrl_use_max": 0.235,
                  "ctrl_use_avg": 0.019,
                  "dl_sched_users_min": 0,
                  "dl_sched_users_max": 0,
                  "dl_sched_users_avg": 0,
                  "ul_sched_users_min": 0,
                  "ul_sched_users_max": 0,
                  "ul_sched_users_avg": 0,
                  "ue_count_min": 0,
                  "ue_count_max": 0,
                  "ue_count_avg": 0,
                  "ue_active_count_min": 0,
                  "ue_active_count_max": 0,
                  "ue_active_count_avg": 0,
                  "ue_inactive_count_min": 0,
                  "ue_inactive_count_max": 0,
                  "ue_inactive_count_avg": 0,
                  "erab_count_min": 0,
                  "erab_count_max": 0,
                  "erab_count_avg": 0,
                  "dl_gbr_use_min": 0,
                  "dl_gbr_use_max": 0,
                  "dl_gbr_use_avg": 0,
                  "ul_gbr_use_min": 0,
                  "ul_gbr_use_max": 0,
                  "ul_gbr_use_avg": 0,
                  "counters": {
                    "messages": {},
                    "errors": {}
                  }
                },
                "2": {
                  "dl_bitrate": 0,
                  "ul_bitrate": 0,
                  "dl_tx": 0,
                  "ul_tx": 0,
                  "dl_err": 0,
                  "ul_err": 0,
                  "dl_retx": 0,
                  "ul_retx": 0,
                  "dl_use_min": 0,
                  "dl_use_max": 0.077,
                  "dl_use_avg": 0.005,
                  "dl_data_use_min": 0,
                  "dl_data_use_max": 0,
                  "dl_data_use_avg": 0,
                  "ul_use_min": 0.015,
                  "ul_use_max": 0.059,
                  "ul_use_avg": 0.029,
                  "ul_data_use_min": 0,
                  "ul_data_use_max": 0,
                  "ul_data_use_avg": 0,
                  "dl_sched_users_min": 0,
                  "dl_sched_users_max": 0,
                  "dl_sched_users_avg": 0,
                  "ul_sched_users_min": 0,
                  "ul_sched_users_max": 0,
                  "ul_sched_users_avg": 0,
                  "ue_count_min": 0,
                  "ue_count_max": 0,
                  "ue_count_avg": 0,
                  "ue_active_count_min": 0,
                  "ue_active_count_max": 0,
                  "ue_active_count_avg": 0,
                  "ue_inactive_count_min": 0,
                  "ue_inactive_count_max": 0,
                  "ue_inactive_count_avg": 0,
                  "drb_count_min": 0,
                  "drb_count_max": 0,
                  "drb_count_avg": 0,
                  "dl_gbr_use_min": 0,
                  "dl_gbr_use_max": 0,
                  "dl_gbr_use_avg": 0,
                  "ul_gbr_use_min": 0,
                  "ul_gbr_use_max": 0,
                  "ul_gbr_use_avg": 0,
                  "counters": {
                    "messages": {},
                    "errors": {}
                  }
                }
              },
              "rf_ports": {
                "0": {
                  "rxtx_delay": {
                    "min": 2.465,
                    "max": 3.527,
                    "avg": 3.061,
                    "sd": 0.264
                  }
                },
                "1": {
                  "rxtx_delay": {
                    "min": 2.702,
                    "max": 3.387,
                    "avg": 2.999,
                    "sd": 0.132
                  }
                }
              },
              "counters": {
                "messages": {
                  "s1_setup_request": 1,
                  "s1_setup_response": 1
                },
                "errors": {}
              },
              "duration": 0.4,
              "time": 241.467,
              "utc": 1785900269.818
            }
          },
          "ue_get_success": true,
          "matched_ues": [],
          "data_ue": null,
          "data_ip_source": "not_available",
          "data_ip_wait_sec": 0.0,
          "ping": null
        },
        {
          "elapsed_sec": 272.8,
          "phy_connected": false,
          "phy_rate": {
            "success": true,
            "cells": [
              {
                "cell_id": "1",
                "dl_bitrate_bps": 0,
                "ul_bitrate_bps": 0,
                "dl_bitrate_mbps": 0.0,
                "ul_bitrate_mbps": 0.0,
                "active": false
              },
              {
                "cell_id": "2",
                "dl_bitrate_bps": 0,
                "ul_bitrate_bps": 0,
                "dl_bitrate_mbps": 0.0,
                "ul_bitrate_mbps": 0.0,
                "active": false
              }
            ],
            "total_dl_bitrate_bps": 0,
            "total_ul_bitrate_bps": 0,
            "total_dl_bitrate_mbps": 0.0,
            "total_ul_bitrate_mbps": 0.0,
            "active_cell_count": 0,
            "command": "cd /root/enb && ./ws.js 192.168.1.80:9001 '{\"message\":\"stats\"}'",
            "payload": {
              "message": "stats",
              "message_id": "id#1",
              "instance_id": "6a72abe7",
              "cpu": {},
              "cells": {
                "1": {
                  "dl_bitrate": 0,
                  "ul_bitrate": 0,
                  "dl_tx": 0,
                  "ul_tx": 0,
                  "dl_err": 0,
                  "ul_err": 0,
                  "dl_retx": 0,
                  "ul_retx": 0,
                  "dl_use_min": 0,
                  "dl_use_max": 0.08,
                  "dl_use_avg": 0.004,
                  "dl_data_use_min": 0,
                  "dl_data_use_max": 0,
                  "dl_data_use_avg": 0,
                  "ul_use_min": 0.08,
                  "ul_use_max": 0.14,
                  "ul_use_avg": 0.086,
                  "ul_data_use_min": 0,
                  "ul_data_use_max": 0,
                  "ul_data_use_avg": 0,
                  "ctrl_use_min": 0,
                  "ctrl_use_max": 0.235,
                  "ctrl_use_avg": 0.018,
                  "dl_sched_users_min": 0,
                  "dl_sched_users_max": 0,
                  "dl_sched_users_avg": 0,
                  "ul_sched_users_min": 0,
                  "ul_sched_users_max": 0,
                  "ul_sched_users_avg": 0,
                  "ue_count_min": 0,
                  "ue_count_max": 0,
                  "ue_count_avg": 0,
                  "ue_active_count_min": 0,
                  "ue_active_count_max": 0,
                  "ue_active_count_avg": 0,
                  "ue_inactive_count_min": 0,
                  "ue_inactive_count_max": 0,
                  "ue_inactive_count_avg": 0,
                  "erab_count_min": 0,
                  "erab_count_max": 0,
                  "erab_count_avg": 0,
                  "dl_gbr_use_min": 0,
                  "dl_gbr_use_max": 0,
                  "dl_gbr_use_avg": 0,
                  "ul_gbr_use_min": 0,
                  "ul_gbr_use_max": 0,
                  "ul_gbr_use_avg": 0,
                  "counters": {
                    "messages": {},
                    "errors": {}
                  }
                },
                "2": {
                  "dl_bitrate": 0,
                  "ul_bitrate": 0,
                  "dl_tx": 0,
                  "ul_tx": 0,
                  "dl_err": 0,
                  "ul_err": 0,
                  "dl_retx": 0,
                  "ul_retx": 0,
                  "dl_use_min": 0,
                  "dl_use_max": 0.077,
                  "dl_use_avg": 0.005,
                  "dl_data_use_min": 0,
                  "dl_data_use_max": 0,
                  "dl_data_use_avg": 0,
                  "ul_use_min": 0.015,
                  "ul_use_max": 0.059,
                  "ul_use_avg": 0.029,
                  "ul_data_use_min": 0,
                  "ul_data_use_max": 0,
                  "ul_data_use_avg": 0,
                  "dl_sched_users_min": 0,
                  "dl_sched_users_max": 0,
                  "dl_sched_users_avg": 0,
                  "ul_sched_users_min": 0,
                  "ul_sched_users_max": 0,
                  "ul_sched_users_avg": 0,
                  "ue_count_min": 0,
                  "ue_count_max": 0,
                  "ue_count_avg": 0,
                  "ue_active_count_min": 0,
                  "ue_active_count_max": 0,
                  "ue_active_count_avg": 0,
                  "ue_inactive_count_min": 0,
                  "ue_inactive_count_max": 0,
                  "ue_inactive_count_avg": 0,
                  "drb_count_min": 0,
                  "drb_count_max": 0,
                  "drb_count_avg": 0,
                  "dl_gbr_use_min": 0,
                  "dl_gbr_use_max": 0,
                  "dl_gbr_use_avg": 0,
                  "ul_gbr_use_min": 0,
                  "ul_gbr_use_max": 0,
                  "ul_gbr_use_avg": 0,
                  "counters": {
                    "messages": {},
                    "errors": {}
                  }
                }
              },
              "rf_ports": {
                "0": {
                  "rxtx_delay": {
                    "min": 2.532,
                    "max": 3.527,
                    "avg": 3.056,
                    "sd": 0.263
                  }
                },
                "1": {
                  "rxtx_delay": {
                    "min": 2.635,
                    "max": 3.387,
                    "avg": 2.996,
                    "sd": 0.133
                  }
                }
              },
              "counters": {
                "messages": {
                  "s1_setup_request": 1,
                  "s1_setup_response": 1
                },
                "errors": {}
              },
              "duration": 0.4,
              "time": 245.288,
              "utc": 1785900273.639
            }
          },
          "ue_get_success": true,
          "matched_ues": [],
          "data_ue": null,
          "data_ip_source": "not_available",
          "data_ip_wait_sec": 0.0,
          "ping": null
        },
        {
          "elapsed_sec": 276.6,
          "phy_connected": false,
          "phy_rate": {
            "success": true,
            "cells": [
              {
                "cell_id": "1",
                "dl_bitrate_bps": 0,
                "ul_bitrate_bps": 0,
                "dl_bitrate_mbps": 0.0,
                "ul_bitrate_mbps": 0.0,
                "active": false
              },
              {
                "cell_id": "2",
                "dl_bitrate_bps": 0,
                "ul_bitrate_bps": 0,
                "dl_bitrate_mbps": 0.0,
                "ul_bitrate_mbps": 0.0,
                "active": false
              }
            ],
            "total_dl_bitrate_bps": 0,
            "total_ul_bitrate_bps": 0,
            "total_dl_bitrate_mbps": 0.0,
            "total_ul_bitrate_mbps": 0.0,
            "active_cell_count": 0,
            "command": "cd /root/enb && ./ws.js 192.168.1.80:9001 '{\"message\":\"stats\"}'",
            "payload": {
              "message": "stats",
              "message_id": "id#1",
              "instance_id": "6a72abe7",
              "cpu": {},
              "cells": {
                "1": {
                  "dl_bitrate": 0,
                  "ul_bitrate": 0,
                  "dl_tx": 0,
                  "ul_tx": 0,
                  "dl_err": 0,
                  "ul_err": 0,
                  "dl_retx": 0,
                  "ul_retx": 0,
                  "dl_use_min": 0,
                  "dl_use_max": 0.08,
                  "dl_use_avg": 0.004,
                  "dl_data_use_min": 0,
                  "dl_data_use_max": 0,
                  "dl_data_use_avg": 0,
                  "ul_use_min": 0.08,
                  "ul_use_max": 0.14,
                  "ul_use_avg": 0.086,
                  "ul_data_use_min": 0,
                  "ul_data_use_max": 0,
                  "ul_data_use_avg": 0,
                  "ctrl_use_min": 0,
                  "ctrl_use_max": 0.235,
                  "ctrl_use_avg": 0.016,
                  "dl_sched_users_min": 0,
                  "dl_sched_users_max": 0,
                  "dl_sched_users_avg": 0,
                  "ul_sched_users_min": 0,
                  "ul_sched_users_max": 0,
                  "ul_sched_users_avg": 0,
                  "ue_count_min": 0,
                  "ue_count_max": 0,
                  "ue_count_avg": 0,
                  "ue_active_count_min": 0,
                  "ue_active_count_max": 0,
                  "ue_active_count_avg": 0,
                  "ue_inactive_count_min": 0,
                  "ue_inactive_count_max": 0,
                  "ue_inactive_count_avg": 0,
                  "erab_count_min": 0,
                  "erab_count_max": 0,
                  "erab_count_avg": 0,
                  "dl_gbr_use_min": 0,
                  "dl_gbr_use_max": 0,
                  "dl_gbr_use_avg": 0,
                  "ul_gbr_use_min": 0,
                  "ul_gbr_use_max": 0,
                  "ul_gbr_use_avg": 0,
                  "counters": {
                    "messages": {},
                    "errors": {}
                  }
                },
                "2": {
                  "dl_bitrate": 0,
                  "ul_bitrate": 0,
                  "dl_tx": 0,
                  "ul_tx": 0,
                  "dl_err": 0,
                  "ul_err": 0,
                  "dl_retx": 0,
                  "ul_retx": 0,
                  "dl_use_min": 0,
                  "dl_use_max": 0.077,
                  "dl_use_avg": 0.005,
                  "dl_data_use_min": 0,
                  "dl_data_use_max": 0,
                  "dl_data_use_avg": 0,
                  "ul_use_min": 0.015,
                  "ul_use_max": 0.059,
                  "ul_use_avg": 0.029,
                  "ul_data_use_min": 0,
                  "ul_data_use_max": 0,
                  "ul_data_use_avg": 0,
                  "dl_sched_users_min": 0,
                  "dl_sched_users_max": 0,
                  "dl_sched_users_avg": 0,
                  "ul_sched_users_min": 0,
                  "ul_sched_users_max": 0,
                  "ul_sched_users_avg": 0,
                  "ue_count_min": 0,
                  "ue_count_max": 0,
                  "ue_count_avg": 0,
                  "ue_active_count_min": 0,
                  "ue_active_count_max": 0,
                  "ue_active_count_avg": 0,
                  "ue_inactive_count_min": 0,
                  "ue_inactive_count_max": 0,
                  "ue_inactive_count_avg": 0,
                  "drb_count_min": 0,
                  "drb_count_max": 0,
                  "drb_count_avg": 0,
                  "dl_gbr_use_min": 0,
                  "dl_gbr_use_max": 0,
                  "dl_gbr_use_avg": 0,
                  "ul_gbr_use_min": 0,
                  "ul_gbr_use_max": 0,
                  "ul_gbr_use_avg": 0,
                  "counters": {
                    "messages": {},
                    "errors": {}
                  }
                }
              },
              "rf_ports": {
                "0": {
                  "rxtx_delay": {
                    "min": 2.465,
                    "max": 3.527,
                    "avg": 3.055,
                    "sd": 0.263
                  }
                },
                "1": {
                  "rxtx_delay": {
                    "min": 2.665,
                    "max": 3.387,
                    "avg": 2.998,
                    "sd": 0.133
                  }
                }
              },
              "counters": {
                "messages": {
                  "s1_setup_request": 1,
                  "s1_setup_response": 1
                },
                "errors": {}
              },
              "duration": 0.4,
              "time": 249.094,
              "utc": 1785900277.452
            }
          },
          "ue_get_success": true,
          "matched_ues": [],
          "data_ue": null,
          "data_ip_source": "not_available",
          "data_ip_wait_sec": 0.0,
          "ping": null
        },
        {
          "elapsed_sec": 280.4,
          "phy_connected": false,
          "phy_rate": {
            "success": true,
            "cells": [
              {
                "cell_id": "1",
                "dl_bitrate_bps": 0,
                "ul_bitrate_bps": 0,
                "dl_bitrate_mbps": 0.0,
                "ul_bitrate_mbps": 0.0,
                "active": false
              },
              {
                "cell_id": "2",
                "dl_bitrate_bps": 0,
                "ul_bitrate_bps": 0,
                "dl_bitrate_mbps": 0.0,
                "ul_bitrate_mbps": 0.0,
                "active": false
              }
            ],
            "total_dl_bitrate_bps": 0,
            "total_ul_bitrate_bps": 0,
            "total_dl_bitrate_mbps": 0.0,
            "total_ul_bitrate_mbps": 0.0,
            "active_cell_count": 0,
            "command": "cd /root/enb && ./ws.js 192.168.1.80:9001 '{\"message\":\"stats\"}'",
            "payload": {
              "message": "stats",
              "message_id": "id#1",
              "instance_id": "6a72abe7",
              "cpu": {},
              "cells": {
                "1": {
                  "dl_bitrate": 0,
                  "ul_bitrate": 0,
                  "dl_tx": 0,
                  "ul_tx": 0,
                  "dl_err": 0,
                  "ul_err": 0,
                  "dl_retx": 0,
                  "ul_retx": 0,
                  "dl_use_min": 0,
                  "dl_use_max": 0.08,
                  "dl_use_avg": 0.004,
                  "dl_data_use_min": 0,
                  "dl_data_use_max": 0,
                  "dl_data_use_avg": 0,
                  "ul_use_min": 0.08,
                  "ul_use_max": 0.14,
                  "ul_use_avg": 0.086,
                  "ul_data_use_min": 0,
                  "ul_data_use_max": 0,
                  "ul_data_use_avg": 0,
                  "ctrl_use_min": 0,
                  "ctrl_use_max": 0.235,
                  "ctrl_use_avg": 0.018,
                  "dl_sched_users_min": 0,
                  "dl_sched_users_max": 0,
                  "dl_sched_users_avg": 0,
                  "ul_sched_users_min": 0,
                  "ul_sched_users_max": 0,
                  "ul_sched_users_avg": 0,
                  "ue_count_min": 0,
                  "ue_count_max": 0,
                  "ue_count_avg": 0,
                  "ue_active_count_min": 0,
                  "ue_active_count_max": 0,
                  "ue_active_count_avg": 0,
                  "ue_inactive_count_min": 0,
                  "ue_inactive_count_max": 0,
                  "ue_inactive_count_avg": 0,
                  "erab_count_min": 0,
                  "erab_count_max": 0,
                  "erab_count_avg": 0,
                  "dl_gbr_use_min": 0,
                  "dl_gbr_use_max": 0,
                  "dl_gbr_use_avg": 0,
                  "ul_gbr_use_min": 0,
                  "ul_gbr_use_max": 0,
                  "ul_gbr_use_avg": 0,
                  "counters": {
                    "messages": {},
                    "errors": {}
                  }
                },
                "2": {
                  "dl_bitrate": 0,
                  "ul_bitrate": 0,
                  "dl_tx": 0,
                  "ul_tx": 0,
                  "dl_err": 0,
                  "ul_err": 0,
                  "dl_retx": 0,
                  "ul_retx": 0,
                  "dl_use_min": 0,
                  "dl_use_max": 0.077,
                  "dl_use_avg": 0.005,
                  "dl_data_use_min": 0,
                  "dl_data_use_max": 0,
                  "dl_data_use_avg": 0,
                  "ul_use_min": 0.015,
                  "ul_use_max": 0.059,
                  "ul_use_avg": 0.029,
                  "ul_data_use_min": 0,
                  "ul_data_use_max": 0,
                  "ul_data_use_avg": 0,
                  "dl_sched_users_min": 0,
                  "dl_sched_users_max": 0,
                  "dl_sched_users_avg": 0,
                  "ul_sched_users_min": 0,
                  "ul_sched_users_max": 0,
                  "ul_sched_users_avg": 0,
                  "ue_count_min": 0,
                  "ue_count_max": 0,
                  "ue_count_avg": 0,
                  "ue_active_count_min": 0,
                  "ue_active_count_max": 0,
                  "ue_active_count_avg": 0,
                  "ue_inactive_count_min": 0,
                  "ue_inactive_count_max": 0,
                  "ue_inactive_count_avg": 0,
                  "drb_count_min": 0,
                  "drb_count_max": 0,
                  "drb_count_avg": 0,
                  "dl_gbr_use_min": 0,
                  "dl_gbr_use_max": 0,
                  "dl_gbr_use_avg": 0,
                  "ul_gbr_use_min": 0,
                  "ul_gbr_use_max": 0,
                  "ul_gbr_use_avg": 0,
                  "counters": {
                    "messages": {},
                    "errors": {}
                  }
                }
              },
              "rf_ports": {
                "0": {
                  "rxtx_delay": {
                    "min": 2.465,
                    "max": 3.527,
                    "avg": 3.058,
                    "sd": 0.263
                  }
                },
                "1": {
                  "rxtx_delay": {
                    "min": 2.665,
                    "max": 3.387,
                    "avg": 2.995,
                    "sd": 0.133
                  }
                }
              },
              "counters": {
                "messages": {
                  "s1_setup_request": 1,
                  "s1_setup_response": 1
                },
                "errors": {}
              },
              "duration": 0.4,
              "time": 252.895,
              "utc": 1785900281.246
            }
          },
          "ue_get_success": true,
          "matched_ues": [],
          "data_ue": null,
          "data_ip_source": "not_available",
          "data_ip_wait_sec": 0.0,
          "ping": null
        },
        {
          "elapsed_sec": 284.2,
          "phy_connected": false,
          "phy_rate": {
            "success": true,
            "cells": [
              {
                "cell_id": "1",
                "dl_bitrate_bps": 0,
                "ul_bitrate_bps": 0,
                "dl_bitrate_mbps": 0.0,
                "ul_bitrate_mbps": 0.0,
                "active": false
              },
              {
                "cell_id": "2",
                "dl_bitrate_bps": 0,
                "ul_bitrate_bps": 0,
                "dl_bitrate_mbps": 0.0,
                "ul_bitrate_mbps": 0.0,
                "active": false
              }
            ],
            "total_dl_bitrate_bps": 0,
            "total_ul_bitrate_bps": 0,
            "total_dl_bitrate_mbps": 0.0,
            "total_ul_bitrate_mbps": 0.0,
            "active_cell_count": 0,
            "command": "cd /root/enb && ./ws.js 192.168.1.80:9001 '{\"message\":\"stats\"}'",
            "payload": {
              "message": "stats",
              "message_id": "id#1",
              "instance_id": "6a72abe7",
              "cpu": {},
              "cells": {
                "1": {
                  "dl_bitrate": 0,
                  "ul_bitrate": 0,
                  "dl_tx": 0,
                  "ul_tx": 0,
                  "dl_err": 0,
                  "ul_err": 0,
                  "dl_retx": 0,
                  "ul_retx": 0,
                  "dl_use_min": 0,
                  "dl_use_max": 0.08,
                  "dl_use_avg": 0.004,
                  "dl_data_use_min": 0,
                  "dl_data_use_max": 0,
                  "dl_data_use_avg": 0,
                  "ul_use_min": 0.08,
                  "ul_use_max": 0.14,
                  "ul_use_avg": 0.086,
                  "ul_data_use_min": 0,
                  "ul_data_use_max": 0,
                  "ul_data_use_avg": 0,
                  "ctrl_use_min": 0,
                  "ctrl_use_max": 0.235,
                  "ctrl_use_avg": 0.019,
                  "dl_sched_users_min": 0,
                  "dl_sched_users_max": 0,
                  "dl_sched_users_avg": 0,
                  "ul_sched_users_min": 0,
                  "ul_sched_users_max": 0,
                  "ul_sched_users_avg": 0,
                  "ue_count_min": 0,
                  "ue_count_max": 0,
                  "ue_count_avg": 0,
                  "ue_active_count_min": 0,
                  "ue_active_count_max": 0,
                  "ue_active_count_avg": 0,
                  "ue_inactive_count_min": 0,
                  "ue_inactive_count_max": 0,
                  "ue_inactive_count_avg": 0,
                  "erab_count_min": 0,
                  "erab_count_max": 0,
                  "erab_count_avg": 0,
                  "dl_gbr_use_min": 0,
                  "dl_gbr_use_max": 0,
                  "dl_gbr_use_avg": 0,
                  "ul_gbr_use_min": 0,
                  "ul_gbr_use_max": 0,
                  "ul_gbr_use_avg": 0,
                  "counters": {
                    "messages": {},
                    "errors": {}
                  }
                },
                "2": {
                  "dl_bitrate": 0,
                  "ul_bitrate": 0,
                  "dl_tx": 0,
                  "ul_tx": 0,
                  "dl_err": 0,
                  "ul_err": 0,
                  "dl_retx": 0,
                  "ul_retx": 0,
                  "dl_use_min": 0,
                  "dl_use_max": 0.077,
                  "dl_use_avg": 0.005,
                  "dl_data_use_min": 0,
                  "dl_data_use_max": 0,
                  "dl_data_use_avg": 0,
                  "ul_use_min": 0.015,
                  "ul_use_max": 0.059,
                  "ul_use_avg": 0.029,
                  "ul_data_use_min": 0,
                  "ul_data_use_max": 0,
                  "ul_data_use_avg": 0,
                  "dl_sched_users_min": 0,
                  "dl_sched_users_max": 0,
                  "dl_sched_users_avg": 0,
                  "ul_sched_users_min": 0,
                  "ul_sched_users_max": 0,
                  "ul_sched_users_avg": 0,
                  "ue_count_min": 0,
                  "ue_count_max": 0,
                  "ue_count_avg": 0,
                  "ue_active_count_min": 0,
                  "ue_active_count_max": 0,
                  "ue_active_count_avg": 0,
                  "ue_inactive_count_min": 0,
                  "ue_inactive_count_max": 0,
                  "ue_inactive_count_avg": 0,
                  "drb_count_min": 0,
                  "drb_count_max": 0,
                  "drb_count_avg": 0,
                  "dl_gbr_use_min": 0,
                  "dl_gbr_use_max": 0,
                  "dl_gbr_use_avg": 0,
                  "ul_gbr_use_min": 0,
                  "ul_gbr_use_max": 0,
                  "ul_gbr_use_avg": 0,
                  "counters": {
                    "messages": {},
                    "errors": {}
                  }
                }
              },
              "rf_ports": {
                "0": {
                  "rxtx_delay": {
                    "min": 2.399,
                    "max": 3.527,
                    "avg": 3.058,
                    "sd": 0.264
                  }
                },
                "1": {
                  "rxtx_delay": {
                    "min": 2.635,
                    "max": 3.387,
                    "avg": 2.996,
                    "sd": 0.134
                  }
                }
              },
              "counters": {
                "messages": {
                  "s1_setup_request": 1,
                  "s1_setup_response": 1
                },
                "errors": {}
              },
              "duration": 0.4,
              "time": 256.684,
              "utc": 1785900285.035
            }
          },
          "ue_get_success": true,
          "matched_ues": [],
          "data_ue": null,
          "data_ip_source": "not_available",
          "data_ip_wait_sec": 0.0,
          "ping": null
        },
        {
          "elapsed_sec": 288.1,
          "phy_connected": false,
          "phy_rate": {
            "success": true,
            "cells": [
              {
                "cell_id": "1",
                "dl_bitrate_bps": 0,
                "ul_bitrate_bps": 0,
                "dl_bitrate_mbps": 0.0,
                "ul_bitrate_mbps": 0.0,
                "active": false
              },
              {
                "cell_id": "2",
                "dl_bitrate_bps": 0,
                "ul_bitrate_bps": 0,
                "dl_bitrate_mbps": 0.0,
                "ul_bitrate_mbps": 0.0,
                "active": false
              }
            ],
            "total_dl_bitrate_bps": 0,
            "total_ul_bitrate_bps": 0,
            "total_dl_bitrate_mbps": 0.0,
            "total_ul_bitrate_mbps": 0.0,
            "active_cell_count": 0,
            "command": "cd /root/enb && ./ws.js 192.168.1.80:9001 '{\"message\":\"stats\"}'",
            "payload": {
              "message": "stats",
              "message_id": "id#1",
              "instance_id": "6a72abe7",
              "cpu": {},
              "cells": {
                "1": {
                  "dl_bitrate": 0,
                  "ul_bitrate": 0,
                  "dl_tx": 0,
                  "ul_tx": 0,
                  "dl_err": 0,
                  "ul_err": 0,
                  "dl_retx": 0,
                  "ul_retx": 0,
                  "dl_use_min": 0,
                  "dl_use_max": 0.08,
                  "dl_use_avg": 0.004,
                  "dl_data_use_min": 0,
                  "dl_data_use_max": 0,
                  "dl_data_use_avg": 0,
                  "ul_use_min": 0.08,
                  "ul_use_max": 0.14,
                  "ul_use_avg": 0.086,
                  "ul_data_use_min": 0,
                  "ul_data_use_max": 0,
                  "ul_data_use_avg": 0,
                  "ctrl_use_min": 0,
                  "ctrl_use_max": 0.235,
                  "ctrl_use_avg": 0.019,
                  "dl_sched_users_min": 0,
                  "dl_sched_users_max": 0,
                  "dl_sched_users_avg": 0,
                  "ul_sched_users_min": 0,
                  "ul_sched_users_max": 0,
                  "ul_sched_users_avg": 0,
                  "ue_count_min": 0,
                  "ue_count_max": 0,
                  "ue_count_avg": 0,
                  "ue_active_count_min": 0,
                  "ue_active_count_max": 0,
                  "ue_active_count_avg": 0,
                  "ue_inactive_count_min": 0,
                  "ue_inactive_count_max": 0,
                  "ue_inactive_count_avg": 0,
                  "erab_count_min": 0,
                  "erab_count_max": 0,
                  "erab_count_avg": 0,
                  "dl_gbr_use_min": 0,
                  "dl_gbr_use_max": 0,
                  "dl_gbr_use_avg": 0,
                  "ul_gbr_use_min": 0,
                  "ul_gbr_use_max": 0,
                  "ul_gbr_use_avg": 0,
                  "counters": {
                    "messages": {},
                    "errors": {}
                  }
                },
                "2": {
                  "dl_bitrate": 0,
                  "ul_bitrate": 0,
                  "dl_tx": 0,
                  "ul_tx": 0,
                  "dl_err": 0,
                  "ul_err": 0,
                  "dl_retx": 0,
                  "ul_retx": 0,
                  "dl_use_min": 0,
                  "dl_use_max": 0.077,
                  "dl_use_avg": 0.005,
                  "dl_data_use_min": 0,
                  "dl_data_use_max": 0,
                  "dl_data_use_avg": 0,
                  "ul_use_min": 0.015,
                  "ul_use_max": 0.059,
                  "ul_use_avg": 0.029,
                  "ul_data_use_min": 0,
                  "ul_data_use_max": 0,
                  "ul_data_use_avg": 0,
                  "dl_sched_users_min": 0,
                  "dl_sched_users_max": 0,
                  "dl_sched_users_avg": 0,
                  "ul_sched_users_min": 0,
                  "ul_sched_users_max": 0,
                  "ul_sched_users_avg": 0,
                  "ue_count_min": 0,
                  "ue_count_max": 0,
                  "ue_count_avg": 0,
                  "ue_active_count_min": 0,
                  "ue_active_count_max": 0,
                  "ue_active_count_avg": 0,
                  "ue_inactive_count_min": 0,
                  "ue_inactive_count_max": 0,
                  "ue_inactive_count_avg": 0,
                  "drb_count_min": 0,
                  "drb_count_max": 0,
                  "drb_count_avg": 0,
                  "dl_gbr_use_min": 0,
                  "dl_gbr_use_max": 0,
                  "dl_gbr_use_avg": 0,
                  "ul_gbr_use_min": 0,
                  "ul_gbr_use_max": 0,
                  "ul_gbr_use_avg": 0,
                  "counters": {
                    "messages": {},
                    "errors": {}
                  }
                }
              },
              "rf_ports": {
                "0": {
                  "rxtx_delay": {
                    "min": 2.465,
                    "max": 3.527,
                    "avg": 3.057,
                    "sd": 0.263
                  }
                },
                "1": {
                  "rxtx_delay": {
                    "min": 2.665,
                    "max": 3.387,
                    "avg": 2.993,
                    "sd": 0.133
                  }
                }
              },
              "counters": {
                "messages": {
                  "s1_setup_request": 1,
                  "s1_setup_response": 1
                },
                "errors": {}
              },
              "duration": 0.4,
              "time": 260.528,
              "utc": 1785900288.879
            }
          },
          "ue_get_success": true,
          "matched_ues": [],
          "data_ue": null,
          "data_ip_source": "not_available",
          "data_ip_wait_sec": 0.0,
          "ping": null
        },
        {
          "elapsed_sec": 291.8,
          "phy_connected": false,
          "phy_rate": {
            "success": true,
            "cells": [
              {
                "cell_id": "1",
                "dl_bitrate_bps": 0,
                "ul_bitrate_bps": 0,
                "dl_bitrate_mbps": 0.0,
                "ul_bitrate_mbps": 0.0,
                "active": false
              },
              {
                "cell_id": "2",
                "dl_bitrate_bps": 0,
                "ul_bitrate_bps": 0,
                "dl_bitrate_mbps": 0.0,
                "ul_bitrate_mbps": 0.0,
                "active": false
              }
            ],
            "total_dl_bitrate_bps": 0,
            "total_ul_bitrate_bps": 0,
            "total_dl_bitrate_mbps": 0.0,
            "total_ul_bitrate_mbps": 0.0,
            "active_cell_count": 0,
            "command": "cd /root/enb && ./ws.js 192.168.1.80:9001 '{\"message\":\"stats\"}'",
            "payload": {
              "message": "stats",
              "message_id": "id#1",
              "instance_id": "6a72abe7",
              "cpu": {},
              "cells": {
                "1": {
                  "dl_bitrate": 0,
                  "ul_bitrate": 0,
                  "dl_tx": 0,
                  "ul_tx": 0,
                  "dl_err": 0,
                  "ul_err": 0,
                  "dl_retx": 0,
                  "ul_retx": 0,
                  "dl_use_min": 0,
                  "dl_use_max": 0.08,
                  "dl_use_avg": 0.004,
                  "dl_data_use_min": 0,
                  "dl_data_use_max": 0,
                  "dl_data_use_avg": 0,
                  "ul_use_min": 0.08,
                  "ul_use_max": 0.14,
                  "ul_use_avg": 0.086,
                  "ul_data_use_min": 0,
                  "ul_data_use_max": 0,
                  "ul_data_use_avg": 0,
                  "ctrl_use_min": 0,
                  "ctrl_use_max": 0.235,
                  "ctrl_use_avg": 0.017,
                  "dl_sched_users_min": 0,
                  "dl_sched_users_max": 0,
                  "dl_sched_users_avg": 0,
                  "ul_sched_users_min": 0,
                  "ul_sched_users_max": 0,
                  "ul_sched_users_avg": 0,
                  "ue_count_min": 0,
                  "ue_count_max": 0,
                  "ue_count_avg": 0,
                  "ue_active_count_min": 0,
                  "ue_active_count_max": 0,
                  "ue_active_count_avg": 0,
                  "ue_inactive_count_min": 0,
                  "ue_inactive_count_max": 0,
                  "ue_inactive_count_avg": 0,
                  "erab_count_min": 0,
                  "erab_count_max": 0,
                  "erab_count_avg": 0,
                  "dl_gbr_use_min": 0,
                  "dl_gbr_use_max": 0,
                  "dl_gbr_use_avg": 0,
                  "ul_gbr_use_min": 0,
                  "ul_gbr_use_max": 0,
                  "ul_gbr_use_avg": 0,
                  "counters": {
                    "messages": {},
                    "errors": {}
                  }
                },
                "2": {
                  "dl_bitrate": 0,
                  "ul_bitrate": 0,
                  "dl_tx": 0,
                  "ul_tx": 0,
                  "dl_err": 0,
                  "ul_err": 0,
                  "dl_retx": 0,
                  "ul_retx": 0,
                  "dl_use_min": 0,
                  "dl_use_max": 0.077,
                  "dl_use_avg": 0.005,
                  "dl_data_use_min": 0,
                  "dl_data_use_max": 0,
                  "dl_data_use_avg": 0,
                  "ul_use_min": 0.015,
                  "ul_use_max": 0.059,
                  "ul_use_avg": 0.029,
                  "ul_data_use_min": 0,
                  "ul_data_use_max": 0,
                  "ul_data_use_avg": 0,
                  "dl_sched_users_min": 0,
                  "dl_sched_users_max": 0,
                  "dl_sched_users_avg": 0,
                  "ul_sched_users_min": 0,
                  "ul_sched_users_max": 0,
                  "ul_sched_users_avg": 0,
                  "ue_count_min": 0,
                  "ue_count_max": 0,
                  "ue_count_avg": 0,
                  "ue_active_count_min": 0,
                  "ue_active_count_max": 0,
                  "ue_active_count_avg": 0,
                  "ue_inactive_count_min": 0,
                  "ue_inactive_count_max": 0,
                  "ue_inactive_count_avg": 0,
                  "drb_count_min": 0,
                  "drb_count_max": 0,
                  "drb_count_avg": 0,
                  "dl_gbr_use_min": 0,
                  "dl_gbr_use_max": 0,
                  "dl_gbr_use_avg": 0,
                  "ul_gbr_use_min": 0,
                  "ul_gbr_use_max": 0,
                  "ul_gbr_use_avg": 0,
                  "counters": {
                    "messages": {},
                    "errors": {}
                  }
                }
              },
              "rf_ports": {
                "0": {
                  "rxtx_delay": {
                    "min": 2.532,
                    "max": 3.527,
                    "avg": 3.057,
                    "sd": 0.263
                  }
                },
                "1": {
                  "rxtx_delay": {
                    "min": 2.635,
                    "max": 3.387,
                    "avg": 2.998,
                    "sd": 0.133
                  }
                }
              },
              "counters": {
                "messages": {
                  "s1_setup_request": 1,
                  "s1_setup_response": 1
                },
                "errors": {}
              },
              "duration": 0.4,
              "time": 264.319,
              "utc": 1785900292.674
            }
          },
          "ue_get_success": true,
          "matched_ues": [],
          "data_ue": null,
          "data_ip_source": "not_available",
          "data_ip_wait_sec": 0.0,
          "ping": null
        },
        {
          "elapsed_sec": 295.7,
          "phy_connected": false,
          "phy_rate": {
            "success": true,
            "cells": [
              {
                "cell_id": "1",
                "dl_bitrate_bps": 0,
                "ul_bitrate_bps": 0,
                "dl_bitrate_mbps": 0.0,
                "ul_bitrate_mbps": 0.0,
                "active": false
              },
              {
                "cell_id": "2",
                "dl_bitrate_bps": 0,
                "ul_bitrate_bps": 0,
                "dl_bitrate_mbps": 0.0,
                "ul_bitrate_mbps": 0.0,
                "active": false
              }
            ],
            "total_dl_bitrate_bps": 0,
            "total_ul_bitrate_bps": 0,
            "total_dl_bitrate_mbps": 0.0,
            "total_ul_bitrate_mbps": 0.0,
            "active_cell_count": 0,
            "command": "cd /root/enb && ./ws.js 192.168.1.80:9001 '{\"message\":\"stats\"}'",
            "payload": {
              "message": "stats",
              "message_id": "id#1",
              "instance_id": "6a72abe7",
              "cpu": {},
              "cells": {
                "1": {
                  "dl_bitrate": 0,
                  "ul_bitrate": 0,
                  "dl_tx": 0,
                  "ul_tx": 0,
                  "dl_err": 0,
                  "ul_err": 0,
                  "dl_retx": 0,
                  "ul_retx": 0,
                  "dl_use_min": 0,
                  "dl_use_max": 0.08,
                  "dl_use_avg": 0.004,
                  "dl_data_use_min": 0,
                  "dl_data_use_max": 0,
                  "dl_data_use_avg": 0,
                  "ul_use_min": 0.08,
                  "ul_use_max": 0.14,
                  "ul_use_avg": 0.086,
                  "ul_data_use_min": 0,
                  "ul_data_use_max": 0,
                  "ul_data_use_avg": 0,
                  "ctrl_use_min": 0,
                  "ctrl_use_max": 0.235,
                  "ctrl_use_avg": 0.016,
                  "dl_sched_users_min": 0,
                  "dl_sched_users_max": 0,
                  "dl_sched_users_avg": 0,
                  "ul_sched_users_min": 0,
                  "ul_sched_users_max": 0,
                  "ul_sched_users_avg": 0,
                  "ue_count_min": 0,
                  "ue_count_max": 0,
                  "ue_count_avg": 0,
                  "ue_active_count_min": 0,
                  "ue_active_count_max": 0,
                  "ue_active_count_avg": 0,
                  "ue_inactive_count_min": 0,
                  "ue_inactive_count_max": 0,
                  "ue_inactive_count_avg": 0,
                  "erab_count_min": 0,
                  "erab_count_max": 0,
                  "erab_count_avg": 0,
                  "dl_gbr_use_min": 0,
                  "dl_gbr_use_max": 0,
                  "dl_gbr_use_avg": 0,
                  "ul_gbr_use_min": 0,
                  "ul_gbr_use_max": 0,
                  "ul_gbr_use_avg": 0,
                  "counters": {
                    "messages": {},
                    "errors": {}
                  }
                },
                "2": {
                  "dl_bitrate": 0,
                  "ul_bitrate": 0,
                  "dl_tx": 0,
                  "ul_tx": 0,
                  "dl_err": 0,
                  "ul_err": 0,
                  "dl_retx": 0,
                  "ul_retx": 0,
                  "dl_use_min": 0,
                  "dl_use_max": 0.077,
                  "dl_use_avg": 0.005,
                  "dl_data_use_min": 0,
                  "dl_data_use_max": 0,
                  "dl_data_use_avg": 0,
                  "ul_use_min": 0.015,
                  "ul_use_max": 0.059,
                  "ul_use_avg": 0.029,
                  "ul_data_use_min": 0,
                  "ul_data_use_max": 0,
                  "ul_data_use_avg": 0,
                  "dl_sched_users_min": 0,
                  "dl_sched_users_max": 0,
                  "dl_sched_users_avg": 0,
                  "ul_sched_users_min": 0,
                  "ul_sched_users_max": 0,
                  "ul_sched_users_avg": 0,
                  "ue_count_min": 0,
                  "ue_count_max": 0,
                  "ue_count_avg": 0,
                  "ue_active_count_min": 0,
                  "ue_active_count_max": 0,
                  "ue_active_count_avg": 0,
                  "ue_inactive_count_min": 0,
                  "ue_inactive_count_max": 0,
                  "ue_inactive_count_avg": 0,
                  "drb_count_min": 0,
                  "drb_count_max": 0,
                  "drb_count_avg": 0,
                  "dl_gbr_use_min": 0,
                  "dl_gbr_use_max": 0,
                  "dl_gbr_use_avg": 0,
                  "ul_gbr_use_min": 0,
                  "ul_gbr_use_max": 0,
                  "ul_gbr_use_avg": 0,
                  "counters": {
                    "messages": {},
                    "errors": {}
                  }
                }
              },
              "rf_ports": {
                "0": {
                  "rxtx_delay": {
                    "min": 2.465,
                    "max": 3.527,
                    "avg": 3.058,
                    "sd": 0.263
                  }
                },
                "1": {
                  "rxtx_delay": {
                    "min": 2.635,
                    "max": 3.387,
                    "avg": 2.995,
                    "sd": 0.133
                  }
                }
              },
              "counters": {
                "messages": {
                  "s1_setup_request": 1,
                  "s1_setup_response": 1
                },
                "errors": {}
              },
              "duration": 0.4,
              "time": 268.125,
              "utc": 1785900296.476
            }
          },
          "ue_get_success": true,
          "matched_ues": [],
          "data_ue": null,
          "data_ip_source": "not_available",
          "data_ip_wait_sec": 0.0,
          "ping": null
        },
        {
          "elapsed_sec": 299.5,
          "phy_connected": false,
          "phy_rate": {
            "success": true,
            "cells": [
              {
                "cell_id": "1",
                "dl_bitrate_bps": 0,
                "ul_bitrate_bps": 0,
                "dl_bitrate_mbps": 0.0,
                "ul_bitrate_mbps": 0.0,
                "active": false
              },
              {
                "cell_id": "2",
                "dl_bitrate_bps": 0,
                "ul_bitrate_bps": 0,
                "dl_bitrate_mbps": 0.0,
                "ul_bitrate_mbps": 0.0,
                "active": false
              }
            ],
            "total_dl_bitrate_bps": 0,
            "total_ul_bitrate_bps": 0,
            "total_dl_bitrate_mbps": 0.0,
            "total_ul_bitrate_mbps": 0.0,
            "active_cell_count": 0,
            "command": "cd /root/enb && ./ws.js 192.168.1.80:9001 '{\"message\":\"stats\"}'",
            "payload": {
              "message": "stats",
              "message_id": "id#1",
              "instance_id": "6a72abe7",
              "cpu": {},
              "cells": {
                "1": {
                  "dl_bitrate": 0,
                  "ul_bitrate": 0,
                  "dl_tx": 0,
                  "ul_tx": 0,
                  "dl_err": 0,
                  "ul_err": 0,
                  "dl_retx": 0,
                  "ul_retx": 0,
                  "dl_use_min": 0,
                  "dl_use_max": 0.08,
                  "dl_use_avg": 0.004,
                  "dl_data_use_min": 0,
                  "dl_data_use_max": 0,
                  "dl_data_use_avg": 0,
                  "ul_use_min": 0.08,
                  "ul_use_max": 0.14,
                  "ul_use_avg": 0.086,
                  "ul_data_use_min": 0,
                  "ul_data_use_max": 0,
                  "ul_data_use_avg": 0,
                  "ctrl_use_min": 0,
                  "ctrl_use_max": 0.235,
                  "ctrl_use_avg": 0.018,
                  "dl_sched_users_min": 0,
                  "dl_sched_users_max": 0,
                  "dl_sched_users_avg": 0,
                  "ul_sched_users_min": 0,
                  "ul_sched_users_max": 0,
                  "ul_sched_users_avg": 0,
                  "ue_count_min": 0,
                  "ue_count_max": 0,
                  "ue_count_avg": 0,
                  "ue_active_count_min": 0,
                  "ue_active_count_max": 0,
                  "ue_active_count_avg": 0,
                  "ue_inactive_count_min": 0,
                  "ue_inactive_count_max": 0,
                  "ue_inactive_count_avg": 0,
                  "erab_count_min": 0,
                  "erab_count_max": 0,
                  "erab_count_avg": 0,
                  "dl_gbr_use_min": 0,
                  "dl_gbr_use_max": 0,
                  "dl_gbr_use_avg": 0,
                  "ul_gbr_use_min": 0,
                  "ul_gbr_use_max": 0,
                  "ul_gbr_use_avg": 0,
                  "counters": {
                    "messages": {},
                    "errors": {}
                  }
                },
                "2": {
                  "dl_bitrate": 0,
                  "ul_bitrate": 0,
                  "dl_tx": 0,
                  "ul_tx": 0,
                  "dl_err": 0,
                  "ul_err": 0,
                  "dl_retx": 0,
                  "ul_retx": 0,
                  "dl_use_min": 0,
                  "dl_use_max": 0.077,
                  "dl_use_avg": 0.005,
                  "dl_data_use_min": 0,
                  "dl_data_use_max": 0,
                  "dl_data_use_avg": 0,
                  "ul_use_min": 0.015,
                  "ul_use_max": 0.059,
                  "ul_use_avg": 0.029,
                  "ul_data_use_min": 0,
                  "ul_data_use_max": 0,
                  "ul_data_use_avg": 0,
                  "dl_sched_users_min": 0,
                  "dl_sched_users_max": 0,
                  "dl_sched_users_avg": 0,
                  "ul_sched_users_min": 0,
                  "ul_sched_users_max": 0,
                  "ul_sched_users_avg": 0,
                  "ue_count_min": 0,
                  "ue_count_max": 0,
                  "ue_count_avg": 0,
                  "ue_active_count_min": 0,
                  "ue_active_count_max": 0,
                  "ue_active_count_avg": 0,
                  "ue_inactive_count_min": 0,
                  "ue_inactive_count_max": 0,
                  "ue_inactive_count_avg": 0,
                  "drb_count_min": 0,
                  "drb_count_max": 0,
                  "drb_count_avg": 0,
                  "dl_gbr_use_min": 0,
                  "dl_gbr_use_max": 0,
                  "dl_gbr_use_avg": 0,
                  "ul_gbr_use_min": 0,
                  "ul_gbr_use_max": 0,
                  "ul_gbr_use_avg": 0,
                  "counters": {
                    "messages": {},
                    "errors": {}
                  }
                }
              },
              "rf_ports": {
                "0": {
                  "rxtx_delay": {
                    "min": 2.532,
                    "max": 3.527,
                    "avg": 3.056,
                    "sd": 0.263
                  }
                },
                "1": {
                  "rxtx_delay": {
                    "min": 2.665,
                    "max": 3.387,
                    "avg": 2.995,
                    "sd": 0.132
                  }
                }
              },
              "counters": {
                "messages": {
                  "s1_setup_request": 1,
                  "s1_setup_response": 1
                },
                "errors": {}
              },
              "duration": 0.4,
              "time": 271.92,
              "utc": 1785900300.271
            }
          },
          "ue_get_success": true,
          "matched_ues": [],
          "data_ue": null,
          "data_ip_source": "not_available",
          "data_ip_wait_sec": 0.0,
          "ping": null
        },
        {
          "elapsed_sec": 303.3,
          "phy_connected": false,
          "phy_rate": {
            "success": true,
            "cells": [
              {
                "cell_id": "1",
                "dl_bitrate_bps": 0,
                "ul_bitrate_bps": 0,
                "dl_bitrate_mbps": 0.0,
                "ul_bitrate_mbps": 0.0,
                "active": false
              },
              {
                "cell_id": "2",
                "dl_bitrate_bps": 0,
                "ul_bitrate_bps": 0,
                "dl_bitrate_mbps": 0.0,
                "ul_bitrate_mbps": 0.0,
                "active": false
              }
            ],
            "total_dl_bitrate_bps": 0,
            "total_ul_bitrate_bps": 0,
            "total_dl_bitrate_mbps": 0.0,
            "total_ul_bitrate_mbps": 0.0,
            "active_cell_count": 0,
            "command": "cd /root/enb && ./ws.js 192.168.1.80:9001 '{\"message\":\"stats\"}'",
            "payload": {
              "message": "stats",
              "message_id": "id#1",
              "instance_id": "6a72abe7",
              "cpu": {},
              "cells": {
                "1": {
                  "dl_bitrate": 0,
                  "ul_bitrate": 0,
                  "dl_tx": 0,
                  "ul_tx": 0,
                  "dl_err": 0,
                  "ul_err": 0,
                  "dl_retx": 0,
                  "ul_retx": 0,
                  "dl_use_min": 0,
                  "dl_use_max": 0.08,
                  "dl_use_avg": 0.004,
                  "dl_data_use_min": 0,
                  "dl_data_use_max": 0,
                  "dl_data_use_avg": 0,
                  "ul_use_min": 0.08,
                  "ul_use_max": 0.14,
                  "ul_use_avg": 0.086,
                  "ul_data_use_min": 0,
                  "ul_data_use_max": 0,
                  "ul_data_use_avg": 0,
                  "ctrl_use_min": 0,
                  "ctrl_use_max": 0.235,
                  "ctrl_use_avg": 0.019,
                  "dl_sched_users_min": 0,
                  "dl_sched_users_max": 0,
                  "dl_sched_users_avg": 0,
                  "ul_sched_users_min": 0,
                  "ul_sched_users_max": 0,
                  "ul_sched_users_avg": 0,
                  "ue_count_min": 0,
                  "ue_count_max": 0,
                  "ue_count_avg": 0,
                  "ue_active_count_min": 0,
                  "ue_active_count_max": 0,
                  "ue_active_count_avg": 0,
                  "ue_inactive_count_min": 0,
                  "ue_inactive_count_max": 0,
                  "ue_inactive_count_avg": 0,
                  "erab_count_min": 0,
                  "erab_count_max": 0,
                  "erab_count_avg": 0,
                  "dl_gbr_use_min": 0,
                  "dl_gbr_use_max": 0,
                  "dl_gbr_use_avg": 0,
                  "ul_gbr_use_min": 0,
                  "ul_gbr_use_max": 0,
                  "ul_gbr_use_avg": 0,
                  "counters": {
                    "messages": {},
                    "errors": {}
                  }
                },
                "2": {
                  "dl_bitrate": 0,
                  "ul_bitrate": 0,
                  "dl_tx": 0,
                  "ul_tx": 0,
                  "dl_err": 0,
                  "ul_err": 0,
                  "dl_retx": 0,
                  "ul_retx": 0,
                  "dl_use_min": 0,
                  "dl_use_max": 0.077,
                  "dl_use_avg": 0.005,
                  "dl_data_use_min": 0,
                  "dl_data_use_max": 0,
                  "dl_data_use_avg": 0,
                  "ul_use_min": 0.015,
                  "ul_use_max": 0.059,
                  "ul_use_avg": 0.029,
                  "ul_data_use_min": 0,
                  "ul_data_use_max": 0,
                  "ul_data_use_avg": 0,
                  "dl_sched_users_min": 0,
                  "dl_sched_users_max": 0,
                  "dl_sched_users_avg": 0,
                  "ul_sched_users_min": 0,
                  "ul_sched_users_max": 0,
                  "ul_sched_users_avg": 0,
                  "ue_count_min": 0,
                  "ue_count_max": 0,
                  "ue_count_avg": 0,
                  "ue_active_count_min": 0,
                  "ue_active_count_max": 0,
                  "ue_active_count_avg": 0,
                  "ue_inactive_count_min": 0,
                  "ue_inactive_count_max": 0,
                  "ue_inactive_count_avg": 0,
                  "drb_count_min": 0,
                  "drb_count_max": 0,
                  "drb_count_avg": 0,
                  "dl_gbr_use_min": 0,
                  "dl_gbr_use_max": 0,
                  "dl_gbr_use_avg": 0,
                  "ul_gbr_use_min": 0,
                  "ul_gbr_use_max": 0,
                  "ul_gbr_use_avg": 0,
                  "counters": {
                    "messages": {},
                    "errors": {}
                  }
                }
              },
              "rf_ports": {
                "0": {
                  "rxtx_delay": {
                    "min": 2.465,
                    "max": 3.527,
                    "avg": 3.058,
                    "sd": 0.263
                  }
                },
                "1": {
                  "rxtx_delay": {
                    "min": 2.635,
                    "max": 3.387,
                    "avg": 2.996,
                    "sd": 0.134
                  }
                }
              },
              "counters": {
                "messages": {
                  "s1_setup_request": 1,
                  "s1_setup_response": 1
                },
                "errors": {}
              },
              "duration": 0.4,
              "time": 275.731,
              "utc": 1785900304.09
            }
          },
          "ue_get_success": true,
          "matched_ues": [],
          "data_ue": null,
          "data_ip_source": "not_available",
          "data_ip_wait_sec": 0.0,
          "ping": null
        }
      ],
      "error": "UE_CONNECTION_TIMEOUT",
      "message": "在 300 秒安全上限內，PHY DL/UL bitrate 仍為 0，尚未判定 UE 已連線。"
    },
    "message": "ENDC config 已套用，但 UE 尚未連線。",
    "returncode": 1
  },
  "schema_version": "1.0",
  "timestamp": "2026-08-05T11:33:04+08:00",
  "result_file": null
}
