{
  "success": true,
  "tool": "iperf.bidirectional",
  "human_summary": "PASS｜雙向 iPerf 測試完成\n\n【Download】\n方向：Download\nUE Data IP：192.168.3.2\n測試時間：30 秒\n平均速度：12.676 Mbps\n最低速度：10.945 Mbps\n最高速度：17.547 Mbps\n總傳輸量：47.536 MB\nRetransmissions：0\nTCP Congestion：BBR\n速度走勢：█▃▃▄▃▁▅▅▁▁▁▅▁▅▁▅▁▅▁▅▁▁▅▅▁▅▅▁▅▁\n\n【Upload】\n方向：Upload\nUE Data IP：192.168.3.2\n測試時間：30 秒\n平均速度：4.724 Mbps\n最低速度：4.054 Mbps\n最高速度：5.173 Mbps\n總傳輸量：17.715 MB\nRetransmissions：N/A\nTCP Congestion：BBR\n速度走勢：▆▁▄▅▆▅▅█▆█▅▇▇▆█▃▅▅▄▄▄▄▄▇▆▅▄▅▄▆\n\n結果：PASS",
  "machine_result": {
    "success": true,
    "ue_ip": "192.168.3.2",
    "duration_sec_each": 30,
    "results": [
      {
        "direction": "download",
        "result": {
          "success": true,
          "schema_version": "2.0",
          "test_id": "iperf-20260803-174149-4538ef",
          "test_type": "iperf3",
          "timestamp_end": "2026-08-03T17:41:49+08:00",
          "parameters": {
            "ue_ip": "192.168.3.2",
            "band": 5,
            "bandwidth_mhz": 10.0,
            "cell": 1,
            "dl_earfcn": 2525,
            "direction": "download",
            "duration_sec": 30,
            "port": 5201,
            "parallel_streams": 1,
            "interval_sec": 1,
            "reverse": false
          },
          "precheck": {
            "ue_ping": true,
            "ping_command": "ping -c 1 -W 2 192.168.3.2",
            "iperf_server": {
              "success": true,
              "ready": true,
              "action": "already_listening",
              "initial_check": {
                "success": true,
                "reachable": true,
                "host": "192.168.3.2",
                "port": 5201,
                "method": "executor_tcp",
                "command": "python3 -c 'import socket,sys;s=socket.socket();s.settimeout(3);r=s.connect_ex(('\"'\"'192.168.3.2'\"'\"',5201));s.close();sys.exit(0 if r==0 else 1)'",
                "stdout": "",
                "stderr": "",
                "exit_code": 0
              },
              "message": "iPerf Server 192.168.3.2:5201 已在 Listen。"
            }
          },
          "summary": {
            "average_mbps": 12.676,
            "minimum_mbps": 10.945,
            "maximum_mbps": 17.547,
            "total_transfer_mbytes": 47.536,
            "retransmissions": 0,
            "packet_loss_percent": null,
            "sample_count": 30
          },
          "samples": [
            {
              "second_start": 0,
              "second_end": 1.000148,
              "throughput_mbps": 17.547,
              "transfer_mbytes": 2.194,
              "retransmissions": 0,
              "packet_loss_percent": null,
              "omitted": false
            },
            {
              "second_start": 1.000148,
              "second_end": 2.000183,
              "throughput_mbps": 12.51,
              "transfer_mbytes": 1.564,
              "retransmissions": 0,
              "packet_loss_percent": null,
              "omitted": false
            },
            {
              "second_start": 2.000183,
              "second_end": 3.000237,
              "throughput_mbps": 12.51,
              "transfer_mbytes": 1.564,
              "retransmissions": 0,
              "packet_loss_percent": null,
              "omitted": false
            },
            {
              "second_start": 3.000237,
              "second_end": 4.000194,
              "throughput_mbps": 13.554,
              "transfer_mbytes": 1.694,
              "retransmissions": 0,
              "packet_loss_percent": null,
              "omitted": false
            },
            {
              "second_start": 4.000194,
              "second_end": 5.000112,
              "throughput_mbps": 12.512,
              "transfer_mbytes": 1.564,
              "retransmissions": 0,
              "packet_loss_percent": null,
              "omitted": false
            },
            {
              "second_start": 5.000112,
              "second_end": 6.000248,
              "throughput_mbps": 10.945,
              "transfer_mbytes": 1.368,
              "retransmissions": 0,
              "packet_loss_percent": null,
              "omitted": false
            },
            {
              "second_start": 6.000248,
              "second_end": 7.000103,
              "throughput_mbps": 14.598,
              "transfer_mbytes": 1.824,
              "retransmissions": 0,
              "packet_loss_percent": null,
              "omitted": false
            },
            {
              "second_start": 7.000103,
              "second_end": 8.000062,
              "throughput_mbps": 14.596,
              "transfer_mbytes": 1.824,
              "retransmissions": 0,
              "packet_loss_percent": null,
              "omitted": false
            },
            {
              "second_start": 8.000062,
              "second_end": 9.000138,
              "throughput_mbps": 10.946,
              "transfer_mbytes": 1.368,
              "retransmissions": 0,
              "packet_loss_percent": null,
              "omitted": false
            },
            {
              "second_start": 9.000138,
              "second_end": 10.000289,
              "throughput_mbps": 10.945,
              "transfer_mbytes": 1.368,
              "retransmissions": 0,
              "packet_loss_percent": null,
              "omitted": false
            },
            {
              "second_start": 10.000289,
              "second_end": 11.000192,
              "throughput_mbps": 10.948,
              "transfer_mbytes": 1.368,
              "retransmissions": 0,
              "packet_loss_percent": null,
              "omitted": false
            },
            {
              "second_start": 11.000192,
              "second_end": 12.000059,
              "throughput_mbps": 14.598,
              "transfer_mbytes": 1.824,
              "retransmissions": 0,
              "packet_loss_percent": null,
              "omitted": false
            },
            {
              "second_start": 12.000059,
              "second_end": 13.000257,
              "throughput_mbps": 10.945,
              "transfer_mbytes": 1.368,
              "retransmissions": 0,
              "packet_loss_percent": null,
              "omitted": false
            },
            {
              "second_start": 13.000257,
              "second_end": 14.000059,
              "throughput_mbps": 14.599,
              "transfer_mbytes": 1.824,
              "retransmissions": 0,
              "packet_loss_percent": null,
              "omitted": false
            },
            {
              "second_start": 14.000059,
              "second_end": 15.000167,
              "throughput_mbps": 10.946,
              "transfer_mbytes": 1.368,
              "retransmissions": 0,
              "packet_loss_percent": null,
              "omitted": false
            },
            {
              "second_start": 15.000167,
              "second_end": 16.000059,
              "throughput_mbps": 14.597,
              "transfer_mbytes": 1.824,
              "retransmissions": 0,
              "packet_loss_percent": null,
              "omitted": false
            },
            {
              "second_start": 16.000059,
              "second_end": 17.000176,
              "throughput_mbps": 10.946,
              "transfer_mbytes": 1.368,
              "retransmissions": 0,
              "packet_loss_percent": null,
              "omitted": false
            },
            {
              "second_start": 17.000176,
              "second_end": 18.000105,
              "throughput_mbps": 14.597,
              "transfer_mbytes": 1.824,
              "retransmissions": 0,
              "packet_loss_percent": null,
              "omitted": false
            },
            {
              "second_start": 18.000105,
              "second_end": 19.000183,
              "throughput_mbps": 10.946,
              "transfer_mbytes": 1.368,
              "retransmissions": 0,
              "packet_loss_percent": null,
              "omitted": false
            },
            {
              "second_start": 19.000183,
              "second_end": 20.00004,
              "throughput_mbps": 14.598,
              "transfer_mbytes": 1.824,
              "retransmissions": 0,
              "packet_loss_percent": null,
              "omitted": false
            },
            {
              "second_start": 20.00004,
              "second_end": 21.000044,
              "throughput_mbps": 10.947,
              "transfer_mbytes": 1.368,
              "retransmissions": 0,
              "packet_loss_percent": null,
              "omitted": false
            },
            {
              "second_start": 21.000044,
              "second_end": 22.000182,
              "throughput_mbps": 10.945,
              "transfer_mbytes": 1.368,
              "retransmissions": 0,
              "packet_loss_percent": null,
              "omitted": false
            },
            {
              "second_start": 22.000182,
              "second_end": 23.00014,
              "throughput_mbps": 14.596,
              "transfer_mbytes": 1.824,
              "retransmissions": 0,
              "packet_loss_percent": null,
              "omitted": false
            },
            {
              "second_start": 23.00014,
              "second_end": 24.000027,
              "throughput_mbps": 14.597,
              "transfer_mbytes": 1.824,
              "retransmissions": 0,
              "packet_loss_percent": null,
              "omitted": false
            },
            {
              "second_start": 24.000027,
              "second_end": 25.000202,
              "throughput_mbps": 10.945,
              "transfer_mbytes": 1.368,
              "retransmissions": 0,
              "packet_loss_percent": null,
              "omitted": false
            },
            {
              "second_start": 25.000202,
              "second_end": 26.000211,
              "throughput_mbps": 14.596,
              "transfer_mbytes": 1.824,
              "retransmissions": 0,
              "packet_loss_percent": null,
              "omitted": false
            },
            {
              "second_start": 26.000211,
              "second_end": 27.000091,
              "throughput_mbps": 14.598,
              "transfer_mbytes": 1.824,
              "retransmissions": 0,
              "packet_loss_percent": null,
              "omitted": false
            },
            {
              "second_start": 27.000091,
              "second_end": 28.000181,
              "throughput_mbps": 10.946,
              "transfer_mbytes": 1.368,
              "retransmissions": 0,
              "packet_loss_percent": null,
              "omitted": false
            },
            {
              "second_start": 28.000181,
              "second_end": 29.000226,
              "throughput_mbps": 14.595,
              "transfer_mbytes": 1.824,
              "retransmissions": 0,
              "packet_loss_percent": null,
              "omitted": false
            },
            {
              "second_start": 29.000226,
              "second_end": 30.000331,
              "throughput_mbps": 10.946,
              "transfer_mbytes": 1.368,
              "retransmissions": 0,
              "packet_loss_percent": null,
              "omitted": false
            }
          ],
          "raw": {
            "command": "iperf3 -c 192.168.3.2 -p 5201 -P 1 -t 30 -i 1 -J",
            "stdout": "{\n\t\"start\":\t{\n\t\t\"connected\":\t[{\n\t\t\t\t\"socket\":\t5,\n\t\t\t\t\"local_host\":\t\"192.168.3.1\",\n\t\t\t\t\"local_port\":\t51710,\n\t\t\t\t\"remote_host\":\t\"192.168.3.2\",\n\t\t\t\t\"remote_port\":\t5201\n\t\t\t}],\n\t\t\"version\":\t\"iperf 3.10.1\",\n\t\t\"system_info\":\t\"Linux CBA-20240614 6.2.15-100.fc36.x86_64 #1 SMP PREEMPT_DYNAMIC Thu May 11 16:51:53 UTC 2023 x86_64\",\n\t\t\"timestamp\":\t{\n\t\t\t\"time\":\t\"Mon, 03 Aug 2026 09:33:18 GMT\",\n\t\t\t\"timesecs\":\t1785749598\n\t\t},\n\t\t\"connecting_to\":\t{\n\t\t\t\"host\":\t\"192.168.3.2\",\n\t\t\t\"port\":\t5201\n\t\t},\n\t\t\"cookie\":\t\"6thplaaihhn25issaykywgf5m4h2fku74wzs\",\n\t\t\"tcp_mss_default\":\t1448,\n\t\t\"sock_bufsize\":\t0,\n\t\t\"sndbuf_actual\":\t16384,\n\t\t\"rcvbuf_actual\":\t131072,\n\t\t\"test_start\":\t{\n\t\t\t\"protocol\":\t\"TCP\",\n\t\t\t\"num_streams\":\t1,\n\t\t\t\"blksize\":\t131072,\n\t\t\t\"omit\":\t0,\n\t\t\t\"duration\":\t30,\n\t\t\t\"bytes\":\t0,\n\t\t\t\"blocks\":\t0,\n\t\t\t\"reverse\":\t0,\n\t\t\t\"tos\":\t0\n\t\t}\n\t},\n\t\"intervals\":\t[{\n\t\t\t\"streams\":\t[{\n\t\t\t\t\t\"socket\":\t5,\n\t\t\t\t\t\"start\":\t0,\n\t\t\t\t\t\"end\":\t1.000148,\n\t\t\t\t\t\"seconds\":\t1.0001480579376221,\n\t\t\t\t\t\"bytes\":\t2193720,\n\t\t\t\t\t\"bits_per_second\":\t17547162.00338266,\n\t\t\t\t\t\"retransmits\":\t0,\n\t\t\t\t\t\"snd_cwnd\":\t83984,\n\t\t\t\t\t\"snd_wnd\":\t212992,\n\t\t\t\t\t\"rtt\":\t37678,\n\t\t\t\t\t\"rttvar\":\t475,\n\t\t\t\t\t\"pmtu\":\t1500,\n\t\t\t\t\t\"omitted\":\tfalse,\n\t\t\t\t\t\"sender\":\ttrue\n\t\t\t\t}],\n\t\t\t\"sum\":\t{\n\t\t\t\t\"start\":\t0,\n\t\t\t\t\"end\":\t1.000148,\n\t\t\t\t\"seconds\":\t1.0001480579376221,\n\t\t\t\t\"bytes\":\t2193720,\n\t\t\t\t\"bits_per_second\":\t17547162.00338266,\n\t\t\t\t\"retransmits\":\t0,\n\t\t\t\t\"omitted\":\tfalse,\n\t\t\t\t\"sender\":\ttrue\n\t\t\t}\n\t\t}, {\n\t\t\t\"streams\":\t[{\n\t\t\t\t\t\"socket\":\t5,\n\t\t\t\t\t\"start\":\t1.000148,\n\t\t\t\t\t\"end\":\t2.000183,\n\t\t\t\t\t\"seconds\":\t1.0000350475311279,\n\t\t\t\t\t\"bytes\":\t1563840,\n\t\t\t\t\t\"bits_per_second\":\t12510281.545518115,\n\t\t\t\t\t\"retransmits\":\t0,\n\t\t\t\t\t\"snd_cwnd\":\t101360,\n\t\t\t\t\t\"snd_wnd\":\t212992,\n\t\t\t\t\t\"rtt\":\t40204,\n\t\t\t\t\t\"rttvar\":\t2908,\n\t\t\t\t\t\"pmtu\":\t1500,\n\t\t\t\t\t\"omitted\":\tfalse,\n\t\t\t\t\t\"sender\":\ttrue\n\t\t\t\t}],\n\t\t\t\"sum\":\t{\n\t\t\t\t\"start\":\t1.000148,\n\t\t\t\t\"end\":\t2.000183,\n\t\t\t\t\"seconds\":\t1.0000350475311279,\n\t\t\t\t\"bytes\":\t1563840,\n\t\t\t\t\"bits_per_second\":\t12510281.545518115,\n\t\t\t\t\"retransmits\":\t0,\n\t\t\t\t\"omitted\":\tfalse,\n\t\t\t\t\"sender\":\ttrue\n\t\t\t}\n\t\t}, {\n\t\t\t\"streams\":\t[{\n\t\t\t\t\t\"socket\":\t5,\n\t\t\t\t\t\"start\":\t2.000183,\n\t\t\t\t\t\"end\":\t3.000237,\n\t\t\t\t\t\"seconds\":\t1.0000540018081665,\n\t\t\t\t\t\"bytes\":\t1563840,\n\t\t\t\t\t\"bits_per_second\":\t12510044.434980268,\n\t\t\t\t\t\"retransmits\":\t0,\n\t\t\t\t\t\"snd_cwnd\":\t89776,\n\t\t\t\t\t\"snd_wnd\":\t212992,\n\t\t\t\t\t\"rtt\":\t112228,\n\t\t\t\t\t\"rttvar\":\t6841,\n\t\t\t\t\t\"pmtu\":\t1500,\n\t\t\t\t\t\"omitted\":\tfalse,\n\t\t\t\t\t\"sender\":\ttrue\n\t\t\t\t}],\n\t\t\t\"sum\":\t{\n\t\t\t\t\"start\":\t2.000183,\n\t\t\t\t\"end\":\t3.000237,\n\t\t\t\t\"seconds\":\t1.0000540018081665,\n\t\t\t\t\"bytes\":\t1563840,\n\t\t\t\t\"bits_per_second\":\t12510044.434980268,\n\t\t\t\t\"retransmits\":\t0,\n\t\t\t\t\"omitted\":\tfalse,\n\t\t\t\t\"sender\":\ttrue\n\t\t\t}\n\t\t}, {\n\t\t\t\"streams\":\t[{\n\t\t\t\t\t\"socket\":\t5,\n\t\t\t\t\t\"start\":\t3.000237,\n\t\t\t\t\t\"end\":\t4.000194,\n\t\t\t\t\t\"seconds\":\t0.999957025051117,\n\t\t\t\t\t\"bytes\":\t1694160,\n\t\t\t\t\t\"bits_per_second\":\t13553862.4765471,\n\t\t\t\t\t\"retransmits\":\t0,\n\t\t\t\t\t\"snd_cwnd\":\t104256,\n\t\t\t\t\t\"snd_wnd\":\t212992,\n\t\t\t\t\t\"rtt\":\t61142,\n\t\t\t\t\t\"rttvar\":\t6064,\n\t\t\t\t\t\"pmtu\":\t1500,\n\t\t\t\t\t\"omitted\":\tfalse,\n\t\t\t\t\t\"sender\":\ttrue\n\t\t\t\t}],\n\t\t\t\"sum\":\t{\n\t\t\t\t\"start\":\t3.000237,\n\t\t\t\t\"end\":\t4.000194,\n\t\t\t\t\"seconds\":\t0.999957025051117,\n\t\t\t\t\"bytes\":\t1694160,\n\t\t\t\t\"bits_per_second\":\t13553862.4765471,\n\t\t\t\t\"retransmits\":\t0,\n\t\t\t\t\"omitted\":\tfalse,\n\t\t\t\t\"sender\":\ttrue\n\t\t\t}\n\t\t}, {\n\t\t\t\"streams\":\t[{\n\t\t\t\t\t\"socket\":\t5,\n\t\t\t\t\t\"start\":\t4.000194,\n\t\t\t\t\t\"end\":\t5.000112,\n\t\t\t\t\t\"seconds\":\t0.999917984008789,\n\t\t\t\t\t\"bytes\":\t1563840,\n\t\t\t\t\t\"bits_per_second\":\t12511746.16326336,\n\t\t\t\t\t\"retransmits\":\t0,\n\t\t\t\t\t\"snd_cwnd\":\t118736,\n\t\t\t\t\t\"snd_wnd\":\t212992,\n\t\t\t\t\t\"rtt\":\t53336,\n\t\t\t\t\t\"rttvar\":\t4235,\n\t\t\t\t\t\"pmtu\":\t1500,\n\t\t\t\t\t\"omitted\":\tfalse,\n\t\t\t\t\t\"sender\":\ttrue\n\t\t\t\t}],\n\t\t\t\"sum\":\t{\n\t\t\t\t\"start\":\t4.000194,\n\t\t\t\t\"end\":\t5.000112,\n\t\t\t\t\"seconds\":\t0.999917984008789,\n\t\t\t\t\"bytes\":\t1563840,\n\t\t\t\t\"bits_per_second\":\t12511746.16326336,\n\t\t\t\t\"retransmits\":\t0,\n\t\t\t\t\"omitted\":\tfalse,\n\t\t\t\t\"sender\":\ttrue\n\t\t\t}\n\t\t}, {\n\t\t\t\"streams\":\t[{\n\t\t\t\t\t\"socket\":\t5,\n\t\t\t\t\t\"start\":\t5.000112,\n\t\t\t\t\t\"end\":\t6.000248,\n\t\t\t\t\t\"seconds\":\t1.0001360177993774,\n\t\t\t\t\t\"bytes\":\t1368360,\n\t\t\t\t\t\"bits_per_second\":\t10945391.231971303,\n\t\t\t\t\t\"retransmits\":\t0,\n\t\t\t\t\t\"snd_cwnd\":\t104256,\n\t\t\t\t\t\"snd_wnd\":\t212992,\n\t\t\t\t\t\"rtt\":\t57261,\n\t\t\t\t\t\"rttvar\":\t2070,\n\t\t\t\t\t\"pmtu\":\t1500,\n\t\t\t\t\t\"omitted\":\tfalse,\n\t\t\t\t\t\"sender\":\ttrue\n\t\t\t\t}],\n\t\t\t\"sum\":\t{\n\t\t\t\t\"start\":\t5.000112,\n\t\t\t\t\"end\":\t6.000248,\n\t\t\t\t\"seconds\":\t1.0001360177993774,\n\t\t\t\t\"bytes\":\t1368360,\n\t\t\t\t\"bits_per_second\":\t10945391.231971303,\n\t\t\t\t\"retransmits\":\t0,\n\t\t\t\t\"omitted\":\tfalse,\n\t\t\t\t\"sender\":\ttrue\n\t\t\t}\n\t\t}, {\n\t\t\t\"streams\":\t[{\n\t\t\t\t\t\"socket\":\t5,\n\t\t\t\t\t\"start\":\t6.000248,\n\t\t\t\t\t\"end\":\t7.000103,\n\t\t\t\t\t\"seconds\":\t0.99985498189926147,\n\t\t\t\t\t\"bytes\":\t1824480,\n\t\t\t\t\t\"bits_per_second\":\t14597956.967994161,\n\t\t\t\t\t\"retransmits\":\t0,\n\t\t\t\t\t\"snd_cwnd\":\t92672,\n\t\t\t\t\t\"snd_wnd\":\t212992,\n\t\t\t\t\t\"rtt\":\t50338,\n\t\t\t\t\t\"rttvar\":\t3161,\n\t\t\t\t\t\"pmtu\":\t1500,\n\t\t\t\t\t\"omitted\":\tfalse,\n\t\t\t\t\t\"sender\":\ttrue\n\t\t\t\t}],\n\t\t\t\"sum\":\t{\n\t\t\t\t\"start\":\t6.000248,\n\t\t\t\t\"end\":\t7.000103,\n\t\t\t\t\"seconds\":\t0.99985498189926147,\n\t\t\t\t\"bytes\":\t1824480,\n\t\t\t\t\"bits_per_second\":\t14597956.967994161,\n\t\t\t\t\"retransmits\":\t0,\n\t\t\t\t\"omitted\":\tfalse,\n\t\t\t\t\"sender\":\ttrue\n\t\t\t}\n\t\t}, {\n\t\t\t\"streams\":\t[{\n\t\t\t\t\t\"socket\":\t5,\n\t\t\t\t\t\"start\":\t7.000103,\n\t\t\t\t\t\"end\":\t8.000062,\n\t\t\t\t\t\"seconds\":\t0.99995899200439453,\n\t\t\t\t\t\"bytes\":\t1824480,\n\t\t\t\t\t\"bits_per_second\":\t14596438.570688762,\n\t\t\t\t\t\"retransmits\":\t0,\n\t\t\t\t\t\"snd_cwnd\":\t83984,\n\t\t\t\t\t\"snd_wnd\":\t212992,\n\t\t\t\t\t\"rtt\":\t41656,\n\t\t\t\t\t\"rttvar\":\t2301,\n\t\t\t\t\t\"pmtu\":\t1500,\n\t\t\t\t\t\"omitted\":\tfalse,\n\t\t\t\t\t\"sender\":\ttrue\n\t\t\t\t}],\n\t\t\t\"sum\":\t{\n\t\t\t\t\"start\":\t7.000103,\n\t\t\t\t\"end\":\t8.000062,\n\t\t\t\t\"seconds\":\t0.99995899200439453,\n\t\t\t\t\"bytes\":\t1824480,\n\t\t\t\t\"bits_per_second\":\t14596438.570688762,\n\t\t\t\t\"retransmits\":\t0,\n\t\t\t\t\"omitted\":\tfalse,\n\t\t\t\t\"sender\":\ttrue\n\t\t\t}\n\t\t}, {\n\t\t\t\"streams\":\t[{\n\t\t\t\t\t\"socket\":\t5,\n\t\t\t\t\t\"start\":\t8.000062,\n\t\t\t\t\t\"end\":\t9.000138,\n\t\t\t\t\t\"seconds\":\t1.0000760555267334,\n\t\t\t\t\t\"bytes\":\t1368360,\n\t\t\t\t\t\"bits_per_second\":\t10946047.4925923,\n\t\t\t\t\t\"retransmits\":\t0,\n\t\t\t\t\t\"snd_cwnd\":\t86880,\n\t\t\t\t\t\"snd_wnd\":\t212992,\n\t\t\t\t\t\"rtt\":\t35732,\n\t\t\t\t\t\"rttvar\":\t1826,\n\t\t\t\t\t\"pmtu\":\t1500,\n\t\t\t\t\t\"omitted\":\tfalse,\n\t\t\t\t\t\"sender\":\ttrue\n\t\t\t\t}],\n\t\t\t\"sum\":\t{\n\t\t\t\t\"start\":\t8.000062,\n\t\t\t\t\"end\":\t9.000138,\n\t\t\t\t\"seconds\":\t1.0000760555267334,\n\t\t\t\t\"bytes\":\t1368360,\n\t\t\t\t\"bits_per_second\":\t10946047.4925923,\n\t\t\t\t\"retransmits\":\t0,\n\t\t\t\t\"omitted\":\tfalse,\n\t\t\t\t\"sender\":\ttrue\n\t\t\t}\n\t\t}, {\n\t\t\t\"streams\":\t[{\n\t\t\t\t\t\"socket\":\t5,\n\t\t\t\t\t\"start\":\t9.000138,\n\t\t\t\t\t\"end\":\t10.000289,\n\t\t\t\t\t\"seconds\":\t1.0001510381698608,\n\t\t\t\t\t\"bytes\":\t1368360,\n\t\t\t\t\t\"bits_per_second\":\t10945226.852967417,\n\t\t\t\t\t\"retransmits\":\t0,\n\t\t\t\t\t\"snd_cwnd\":\t5792,\n\t\t\t\t\t\"snd_wnd\":\t212992,\n\t\t\t\t\t\"rtt\":\t67561,\n\t\t\t\t\t\"rttvar\":\t17068,\n\t\t\t\t\t\"pmtu\":\t1500,\n\t\t\t\t\t\"omitted\":\tfalse,\n\t\t\t\t\t\"sender\":\ttrue\n\t\t\t\t}],\n\t\t\t\"sum\":\t{\n\t\t\t\t\"start\":\t9.000138,\n\t\t\t\t\"end\":\t10.000289,\n\t\t\t\t\"seconds\":\t1.0001510381698608,\n\t\t\t\t\"bytes\":\t1368360,\n\t\t\t\t\"bits_per_second\":\t10945226.852967417,\n\t\t\t\t\"retransmits\":\t0,\n\t\t\t\t\"omitted\":\tfalse,\n\t\t\t\t\"sender\":\ttrue\n\t\t\t}\n\t\t}, {\n\t\t\t\"streams\":\t[{\n\t\t\t\t\t\"socket\":\t5,\n\t\t\t\t\t\"start\":\t10.000289,\n\t\t\t\t\t\"end\":\t11.000192,\n\t\t\t\t\t\"seconds\":\t0.99990302324295044,\n\t\t\t\t\t\"bytes\":\t1368360,\n\t\t\t\t\t\"bits_per_second\":\t10947941.695882034,\n\t\t\t\t\t\"retransmits\":\t0,\n\t\t\t\t\t\"snd_cwnd\":\t83984,\n\t\t\t\t\t\"snd_wnd\":\t212992,\n\t\t\t\t\t\"rtt\":\t39422,\n\t\t\t\t\t\"rttvar\":\t1531,\n\t\t\t\t\t\"pmtu\":\t1500,\n\t\t\t\t\t\"omitted\":\tfalse,\n\t\t\t\t\t\"sender\":\ttrue\n\t\t\t\t}],\n\t\t\t\"sum\":\t{\n\t\t\t\t\"start\":\t10.000289,\n\t\t\t\t\"end\":\t11.000192,\n\t\t\t\t\"seconds\":\t0.99990302324295044,\n\t\t\t\t\"bytes\":\t1368360,\n\t\t\t\t\"bits_per_second\":\t10947941.695882034,\n\t\t\t\t\"retransmits\":\t0,\n\t\t\t\t\"omitted\":\tfalse,\n\t\t\t\t\"sender\":\ttrue\n\t\t\t}\n\t\t}, {\n\t\t\t\"streams\":\t[{\n\t\t\t\t\t\"socket\":\t5,\n\t\t\t\t\t\"start\":\t11.000192,\n\t\t\t\t\t\"end\":\t12.000059,\n\t\t\t\t\t\"seconds\":\t0.999867022037506,\n\t\t\t\t\t\"bytes\":\t1824480,\n\t\t\t\t\t\"bits_per_second\":\t14597781.183198674,\n\t\t\t\t\t\"retransmits\":\t0,\n\t\t\t\t\t\"snd_cwnd\":\t107152,\n\t\t\t\t\t\"snd_wnd\":\t212992,\n\t\t\t\t\t\"rtt\":\t52434,\n\t\t\t\t\t\"rttvar\":\t955,\n\t\t\t\t\t\"pmtu\":\t1500,\n\t\t\t\t\t\"omitted\":\tfalse,\n\t\t\t\t\t\"sender\":\ttrue\n\t\t\t\t}],\n\t\t\t\"sum\":\t{\n\t\t\t\t\"start\":\t11.000192,\n\t\t\t\t\"end\":\t12.000059,\n\t\t\t\t\"seconds\":\t0.999867022037506,\n\t\t\t\t\"bytes\":\t1824480,\n\t\t\t\t\"bits_per_second\":\t14597781.183198674,\n\t\t\t\t\"retransmits\":\t0,\n\t\t\t\t\"omitted\":\tfalse,\n\t\t\t\t\"sender\":\ttrue\n\t\t\t}\n\t\t}, {\n\t\t\t\"streams\":\t[{\n\t\t\t\t\t\"socket\":\t5,\n\t\t\t\t\t\"start\":\t12.000059,\n\t\t\t\t\t\"end\":\t13.000257,\n\t\t\t\t\t\"seconds\":\t1.0001980066299438,\n\t\t\t\t\t\"bytes\":\t1368360,\n\t\t\t\t\t\"bits_per_second\":\t10944712.87428806,\n\t\t\t\t\t\"retransmits\":\t0,\n\t\t\t\t\t\"snd_cwnd\":\t86880,\n\t\t\t\t\t\"snd_wnd\":\t212992,\n\t\t\t\t\t\"rtt\":\t66922,\n\t\t\t\t\t\"rttvar\":\t12931,\n\t\t\t\t\t\"pmtu\":\t1500,\n\t\t\t\t\t\"omitted\":\tfalse,\n\t\t\t\t\t\"sender\":\ttrue\n\t\t\t\t}],\n\t\t\t\"sum\":\t{\n\t\t\t\t\"start\":\t12.000059,\n\t\t\t\t\"end\":\t13.000257,\n\t\t\t\t\"seconds\":\t1.0001980066299438,\n\t\t\t\t\"bytes\":\t1368360,\n\t\t\t\t\"bits_per_second\":\t10944712.87428806,\n\t\t\t\t\"retransmits\":\t0,\n\t\t\t\t\"omitted\":\tfalse,\n\t\t\t\t\"sender\":\ttrue\n\t\t\t}\n\t\t}, {\n\t\t\t\"streams\":\t[{\n\t\t\t\t\t\"socket\":\t5,\n\t\t\t\t\t\"start\":\t13.000257,\n\t\t\t\t\t\"end\":\t14.000059,\n\t\t\t\t\t\"seconds\":\t0.999801993370056,\n\t\t\t\t\t\"bytes\":\t1824480,\n\t\t\t\t\t\"bits_per_second\":\t14598730.645456566,\n\t\t\t\t\t\"retransmits\":\t0,\n\t\t\t\t\t\"snd_cwnd\":\t110048,\n\t\t\t\t\t\"snd_wnd\":\t212992,\n\t\t\t\t\t\"rtt\":\t30780,\n\t\t\t\t\t\"rttvar\":\t3054,\n\t\t\t\t\t\"pmtu\":\t1500,\n\t\t\t\t\t\"omitted\":\tfalse,\n\t\t\t\t\t\"sender\":\ttrue\n\t\t\t\t}],\n\t\t\t\"sum\":\t{\n\t\t\t\t\"start\":\t13.000257,\n\t\t\t\t\"end\":\t14.000059,\n\t\t\t\t\"seconds\":\t0.999801993370056,\n\t\t\t\t\"bytes\":\t1824480,\n\t\t\t\t\"bits_per_second\":\t14598730.645456566,\n\t\t\t\t\"retransmits\":\t0,\n\t\t\t\t\"omitted\":\tfalse,\n\t\t\t\t\"sender\":\ttrue\n\t\t\t}\n\t\t}, {\n\t\t\t\"streams\":\t[{\n\t\t\t\t\t\"socket\":\t5,\n\t\t\t\t\t\"start\":\t14.000059,\n\t\t\t\t\t\"end\":\t15.000167,\n\t\t\t\t\t\"seconds\":\t1.000108003616333,\n\t\t\t\t\t\"bytes\":\t1368360,\n\t\t\t\t\t\"bits_per_second\":\t10945697.825051606,\n\t\t\t\t\t\"retransmits\":\t0,\n\t\t\t\t\t\"snd_cwnd\":\t110048,\n\t\t\t\t\t\"snd_wnd\":\t212992,\n\t\t\t\t\t\"rtt\":\t46340,\n\t\t\t\t\t\"rttvar\":\t417,\n\t\t\t\t\t\"pmtu\":\t1500,\n\t\t\t\t\t\"omitted\":\tfalse,\n\t\t\t\t\t\"sender\":\ttrue\n\t\t\t\t}],\n\t\t\t\"sum\":\t{\n\t\t\t\t\"start\":\t14.000059,\n\t\t\t\t\"end\":\t15.000167,\n\t\t\t\t\"seconds\":\t1.000108003616333,\n\t\t\t\t\"bytes\":\t1368360,\n\t\t\t\t\"bits_per_second\":\t10945697.825051606,\n\t\t\t\t\"retransmits\":\t0,\n\t\t\t\t\"omitted\":\tfalse,\n\t\t\t\t\"sender\":\ttrue\n\t\t\t}\n\t\t}, {\n\t\t\t\"streams\":\t[{\n\t\t\t\t\t\"socket\":\t5,\n\t\t\t\t\t\"start\":\t15.000167,\n\t\t\t\t\t\"end\":\t16.000059,\n\t\t\t\t\t\"seconds\":\t0.999891996383667,\n\t\t\t\t\t\"bytes\":\t1824480,\n\t\t\t\t\t\"bits_per_second\":\t14597416.573779088,\n\t\t\t\t\t\"retransmits\":\t0,\n\t\t\t\t\t\"snd_cwnd\":\t118736,\n\t\t\t\t\t\"snd_wnd\":\t212992,\n\t\t\t\t\t\"rtt\":\t40044,\n\t\t\t\t\t\"rttvar\":\t11935,\n\t\t\t\t\t\"pmtu\":\t1500,\n\t\t\t\t\t\"omitted\":\tfalse,\n\t\t\t\t\t\"sender\":\ttrue\n\t\t\t\t}],\n\t\t\t\"sum\":\t{\n\t\t\t\t\"start\":\t15.000167,\n\t\t\t\t\"end\":\t16.000059,\n\t\t\t\t\"seconds\":\t0.999891996383667,\n\t\t\t\t\"bytes\":\t1824480,\n\t\t\t\t\"bits_per_second\":\t14597416.573779088,\n\t\t\t\t\"retransmits\":\t0,\n\t\t\t\t\"omitted\":\tfalse,\n\t\t\t\t\"sender\":\ttrue\n\t\t\t}\n\t\t}, {\n\t\t\t\"streams\":\t[{\n\t\t\t\t\t\"socket\":\t5,\n\t\t\t\t\t\"start\":\t16.000059,\n\t\t\t\t\t\"end\":\t17.000176,\n\t\t\t\t\t\"seconds\":\t1.0001169443130493,\n\t\t\t\t\t\"bytes\":\t1368360,\n\t\t\t\t\t\"bits_per_second\":\t10945599.97433009,\n\t\t\t\t\t\"retransmits\":\t0,\n\t\t\t\t\t\"snd_cwnd\":\t115840,\n\t\t\t\t\t\"snd_wnd\":\t212992,\n\t\t\t\t\t\"rtt\":\t82961,\n\t\t\t\t\t\"rttvar\":\t4438,\n\t\t\t\t\t\"pmtu\":\t1500,\n\t\t\t\t\t\"omitted\":\tfalse,\n\t\t\t\t\t\"sender\":\ttrue\n\t\t\t\t}],\n\t\t\t\"sum\":\t{\n\t\t\t\t\"start\":\t16.000059,\n\t\t\t\t\"end\":\t17.000176,\n\t\t\t\t\"seconds\":\t1.0001169443130493,\n\t\t\t\t\"bytes\":\t1368360,\n\t\t\t\t\"bits_per_second\":\t10945599.97433009,\n\t\t\t\t\"retransmits\":\t0,\n\t\t\t\t\"omitted\":\tfalse,\n\t\t\t\t\"sender\":\ttrue\n\t\t\t}\n\t\t}, {\n\t\t\t\"streams\":\t[{\n\t\t\t\t\t\"socket\":\t5,\n\t\t\t\t\t\"start\":\t17.000176,\n\t\t\t\t\t\"end\":\t18.000105,\n\t\t\t\t\t\"seconds\":\t0.99992901086807251,\n\t\t\t\t\t\"bytes\":\t1824480,\n\t\t\t\t\t\"bits_per_second\":\t14596876.21957168,\n\t\t\t\t\t\"retransmits\":\t0,\n\t\t\t\t\t\"snd_cwnd\":\t107152,\n\t\t\t\t\t\"snd_wnd\":\t212992,\n\t\t\t\t\t\"rtt\":\t51099,\n\t\t\t\t\t\"rttvar\":\t4728,\n\t\t\t\t\t\"pmtu\":\t1500,\n\t\t\t\t\t\"omitted\":\tfalse,\n\t\t\t\t\t\"sender\":\ttrue\n\t\t\t\t}],\n\t\t\t\"sum\":\t{\n\t\t\t\t\"start\":\t17.000176,\n\t\t\t\t\"end\":\t18.000105,\n\t\t\t\t\"seconds\":\t0.99992901086807251,\n\t\t\t\t\"bytes\":\t1824480,\n\t\t\t\t\"bits_per_second\":\t14596876.21957168,\n\t\t\t\t\"retransmits\":\t0,\n\t\t\t\t\"omitted\":\tfalse,\n\t\t\t\t\"sender\":\ttrue\n\t\t\t}\n\t\t}, {\n\t\t\t\"streams\":\t[{\n\t\t\t\t\t\"socket\":\t5,\n\t\t\t\t\t\"start\":\t18.000105,\n\t\t\t\t\t\"end\":\t19.000183,\n\t\t\t\t\t\"seconds\":\t1.0000779628753662,\n\t\t\t\t\t\"bytes\":\t1368360,\n\t\t\t\t\t\"bits_per_second\":\t10946026.61629116,\n\t\t\t\t\t\"retransmits\":\t0,\n\t\t\t\t\t\"snd_cwnd\":\t110048,\n\t\t\t\t\t\"snd_wnd\":\t212992,\n\t\t\t\t\t\"rtt\":\t37159,\n\t\t\t\t\t\"rttvar\":\t2119,\n\t\t\t\t\t\"pmtu\":\t1500,\n\t\t\t\t\t\"omitted\":\tfalse,\n\t\t\t\t\t\"sender\":\ttrue\n\t\t\t\t}],\n\t\t\t\"sum\":\t{\n\t\t\t\t\"start\":\t18.000105,\n\t\t\t\t\"end\":\t19.000183,\n\t\t\t\t\"seconds\":\t1.0000779628753662,\n\t\t\t\t\"bytes\":\t1368360,\n\t\t\t\t\"bits_per_second\":\t10946026.61629116,\n\t\t\t\t\"retransmits\":\t0,\n\t\t\t\t\"omitted\":\tfalse,\n\t\t\t\t\"sender\":\ttrue\n\t\t\t}\n\t\t}, {\n\t\t\t\"streams\":\t[{\n\t\t\t\t\t\"socket\":\t5,\n\t\t\t\t\t\"start\":\t19.000183,\n\t\t\t\t\t\"end\":\t20.00004,\n\t\t\t\t\t\"seconds\":\t0.999857008457184,\n\t\t\t\t\t\"bytes\":\t1824480,\n\t\t\t\t\t\"bits_per_second\":\t14597927.380158007,\n\t\t\t\t\t\"retransmits\":\t0,\n\t\t\t\t\t\"snd_cwnd\":\t107152,\n\t\t\t\t\t\"snd_wnd\":\t212992,\n\t\t\t\t\t\"rtt\":\t37758,\n\t\t\t\t\t\"rttvar\":\t4114,\n\t\t\t\t\t\"pmtu\":\t1500,\n\t\t\t\t\t\"omitted\":\tfalse,\n\t\t\t\t\t\"sender\":\ttrue\n\t\t\t\t}],\n\t\t\t\"sum\":\t{\n\t\t\t\t\"start\":\t19.000183,\n\t\t\t\t\"end\":\t20.00004,\n\t\t\t\t\"seconds\":\t0.999857008457184,\n\t\t\t\t\"bytes\":\t1824480,\n\t\t\t\t\"bits_per_second\":\t14597927.380158007,\n\t\t\t\t\"retransmits\":\t0,\n\t\t\t\t\"omitted\":\tfalse,\n\t\t\t\t\"sender\":\ttrue\n\t\t\t}\n\t\t}, {\n\t\t\t\"streams\":\t[{\n\t\t\t\t\t\"socket\":\t5,\n\t\t\t\t\t\"start\":\t20.00004,\n\t\t\t\t\t\"end\":\t21.000044,\n\t\t\t\t\t\"seconds\":\t1.0000040531158447,\n\t\t\t\t\t\"bytes\":\t1368360,\n\t\t\t\t\t\"bits_per_second\":\t10946835.631207053,\n\t\t\t\t\t\"retransmits\":\t0,\n\t\t\t\t\t\"snd_cwnd\":\t112944,\n\t\t\t\t\t\"snd_wnd\":\t212992,\n\t\t\t\t\t\"rtt\":\t27222,\n\t\t\t\t\t\"rttvar\":\t2531,\n\t\t\t\t\t\"pmtu\":\t1500,\n\t\t\t\t\t\"omitted\":\tfalse,\n\t\t\t\t\t\"sender\":\ttrue\n\t\t\t\t}],\n\t\t\t\"sum\":\t{\n\t\t\t\t\"start\":\t20.00004,\n\t\t\t\t\"end\":\t21.000044,\n\t\t\t\t\"seconds\":\t1.0000040531158447,\n\t\t\t\t\"bytes\":\t1368360,\n\t\t\t\t\"bits_per_second\":\t10946835.631207053,\n\t\t\t\t\"retransmits\":\t0,\n\t\t\t\t\"omitted\":\tfalse,\n\t\t\t\t\"sender\":\ttrue\n\t\t\t}\n\t\t}, {\n\t\t\t\"streams\":\t[{\n\t\t\t\t\t\"socket\":\t5,\n\t\t\t\t\t\"start\":\t21.000044,\n\t\t\t\t\t\"end\":\t22.000182,\n\t\t\t\t\t\"seconds\":\t1.0001380443573,\n\t\t\t\t\t\"bytes\":\t1368360,\n\t\t\t\t\t\"bits_per_second\":\t10945369.053563591,\n\t\t\t\t\t\"retransmits\":\t0,\n\t\t\t\t\t\"snd_cwnd\":\t98464,\n\t\t\t\t\t\"snd_wnd\":\t212992,\n\t\t\t\t\t\"rtt\":\t39896,\n\t\t\t\t\t\"rttvar\":\t6385,\n\t\t\t\t\t\"pmtu\":\t1500,\n\t\t\t\t\t\"omitted\":\tfalse,\n\t\t\t\t\t\"sender\":\ttrue\n\t\t\t\t}],\n\t\t\t\"sum\":\t{\n\t\t\t\t\"start\":\t21.000044,\n\t\t\t\t\"end\":\t22.000182,\n\t\t\t\t\"seconds\":\t1.0001380443573,\n\t\t\t\t\"bytes\":\t1368360,\n\t\t\t\t\"bits_per_second\":\t10945369.053563591,\n\t\t\t\t\"retransmits\":\t0,\n\t\t\t\t\"omitted\":\tfalse,\n\t\t\t\t\"sender\":\ttrue\n\t\t\t}\n\t\t}, {\n\t\t\t\"streams\":\t[{\n\t\t\t\t\t\"socket\":\t5,\n\t\t\t\t\t\"start\":\t22.000182,\n\t\t\t\t\t\"end\":\t23.00014,\n\t\t\t\t\t\"seconds\":\t0.99995797872543335,\n\t\t\t\t\t\"bytes\":\t1824480,\n\t\t\t\t\t\"bits_per_second\":\t14596453.361574406,\n\t\t\t\t\t\"retransmits\":\t0,\n\t\t\t\t\t\"snd_cwnd\":\t104256,\n\t\t\t\t\t\"snd_wnd\":\t212992,\n\t\t\t\t\t\"rtt\":\t45134,\n\t\t\t\t\t\"rttvar\":\t2270,\n\t\t\t\t\t\"pmtu\":\t1500,\n\t\t\t\t\t\"omitted\":\tfalse,\n\t\t\t\t\t\"sender\":\ttrue\n\t\t\t\t}],\n\t\t\t\"sum\":\t{\n\t\t\t\t\"start\":\t22.000182,\n\t\t\t\t\"end\":\t23.00014,\n\t\t\t\t\"seconds\":\t0.99995797872543335,\n\t\t\t\t\"bytes\":\t1824480,\n\t\t\t\t\"bits_per_second\":\t14596453.361574406,\n\t\t\t\t\"retransmits\":\t0,\n\t\t\t\t\"omitted\":\tfalse,\n\t\t\t\t\"sender\":\ttrue\n\t\t\t}\n\t\t}, {\n\t\t\t\"streams\":\t[{\n\t\t\t\t\t\"socket\":\t5,\n\t\t\t\t\t\"start\":\t23.00014,\n\t\t\t\t\t\"end\":\t24.000027,\n\t\t\t\t\t\"seconds\":\t0.999886989593506,\n\t\t\t\t\t\"bytes\":\t1824480,\n\t\t\t\t\t\"bits_per_second\":\t14597489.668241203,\n\t\t\t\t\t\"retransmits\":\t0,\n\t\t\t\t\t\"snd_cwnd\":\t95568,\n\t\t\t\t\t\"snd_wnd\":\t212992,\n\t\t\t\t\t\"rtt\":\t52244,\n\t\t\t\t\t\"rttvar\":\t695,\n\t\t\t\t\t\"pmtu\":\t1500,\n\t\t\t\t\t\"omitted\":\tfalse,\n\t\t\t\t\t\"sender\":\ttrue\n\t\t\t\t}],\n\t\t\t\"sum\":\t{\n\t\t\t\t\"start\":\t23.00014,\n\t\t\t\t\"end\":\t24.000027,\n\t\t\t\t\"seconds\":\t0.999886989593506,\n\t\t\t\t\"bytes\":\t1824480,\n\t\t\t\t\"bits_per_second\":\t14597489.668241203,\n\t\t\t\t\"retransmits\":\t0,\n\t\t\t\t\"omitted\":\tfalse,\n\t\t\t\t\"sender\":\ttrue\n\t\t\t}\n\t\t}, {\n\t\t\t\"streams\":\t[{\n\t\t\t\t\t\"socket\":\t5,\n\t\t\t\t\t\"start\":\t24.000027,\n\t\t\t\t\t\"end\":\t25.000202,\n\t\t\t\t\t\"seconds\":\t1.0001749992370605,\n\t\t\t\t\t\"bytes\":\t1368360,\n\t\t\t\t\t\"bits_per_second\":\t10944964.639538426,\n\t\t\t\t\t\"retransmits\":\t0,\n\t\t\t\t\t\"snd_cwnd\":\t92672,\n\t\t\t\t\t\"snd_wnd\":\t212992,\n\t\t\t\t\t\"rtt\":\t40775,\n\t\t\t\t\t\"rttvar\":\t1849,\n\t\t\t\t\t\"pmtu\":\t1500,\n\t\t\t\t\t\"omitted\":\tfalse,\n\t\t\t\t\t\"sender\":\ttrue\n\t\t\t\t}],\n\t\t\t\"sum\":\t{\n\t\t\t\t\"start\":\t24.000027,\n\t\t\t\t\"end\":\t25.000202,\n\t\t\t\t\"seconds\":\t1.0001749992370605,\n\t\t\t\t\"bytes\":\t1368360,\n\t\t\t\t\"bits_per_second\":\t10944964.639538426,\n\t\t\t\t\"retransmits\":\t0,\n\t\t\t\t\"omitted\":\tfalse,\n\t\t\t\t\"sender\":\ttrue\n\t\t\t}\n\t\t}, {\n\t\t\t\"streams\":\t[{\n\t\t\t\t\t\"socket\":\t5,\n\t\t\t\t\t\"start\":\t25.000202,\n\t\t\t\t\t\"end\":\t26.000211,\n\t\t\t\t\t\"seconds\":\t1.0000089406967163,\n\t\t\t\t\t\"bytes\":\t1824480,\n\t\t\t\t\t\"bits_per_second\":\t14595709.504187964,\n\t\t\t\t\t\"retransmits\":\t0,\n\t\t\t\t\t\"snd_cwnd\":\t115840,\n\t\t\t\t\t\"snd_wnd\":\t212992,\n\t\t\t\t\t\"rtt\":\t66705,\n\t\t\t\t\t\"rttvar\":\t2216,\n\t\t\t\t\t\"pmtu\":\t1500,\n\t\t\t\t\t\"omitted\":\tfalse,\n\t\t\t\t\t\"sender\":\ttrue\n\t\t\t\t}],\n\t\t\t\"sum\":\t{\n\t\t\t\t\"start\":\t25.000202,\n\t\t\t\t\"end\":\t26.000211,\n\t\t\t\t\"seconds\":\t1.0000089406967163,\n\t\t\t\t\"bytes\":\t1824480,\n\t\t\t\t\"bits_per_second\":\t14595709.504187964,\n\t\t\t\t\"retransmits\":\t0,\n\t\t\t\t\"omitted\":\tfalse,\n\t\t\t\t\"sender\":\ttrue\n\t\t\t}\n\t\t}, {\n\t\t\t\"streams\":\t[{\n\t\t\t\t\t\"socket\":\t5,\n\t\t\t\t\t\"start\":\t26.000211,\n\t\t\t\t\t\"end\":\t27.000091,\n\t\t\t\t\t\"seconds\":\t0.999880015850067,\n\t\t\t\t\t\"bytes\":\t1824480,\n\t\t\t\t\t\"bits_per_second\":\t14597591.479604747,\n\t\t\t\t\t\"retransmits\":\t0,\n\t\t\t\t\t\"snd_cwnd\":\t112944,\n\t\t\t\t\t\"snd_wnd\":\t212992,\n\t\t\t\t\t\"rtt\":\t58076,\n\t\t\t\t\t\"rttvar\":\t2951,\n\t\t\t\t\t\"pmtu\":\t1500,\n\t\t\t\t\t\"omitted\":\tfalse,\n\t\t\t\t\t\"sender\":\ttrue\n\t\t\t\t}],\n\t\t\t\"sum\":\t{\n\t\t\t\t\"start\":\t26.000211,\n\t\t\t\t\"end\":\t27.000091,\n\t\t\t\t\"seconds\":\t0.999880015850067,\n\t\t\t\t\"bytes\":\t1824480,\n\t\t\t\t\"bits_per_second\":\t14597591.479604747,\n\t\t\t\t\"retransmits\":\t0,\n\t\t\t\t\"omitted\":\tfalse,\n\t\t\t\t\"sender\":\ttrue\n\t\t\t}\n\t\t}, {\n\t\t\t\"streams\":\t[{\n\t\t\t\t\t\"socket\":\t5,\n\t\t\t\t\t\"start\":\t27.000091,\n\t\t\t\t\t\"end\":\t28.000181,\n\t\t\t\t\t\"seconds\":\t1.0000900030136108,\n\t\t\t\t\t\"bytes\":\t1368360,\n\t\t\t\t\t\"bits_per_second\":\t10945894.836478049,\n\t\t\t\t\t\"retransmits\":\t0,\n\t\t\t\t\t\"snd_cwnd\":\t95568,\n\t\t\t\t\t\"snd_wnd\":\t212992,\n\t\t\t\t\t\"rtt\":\t56301,\n\t\t\t\t\t\"rttvar\":\t9131,\n\t\t\t\t\t\"pmtu\":\t1500,\n\t\t\t\t\t\"omitted\":\tfalse,\n\t\t\t\t\t\"sender\":\ttrue\n\t\t\t\t}],\n\t\t\t\"sum\":\t{\n\t\t\t\t\"start\":\t27.000091,\n\t\t\t\t\"end\":\t28.000181,\n\t\t\t\t\"seconds\":\t1.0000900030136108,\n\t\t\t\t\"bytes\":\t1368360,\n\t\t\t\t\"bits_per_second\":\t10945894.836478049,\n\t\t\t\t\"retransmits\":\t0,\n\t\t\t\t\"omitted\":\tfalse,\n\t\t\t\t\"sender\":\ttrue\n\t\t\t}\n\t\t}, {\n\t\t\t\"streams\":\t[{\n\t\t\t\t\t\"socket\":\t5,\n\t\t\t\t\t\"start\":\t28.000181,\n\t\t\t\t\t\"end\":\t29.000226,\n\t\t\t\t\t\"seconds\":\t1.0000449419021606,\n\t\t\t\t\t\"bytes\":\t1824480,\n\t\t\t\t\t\"bits_per_second\":\t14595184.06466575,\n\t\t\t\t\t\"retransmits\":\t0,\n\t\t\t\t\t\"snd_cwnd\":\t101360,\n\t\t\t\t\t\"snd_wnd\":\t212992,\n\t\t\t\t\t\"rtt\":\t76292,\n\t\t\t\t\t\"rttvar\":\t14231,\n\t\t\t\t\t\"pmtu\":\t1500,\n\t\t\t\t\t\"omitted\":\tfalse,\n\t\t\t\t\t\"sender\":\ttrue\n\t\t\t\t}],\n\t\t\t\"sum\":\t{\n\t\t\t\t\"start\":\t28.000181,\n\t\t\t\t\"end\":\t29.000226,\n\t\t\t\t\"seconds\":\t1.0000449419021606,\n\t\t\t\t\"bytes\":\t1824480,\n\t\t\t\t\"bits_per_second\":\t14595184.06466575,\n\t\t\t\t\"retransmits\":\t0,\n\t\t\t\t\"omitted\":\tfalse,\n\t\t\t\t\"sender\":\ttrue\n\t\t\t}\n\t\t}, {\n\t\t\t\"streams\":\t[{\n\t\t\t\t\t\"socket\":\t5,\n\t\t\t\t\t\"start\":\t29.000226,\n\t\t\t\t\t\"end\":\t30.000331,\n\t\t\t\t\t\"seconds\":\t1.0001050233840942,\n\t\t\t\t\t\"bytes\":\t1368360,\n\t\t\t\t\t\"bits_per_second\":\t10945730.442347562,\n\t\t\t\t\t\"retransmits\":\t0,\n\t\t\t\t\t\"snd_cwnd\":\t95568,\n\t\t\t\t\t\"snd_wnd\":\t212992,\n\t\t\t\t\t\"rtt\":\t85747,\n\t\t\t\t\t\"rttvar\":\t1605,\n\t\t\t\t\t\"pmtu\":\t1500,\n\t\t\t\t\t\"omitted\":\tfalse,\n\t\t\t\t\t\"sender\":\ttrue\n\t\t\t\t}],\n\t\t\t\"sum\":\t{\n\t\t\t\t\"start\":\t29.000226,\n\t\t\t\t\"end\":\t30.000331,\n\t\t\t\t\"seconds\":\t1.0001050233840942,\n\t\t\t\t\"bytes\":\t1368360,\n\t\t\t\t\"bits_per_second\":\t10945730.442347562,\n\t\t\t\t\"retransmits\":\t0,\n\t\t\t\t\"omitted\":\tfalse,\n\t\t\t\t\"sender\":\ttrue\n\t\t\t}\n\t\t}],\n\t\"end\":\t{\n\t\t\"streams\":\t[{\n\t\t\t\t\"sender\":\t{\n\t\t\t\t\t\"socket\":\t5,\n\t\t\t\t\t\"start\":\t0,\n\t\t\t\t\t\"end\":\t30.000331,\n\t\t\t\t\t\"seconds\":\t30.000331,\n\t\t\t\t\t\"bytes\":\t48261840,\n\t\t\t\t\t\"bits_per_second\":\t12869682.004508551,\n\t\t\t\t\t\"retransmits\":\t0,\n\t\t\t\t\t\"max_snd_cwnd\":\t118736,\n\t\t\t\t\t\"max_snd_wnd\":\t212992,\n\t\t\t\t\t\"max_rtt\":\t112228,\n\t\t\t\t\t\"min_rtt\":\t27222,\n\t\t\t\t\t\"mean_rtt\":\t53014,\n\t\t\t\t\t\"sender\":\ttrue\n\t\t\t\t},\n\t\t\t\t\"receiver\":\t{\n\t\t\t\t\t\"socket\":\t5,\n\t\t\t\t\t\"start\":\t0,\n\t\t\t\t\t\"end\":\t30.000331,\n\t\t\t\t\t\"seconds\":\t30.000331,\n\t\t\t\t\t\"bytes\":\t47536392,\n\t\t\t\t\t\"bits_per_second\":\t12676231.338914227,\n\t\t\t\t\t\"sender\":\ttrue\n\t\t\t\t}\n\t\t\t}],\n\t\t\"sum_sent\":\t{\n\t\t\t\"start\":\t0,\n\t\t\t\"end\":\t30.000331,\n\t\t\t\"seconds\":\t30.000331,\n\t\t\t\"bytes\":\t48261840,\n\t\t\t\"bits_per_second\":\t12869682.004508551,\n\t\t\t\"retransmits\":\t0,\n\t\t\t\"sender\":\ttrue\n\t\t},\n\t\t\"sum_received\":\t{\n\t\t\t\"start\":\t0,\n\t\t\t\"end\":\t30.000331,\n\t\t\t\"seconds\":\t30.000331,\n\t\t\t\"bytes\":\t47536392,\n\t\t\t\"bits_per_second\":\t12676231.338914227,\n\t\t\t\"sender\":\ttrue\n\t\t},\n\t\t\"cpu_utilization_percent\":\t{\n\t\t\t\"host_total\":\t0.17993409016204068,\n\t\t\t\"host_user\":\t0.029727692147474467,\n\t\t\t\"host_system\":\t0.15020971991557722,\n\t\t\t\"remote_total\":\t15.096716,\n\t\t\t\"remote_user\":\t8.011651,\n\t\t\t\"remote_system\":\t7.085066\n\t\t},\n\t\t\"sender_tcp_congestion\":\t\"bbr\"\n\t}\n}\n",
            "stderr": "",
            "exit_code": 0,
            "iperf_json": {
              "start": {
                "connected": [
                  {
                    "socket": 5,
                    "local_host": "192.168.3.1",
                    "local_port": 51710,
                    "remote_host": "192.168.3.2",
                    "remote_port": 5201
                  }
                ],
                "version": "iperf 3.10.1",
                "system_info": "Linux CBA-20240614 6.2.15-100.fc36.x86_64 #1 SMP PREEMPT_DYNAMIC Thu May 11 16:51:53 UTC 2023 x86_64",
                "timestamp": {
                  "time": "Mon, 03 Aug 2026 09:33:18 GMT",
                  "timesecs": 1785749598
                },
                "connecting_to": {
                  "host": "192.168.3.2",
                  "port": 5201
                },
                "cookie": "6thplaaihhn25issaykywgf5m4h2fku74wzs",
                "tcp_mss_default": 1448,
                "sock_bufsize": 0,
                "sndbuf_actual": 16384,
                "rcvbuf_actual": 131072,
                "test_start": {
                  "protocol": "TCP",
                  "num_streams": 1,
                  "blksize": 131072,
                  "omit": 0,
                  "duration": 30,
                  "bytes": 0,
                  "blocks": 0,
                  "reverse": 0,
                  "tos": 0
                }
              },
              "intervals": [
                {
                  "streams": [
                    {
                      "socket": 5,
                      "start": 0,
                      "end": 1.000148,
                      "seconds": 1.000148057937622,
                      "bytes": 2193720,
                      "bits_per_second": 17547162.00338266,
                      "retransmits": 0,
                      "snd_cwnd": 83984,
                      "snd_wnd": 212992,
                      "rtt": 37678,
                      "rttvar": 475,
                      "pmtu": 1500,
                      "omitted": false,
                      "sender": true
                    }
                  ],
                  "sum": {
                    "start": 0,
                    "end": 1.000148,
                    "seconds": 1.000148057937622,
                    "bytes": 2193720,
                    "bits_per_second": 17547162.00338266,
                    "retransmits": 0,
                    "omitted": false,
                    "sender": true
                  }
                },
                {
                  "streams": [
                    {
                      "socket": 5,
                      "start": 1.000148,
                      "end": 2.000183,
                      "seconds": 1.000035047531128,
                      "bytes": 1563840,
                      "bits_per_second": 12510281.545518115,
                      "retransmits": 0,
                      "snd_cwnd": 101360,
                      "snd_wnd": 212992,
                      "rtt": 40204,
                      "rttvar": 2908,
                      "pmtu": 1500,
                      "omitted": false,
                      "sender": true
                    }
                  ],
                  "sum": {
                    "start": 1.000148,
                    "end": 2.000183,
                    "seconds": 1.000035047531128,
                    "bytes": 1563840,
                    "bits_per_second": 12510281.545518115,
                    "retransmits": 0,
                    "omitted": false,
                    "sender": true
                  }
                },
                {
                  "streams": [
                    {
                      "socket": 5,
                      "start": 2.000183,
                      "end": 3.000237,
                      "seconds": 1.0000540018081665,
                      "bytes": 1563840,
                      "bits_per_second": 12510044.434980268,
                      "retransmits": 0,
                      "snd_cwnd": 89776,
                      "snd_wnd": 212992,
                      "rtt": 112228,
                      "rttvar": 6841,
                      "pmtu": 1500,
                      "omitted": false,
                      "sender": true
                    }
                  ],
                  "sum": {
                    "start": 2.000183,
                    "end": 3.000237,
                    "seconds": 1.0000540018081665,
                    "bytes": 1563840,
                    "bits_per_second": 12510044.434980268,
                    "retransmits": 0,
                    "omitted": false,
                    "sender": true
                  }
                },
                {
                  "streams": [
                    {
                      "socket": 5,
                      "start": 3.000237,
                      "end": 4.000194,
                      "seconds": 0.999957025051117,
                      "bytes": 1694160,
                      "bits_per_second": 13553862.4765471,
                      "retransmits": 0,
                      "snd_cwnd": 104256,
                      "snd_wnd": 212992,
                      "rtt": 61142,
                      "rttvar": 6064,
                      "pmtu": 1500,
                      "omitted": false,
                      "sender": true
                    }
                  ],
                  "sum": {
                    "start": 3.000237,
                    "end": 4.000194,
                    "seconds": 0.999957025051117,
                    "bytes": 1694160,
                    "bits_per_second": 13553862.4765471,
                    "retransmits": 0,
                    "omitted": false,
                    "sender": true
                  }
                },
                {
                  "streams": [
                    {
                      "socket": 5,
                      "start": 4.000194,
                      "end": 5.000112,
                      "seconds": 0.999917984008789,
                      "bytes": 1563840,
                      "bits_per_second": 12511746.16326336,
                      "retransmits": 0,
                      "snd_cwnd": 118736,
                      "snd_wnd": 212992,
                      "rtt": 53336,
                      "rttvar": 4235,
                      "pmtu": 1500,
                      "omitted": false,
                      "sender": true
                    }
                  ],
                  "sum": {
                    "start": 4.000194,
                    "end": 5.000112,
                    "seconds": 0.999917984008789,
                    "bytes": 1563840,
                    "bits_per_second": 12511746.16326336,
                    "retransmits": 0,
                    "omitted": false,
                    "sender": true
                  }
                },
                {
                  "streams": [
                    {
                      "socket": 5,
                      "start": 5.000112,
                      "end": 6.000248,
                      "seconds": 1.0001360177993774,
                      "bytes": 1368360,
                      "bits_per_second": 10945391.231971303,
                      "retransmits": 0,
                      "snd_cwnd": 104256,
                      "snd_wnd": 212992,
                      "rtt": 57261,
                      "rttvar": 2070,
                      "pmtu": 1500,
                      "omitted": false,
                      "sender": true
                    }
                  ],
                  "sum": {
                    "start": 5.000112,
                    "end": 6.000248,
                    "seconds": 1.0001360177993774,
                    "bytes": 1368360,
                    "bits_per_second": 10945391.231971303,
                    "retransmits": 0,
                    "omitted": false,
                    "sender": true
                  }
                },
                {
                  "streams": [
                    {
                      "socket": 5,
                      "start": 6.000248,
                      "end": 7.000103,
                      "seconds": 0.9998549818992615,
                      "bytes": 1824480,
                      "bits_per_second": 14597956.967994161,
                      "retransmits": 0,
                      "snd_cwnd": 92672,
                      "snd_wnd": 212992,
                      "rtt": 50338,
                      "rttvar": 3161,
                      "pmtu": 1500,
                      "omitted": false,
                      "sender": true
                    }
                  ],
                  "sum": {
                    "start": 6.000248,
                    "end": 7.000103,
                    "seconds": 0.9998549818992615,
                    "bytes": 1824480,
                    "bits_per_second": 14597956.967994161,
                    "retransmits": 0,
                    "omitted": false,
                    "sender": true
                  }
                },
                {
                  "streams": [
                    {
                      "socket": 5,
                      "start": 7.000103,
                      "end": 8.000062,
                      "seconds": 0.9999589920043945,
                      "bytes": 1824480,
                      "bits_per_second": 14596438.570688762,
                      "retransmits": 0,
                      "snd_cwnd": 83984,
                      "snd_wnd": 212992,
                      "rtt": 41656,
                      "rttvar": 2301,
                      "pmtu": 1500,
                      "omitted": false,
                      "sender": true
                    }
                  ],
                  "sum": {
                    "start": 7.000103,
                    "end": 8.000062,
                    "seconds": 0.9999589920043945,
                    "bytes": 1824480,
                    "bits_per_second": 14596438.570688762,
                    "retransmits": 0,
                    "omitted": false,
                    "sender": true
                  }
                },
                {
                  "streams": [
                    {
                      "socket": 5,
                      "start": 8.000062,
                      "end": 9.000138,
                      "seconds": 1.0000760555267334,
                      "bytes": 1368360,
                      "bits_per_second": 10946047.4925923,
                      "retransmits": 0,
                      "snd_cwnd": 86880,
                      "snd_wnd": 212992,
                      "rtt": 35732,
                      "rttvar": 1826,
                      "pmtu": 1500,
                      "omitted": false,
                      "sender": true
                    }
                  ],
                  "sum": {
                    "start": 8.000062,
                    "end": 9.000138,
                    "seconds": 1.0000760555267334,
                    "bytes": 1368360,
                    "bits_per_second": 10946047.4925923,
                    "retransmits": 0,
                    "omitted": false,
                    "sender": true
                  }
                },
                {
                  "streams": [
                    {
                      "socket": 5,
                      "start": 9.000138,
                      "end": 10.000289,
                      "seconds": 1.0001510381698608,
                      "bytes": 1368360,
                      "bits_per_second": 10945226.852967417,
                      "retransmits": 0,
                      "snd_cwnd": 5792,
                      "snd_wnd": 212992,
                      "rtt": 67561,
                      "rttvar": 17068,
                      "pmtu": 1500,
                      "omitted": false,
                      "sender": true
                    }
                  ],
                  "sum": {
                    "start": 9.000138,
                    "end": 10.000289,
                    "seconds": 1.0001510381698608,
                    "bytes": 1368360,
                    "bits_per_second": 10945226.852967417,
                    "retransmits": 0,
                    "omitted": false,
                    "sender": true
                  }
                },
                {
                  "streams": [
                    {
                      "socket": 5,
                      "start": 10.000289,
                      "end": 11.000192,
                      "seconds": 0.9999030232429504,
                      "bytes": 1368360,
                      "bits_per_second": 10947941.695882034,
                      "retransmits": 0,
                      "snd_cwnd": 83984,
                      "snd_wnd": 212992,
                      "rtt": 39422,
                      "rttvar": 1531,
                      "pmtu": 1500,
                      "omitted": false,
                      "sender": true
                    }
                  ],
                  "sum": {
                    "start": 10.000289,
                    "end": 11.000192,
                    "seconds": 0.9999030232429504,
                    "bytes": 1368360,
                    "bits_per_second": 10947941.695882034,
                    "retransmits": 0,
                    "omitted": false,
                    "sender": true
                  }
                },
                {
                  "streams": [
                    {
                      "socket": 5,
                      "start": 11.000192,
                      "end": 12.000059,
                      "seconds": 0.999867022037506,
                      "bytes": 1824480,
                      "bits_per_second": 14597781.183198674,
                      "retransmits": 0,
                      "snd_cwnd": 107152,
                      "snd_wnd": 212992,
                      "rtt": 52434,
                      "rttvar": 955,
                      "pmtu": 1500,
                      "omitted": false,
                      "sender": true
                    }
                  ],
                  "sum": {
                    "start": 11.000192,
                    "end": 12.000059,
                    "seconds": 0.999867022037506,
                    "bytes": 1824480,
                    "bits_per_second": 14597781.183198674,
                    "retransmits": 0,
                    "omitted": false,
                    "sender": true
                  }
                },
                {
                  "streams": [
                    {
                      "socket": 5,
                      "start": 12.000059,
                      "end": 13.000257,
                      "seconds": 1.0001980066299438,
                      "bytes": 1368360,
                      "bits_per_second": 10944712.87428806,
                      "retransmits": 0,
                      "snd_cwnd": 86880,
                      "snd_wnd": 212992,
                      "rtt": 66922,
                      "rttvar": 12931,
                      "pmtu": 1500,
                      "omitted": false,
                      "sender": true
                    }
                  ],
                  "sum": {
                    "start": 12.000059,
                    "end": 13.000257,
                    "seconds": 1.0001980066299438,
                    "bytes": 1368360,
                    "bits_per_second": 10944712.87428806,
                    "retransmits": 0,
                    "omitted": false,
                    "sender": true
                  }
                },
                {
                  "streams": [
                    {
                      "socket": 5,
                      "start": 13.000257,
                      "end": 14.000059,
                      "seconds": 0.999801993370056,
                      "bytes": 1824480,
                      "bits_per_second": 14598730.645456566,
                      "retransmits": 0,
                      "snd_cwnd": 110048,
                      "snd_wnd": 212992,
                      "rtt": 30780,
                      "rttvar": 3054,
                      "pmtu": 1500,
                      "omitted": false,
                      "sender": true
                    }
                  ],
                  "sum": {
                    "start": 13.000257,
                    "end": 14.000059,
                    "seconds": 0.999801993370056,
                    "bytes": 1824480,
                    "bits_per_second": 14598730.645456566,
                    "retransmits": 0,
                    "omitted": false,
                    "sender": true
                  }
                },
                {
                  "streams": [
                    {
                      "socket": 5,
                      "start": 14.000059,
                      "end": 15.000167,
                      "seconds": 1.000108003616333,
                      "bytes": 1368360,
                      "bits_per_second": 10945697.825051606,
                      "retransmits": 0,
                      "snd_cwnd": 110048,
                      "snd_wnd": 212992,
                      "rtt": 46340,
                      "rttvar": 417,
                      "pmtu": 1500,
                      "omitted": false,
                      "sender": true
                    }
                  ],
                  "sum": {
                    "start": 14.000059,
                    "end": 15.000167,
                    "seconds": 1.000108003616333,
                    "bytes": 1368360,
                    "bits_per_second": 10945697.825051606,
                    "retransmits": 0,
                    "omitted": false,
                    "sender": true
                  }
                },
                {
                  "streams": [
                    {
                      "socket": 5,
                      "start": 15.000167,
                      "end": 16.000059,
                      "seconds": 0.999891996383667,
                      "bytes": 1824480,
                      "bits_per_second": 14597416.573779088,
                      "retransmits": 0,
                      "snd_cwnd": 118736,
                      "snd_wnd": 212992,
                      "rtt": 40044,
                      "rttvar": 11935,
                      "pmtu": 1500,
                      "omitted": false,
                      "sender": true
                    }
                  ],
                  "sum": {
                    "start": 15.000167,
                    "end": 16.000059,
                    "seconds": 0.999891996383667,
                    "bytes": 1824480,
                    "bits_per_second": 14597416.573779088,
                    "retransmits": 0,
                    "omitted": false,
                    "sender": true
                  }
                },
                {
                  "streams": [
                    {
                      "socket": 5,
                      "start": 16.000059,
                      "end": 17.000176,
                      "seconds": 1.0001169443130493,
                      "bytes": 1368360,
                      "bits_per_second": 10945599.97433009,
                      "retransmits": 0,
                      "snd_cwnd": 115840,
                      "snd_wnd": 212992,
                      "rtt": 82961,
                      "rttvar": 4438,
                      "pmtu": 1500,
                      "omitted": false,
                      "sender": true
                    }
                  ],
                  "sum": {
                    "start": 16.000059,
                    "end": 17.000176,
                    "seconds": 1.0001169443130493,
                    "bytes": 1368360,
                    "bits_per_second": 10945599.97433009,
                    "retransmits": 0,
                    "omitted": false,
                    "sender": true
                  }
                },
                {
                  "streams": [
                    {
                      "socket": 5,
                      "start": 17.000176,
                      "end": 18.000105,
                      "seconds": 0.9999290108680725,
                      "bytes": 1824480,
                      "bits_per_second": 14596876.21957168,
                      "retransmits": 0,
                      "snd_cwnd": 107152,
                      "snd_wnd": 212992,
                      "rtt": 51099,
                      "rttvar": 4728,
                      "pmtu": 1500,
                      "omitted": false,
                      "sender": true
                    }
                  ],
                  "sum": {
                    "start": 17.000176,
                    "end": 18.000105,
                    "seconds": 0.9999290108680725,
                    "bytes": 1824480,
                    "bits_per_second": 14596876.21957168,
                    "retransmits": 0,
                    "omitted": false,
                    "sender": true
                  }
                },
                {
                  "streams": [
                    {
                      "socket": 5,
                      "start": 18.000105,
                      "end": 19.000183,
                      "seconds": 1.0000779628753662,
                      "bytes": 1368360,
                      "bits_per_second": 10946026.61629116,
                      "retransmits": 0,
                      "snd_cwnd": 110048,
                      "snd_wnd": 212992,
                      "rtt": 37159,
                      "rttvar": 2119,
                      "pmtu": 1500,
                      "omitted": false,
                      "sender": true
                    }
                  ],
                  "sum": {
                    "start": 18.000105,
                    "end": 19.000183,
                    "seconds": 1.0000779628753662,
                    "bytes": 1368360,
                    "bits_per_second": 10946026.61629116,
                    "retransmits": 0,
                    "omitted": false,
                    "sender": true
                  }
                },
                {
                  "streams": [
                    {
                      "socket": 5,
                      "start": 19.000183,
                      "end": 20.00004,
                      "seconds": 0.999857008457184,
                      "bytes": 1824480,
                      "bits_per_second": 14597927.380158007,
                      "retransmits": 0,
                      "snd_cwnd": 107152,
                      "snd_wnd": 212992,
                      "rtt": 37758,
                      "rttvar": 4114,
                      "pmtu": 1500,
                      "omitted": false,
                      "sender": true
                    }
                  ],
                  "sum": {
                    "start": 19.000183,
                    "end": 20.00004,
                    "seconds": 0.999857008457184,
                    "bytes": 1824480,
                    "bits_per_second": 14597927.380158007,
                    "retransmits": 0,
                    "omitted": false,
                    "sender": true
                  }
                },
                {
                  "streams": [
                    {
                      "socket": 5,
                      "start": 20.00004,
                      "end": 21.000044,
                      "seconds": 1.0000040531158447,
                      "bytes": 1368360,
                      "bits_per_second": 10946835.631207053,
                      "retransmits": 0,
                      "snd_cwnd": 112944,
                      "snd_wnd": 212992,
                      "rtt": 27222,
                      "rttvar": 2531,
                      "pmtu": 1500,
                      "omitted": false,
                      "sender": true
                    }
                  ],
                  "sum": {
                    "start": 20.00004,
                    "end": 21.000044,
                    "seconds": 1.0000040531158447,
                    "bytes": 1368360,
                    "bits_per_second": 10946835.631207053,
                    "retransmits": 0,
                    "omitted": false,
                    "sender": true
                  }
                },
                {
                  "streams": [
                    {
                      "socket": 5,
                      "start": 21.000044,
                      "end": 22.000182,
                      "seconds": 1.0001380443573,
                      "bytes": 1368360,
                      "bits_per_second": 10945369.053563591,
                      "retransmits": 0,
                      "snd_cwnd": 98464,
                      "snd_wnd": 212992,
                      "rtt": 39896,
                      "rttvar": 6385,
                      "pmtu": 1500,
                      "omitted": false,
                      "sender": true
                    }
                  ],
                  "sum": {
                    "start": 21.000044,
                    "end": 22.000182,
                    "seconds": 1.0001380443573,
                    "bytes": 1368360,
                    "bits_per_second": 10945369.053563591,
                    "retransmits": 0,
                    "omitted": false,
                    "sender": true
                  }
                },
                {
                  "streams": [
                    {
                      "socket": 5,
                      "start": 22.000182,
                      "end": 23.00014,
                      "seconds": 0.9999579787254333,
                      "bytes": 1824480,
                      "bits_per_second": 14596453.361574406,
                      "retransmits": 0,
                      "snd_cwnd": 104256,
                      "snd_wnd": 212992,
                      "rtt": 45134,
                      "rttvar": 2270,
                      "pmtu": 1500,
                      "omitted": false,
                      "sender": true
                    }
                  ],
                  "sum": {
                    "start": 22.000182,
                    "end": 23.00014,
                    "seconds": 0.9999579787254333,
                    "bytes": 1824480,
                    "bits_per_second": 14596453.361574406,
                    "retransmits": 0,
                    "omitted": false,
                    "sender": true
                  }
                },
                {
                  "streams": [
                    {
                      "socket": 5,
                      "start": 23.00014,
                      "end": 24.000027,
                      "seconds": 0.999886989593506,
                      "bytes": 1824480,
                      "bits_per_second": 14597489.668241203,
                      "retransmits": 0,
                      "snd_cwnd": 95568,
                      "snd_wnd": 212992,
                      "rtt": 52244,
                      "rttvar": 695,
                      "pmtu": 1500,
                      "omitted": false,
                      "sender": true
                    }
                  ],
                  "sum": {
                    "start": 23.00014,
                    "end": 24.000027,
                    "seconds": 0.999886989593506,
                    "bytes": 1824480,
                    "bits_per_second": 14597489.668241203,
                    "retransmits": 0,
                    "omitted": false,
                    "sender": true
                  }
                },
                {
                  "streams": [
                    {
                      "socket": 5,
                      "start": 24.000027,
                      "end": 25.000202,
                      "seconds": 1.0001749992370605,
                      "bytes": 1368360,
                      "bits_per_second": 10944964.639538426,
                      "retransmits": 0,
                      "snd_cwnd": 92672,
                      "snd_wnd": 212992,
                      "rtt": 40775,
                      "rttvar": 1849,
                      "pmtu": 1500,
                      "omitted": false,
                      "sender": true
                    }
                  ],
                  "sum": {
                    "start": 24.000027,
                    "end": 25.000202,
                    "seconds": 1.0001749992370605,
                    "bytes": 1368360,
                    "bits_per_second": 10944964.639538426,
                    "retransmits": 0,
                    "omitted": false,
                    "sender": true
                  }
                },
                {
                  "streams": [
                    {
                      "socket": 5,
                      "start": 25.000202,
                      "end": 26.000211,
                      "seconds": 1.0000089406967163,
                      "bytes": 1824480,
                      "bits_per_second": 14595709.504187964,
                      "retransmits": 0,
                      "snd_cwnd": 115840,
                      "snd_wnd": 212992,
                      "rtt": 66705,
                      "rttvar": 2216,
                      "pmtu": 1500,
                      "omitted": false,
                      "sender": true
                    }
                  ],
                  "sum": {
                    "start": 25.000202,
                    "end": 26.000211,
                    "seconds": 1.0000089406967163,
                    "bytes": 1824480,
                    "bits_per_second": 14595709.504187964,
                    "retransmits": 0,
                    "omitted": false,
                    "sender": true
                  }
                },
                {
                  "streams": [
                    {
                      "socket": 5,
                      "start": 26.000211,
                      "end": 27.000091,
                      "seconds": 0.999880015850067,
                      "bytes": 1824480,
                      "bits_per_second": 14597591.479604747,
                      "retransmits": 0,
                      "snd_cwnd": 112944,
                      "snd_wnd": 212992,
                      "rtt": 58076,
                      "rttvar": 2951,
                      "pmtu": 1500,
                      "omitted": false,
                      "sender": true
                    }
                  ],
                  "sum": {
                    "start": 26.000211,
                    "end": 27.000091,
                    "seconds": 0.999880015850067,
                    "bytes": 1824480,
                    "bits_per_second": 14597591.479604747,
                    "retransmits": 0,
                    "omitted": false,
                    "sender": true
                  }
                },
                {
                  "streams": [
                    {
                      "socket": 5,
                      "start": 27.000091,
                      "end": 28.000181,
                      "seconds": 1.0000900030136108,
                      "bytes": 1368360,
                      "bits_per_second": 10945894.836478049,
                      "retransmits": 0,
                      "snd_cwnd": 95568,
                      "snd_wnd": 212992,
                      "rtt": 56301,
                      "rttvar": 9131,
                      "pmtu": 1500,
                      "omitted": false,
                      "sender": true
                    }
                  ],
                  "sum": {
                    "start": 27.000091,
                    "end": 28.000181,
                    "seconds": 1.0000900030136108,
                    "bytes": 1368360,
                    "bits_per_second": 10945894.836478049,
                    "retransmits": 0,
                    "omitted": false,
                    "sender": true
                  }
                },
                {
                  "streams": [
                    {
                      "socket": 5,
                      "start": 28.000181,
                      "end": 29.000226,
                      "seconds": 1.0000449419021606,
                      "bytes": 1824480,
                      "bits_per_second": 14595184.06466575,
                      "retransmits": 0,
                      "snd_cwnd": 101360,
                      "snd_wnd": 212992,
                      "rtt": 76292,
                      "rttvar": 14231,
                      "pmtu": 1500,
                      "omitted": false,
                      "sender": true
                    }
                  ],
                  "sum": {
                    "start": 28.000181,
                    "end": 29.000226,
                    "seconds": 1.0000449419021606,
                    "bytes": 1824480,
                    "bits_per_second": 14595184.06466575,
                    "retransmits": 0,
                    "omitted": false,
                    "sender": true
                  }
                },
                {
                  "streams": [
                    {
                      "socket": 5,
                      "start": 29.000226,
                      "end": 30.000331,
                      "seconds": 1.0001050233840942,
                      "bytes": 1368360,
                      "bits_per_second": 10945730.442347562,
                      "retransmits": 0,
                      "snd_cwnd": 95568,
                      "snd_wnd": 212992,
                      "rtt": 85747,
                      "rttvar": 1605,
                      "pmtu": 1500,
                      "omitted": false,
                      "sender": true
                    }
                  ],
                  "sum": {
                    "start": 29.000226,
                    "end": 30.000331,
                    "seconds": 1.0001050233840942,
                    "bytes": 1368360,
                    "bits_per_second": 10945730.442347562,
                    "retransmits": 0,
                    "omitted": false,
                    "sender": true
                  }
                }
              ],
              "end": {
                "streams": [
                  {
                    "sender": {
                      "socket": 5,
                      "start": 0,
                      "end": 30.000331,
                      "seconds": 30.000331,
                      "bytes": 48261840,
                      "bits_per_second": 12869682.004508551,
                      "retransmits": 0,
                      "max_snd_cwnd": 118736,
                      "max_snd_wnd": 212992,
                      "max_rtt": 112228,
                      "min_rtt": 27222,
                      "mean_rtt": 53014,
                      "sender": true
                    },
                    "receiver": {
                      "socket": 5,
                      "start": 0,
                      "end": 30.000331,
                      "seconds": 30.000331,
                      "bytes": 47536392,
                      "bits_per_second": 12676231.338914227,
                      "sender": true
                    }
                  }
                ],
                "sum_sent": {
                  "start": 0,
                  "end": 30.000331,
                  "seconds": 30.000331,
                  "bytes": 48261840,
                  "bits_per_second": 12869682.004508551,
                  "retransmits": 0,
                  "sender": true
                },
                "sum_received": {
                  "start": 0,
                  "end": 30.000331,
                  "seconds": 30.000331,
                  "bytes": 47536392,
                  "bits_per_second": 12676231.338914227,
                  "sender": true
                },
                "cpu_utilization_percent": {
                  "host_total": 0.17993409016204068,
                  "host_user": 0.029727692147474467,
                  "host_system": 0.15020971991557722,
                  "remote_total": 15.096716,
                  "remote_user": 8.011651,
                  "remote_system": 7.085066
                },
                "sender_tcp_congestion": "bbr"
              }
            }
          },
          "storage_targets": {
            "timeseries": "samples",
            "neo4j": "parameters + context + test relationship",
            "qdrant": "summary + future notes/log analysis"
          },
          "result_file": "D:\\NetworkAutomation\\results\\iperf\\2026-08-03\\iperf-20260803-174149-4538ef.json",
          "text_log_file": "D:\\NetworkAutomation\\results\\iperf\\2026-08-03\\iperf-20260803-174149-4538ef.txt",
          "returncode": 0
        }
      },
      {
        "direction": "upload",
        "result": {
          "success": true,
          "schema_version": "2.0",
          "test_id": "iperf-20260803-174220-8cb635",
          "test_type": "iperf3",
          "timestamp_end": "2026-08-03T17:42:20+08:00",
          "parameters": {
            "ue_ip": "192.168.3.2",
            "band": 5,
            "bandwidth_mhz": 10.0,
            "cell": 1,
            "dl_earfcn": 2525,
            "direction": "upload",
            "duration_sec": 30,
            "port": 5201,
            "parallel_streams": 1,
            "interval_sec": 1,
            "reverse": true
          },
          "precheck": {
            "ue_ping": true,
            "ping_command": "ping -c 1 -W 2 192.168.3.2",
            "iperf_server": {
              "success": true,
              "ready": true,
              "action": "already_listening",
              "initial_check": {
                "success": true,
                "reachable": true,
                "host": "192.168.3.2",
                "port": 5201,
                "method": "executor_tcp",
                "command": "python3 -c 'import socket,sys;s=socket.socket();s.settimeout(3);r=s.connect_ex(('\"'\"'192.168.3.2'\"'\"',5201));s.close();sys.exit(0 if r==0 else 1)'",
                "stdout": "",
                "stderr": "",
                "exit_code": 0
              },
              "message": "iPerf Server 192.168.3.2:5201 已在 Listen。"
            }
          },
          "summary": {
            "average_mbps": 4.724,
            "minimum_mbps": 4.054,
            "maximum_mbps": 5.173,
            "total_transfer_mbytes": 17.715,
            "retransmissions": null,
            "packet_loss_percent": null,
            "sample_count": 30
          },
          "samples": [
            {
              "second_start": 0,
              "second_end": 1.000057,
              "throughput_mbps": 4.842,
              "transfer_mbytes": 0.605,
              "retransmissions": null,
              "packet_loss_percent": null,
              "omitted": false
            },
            {
              "second_start": 1.000057,
              "second_end": 2.000057,
              "throughput_mbps": 4.054,
              "transfer_mbytes": 0.507,
              "retransmissions": null,
              "packet_loss_percent": null,
              "omitted": false
            },
            {
              "second_start": 2.000057,
              "second_end": 3.000058,
              "throughput_mbps": 4.567,
              "transfer_mbytes": 0.571,
              "retransmissions": null,
              "packet_loss_percent": null,
              "omitted": false
            },
            {
              "second_start": 3.000058,
              "second_end": 4.000058,
              "throughput_mbps": 4.71,
              "transfer_mbytes": 0.589,
              "retransmissions": null,
              "packet_loss_percent": null,
              "omitted": false
            },
            {
              "second_start": 4.000058,
              "second_end": 5.000003,
              "throughput_mbps": 4.809,
              "transfer_mbytes": 0.601,
              "retransmissions": null,
              "packet_loss_percent": null,
              "omitted": false
            },
            {
              "second_start": 5.000003,
              "second_end": 6.000056,
              "throughput_mbps": 4.71,
              "transfer_mbytes": 0.589,
              "retransmissions": null,
              "packet_loss_percent": null,
              "omitted": false
            },
            {
              "second_start": 6.000056,
              "second_end": 7.000057,
              "throughput_mbps": 4.681,
              "transfer_mbytes": 0.585,
              "retransmissions": null,
              "packet_loss_percent": null,
              "omitted": false
            },
            {
              "second_start": 7.000057,
              "second_end": 8.000058,
              "throughput_mbps": 5.173,
              "transfer_mbytes": 0.647,
              "retransmissions": null,
              "packet_loss_percent": null,
              "omitted": false
            },
            {
              "second_start": 8.000058,
              "second_end": 9.000058,
              "throughput_mbps": 4.895,
              "transfer_mbytes": 0.612,
              "retransmissions": null,
              "packet_loss_percent": null,
              "omitted": false
            },
            {
              "second_start": 9.000058,
              "second_end": 10.000057,
              "throughput_mbps": 5.127,
              "transfer_mbytes": 0.641,
              "retransmissions": null,
              "packet_loss_percent": null,
              "omitted": false
            },
            {
              "second_start": 10.000057,
              "second_end": 11.000057,
              "throughput_mbps": 4.727,
              "transfer_mbytes": 0.591,
              "retransmissions": null,
              "packet_loss_percent": null,
              "omitted": false
            },
            {
              "second_start": 11.000057,
              "second_end": 12.000056,
              "throughput_mbps": 5.0,
              "transfer_mbytes": 0.625,
              "retransmissions": null,
              "packet_loss_percent": null,
              "omitted": false
            },
            {
              "second_start": 12.000056,
              "second_end": 13.000057,
              "throughput_mbps": 4.942,
              "transfer_mbytes": 0.618,
              "retransmissions": null,
              "packet_loss_percent": null,
              "omitted": false
            },
            {
              "second_start": 13.000057,
              "second_end": 14.000057,
              "throughput_mbps": 4.93,
              "transfer_mbytes": 0.616,
              "retransmissions": null,
              "packet_loss_percent": null,
              "omitted": false
            },
            {
              "second_start": 14.000057,
              "second_end": 15.000056,
              "throughput_mbps": 5.121,
              "transfer_mbytes": 0.64,
              "retransmissions": null,
              "packet_loss_percent": null,
              "omitted": false
            },
            {
              "second_start": 15.000056,
              "second_end": 16.000057,
              "throughput_mbps": 4.328,
              "transfer_mbytes": 0.541,
              "retransmissions": null,
              "packet_loss_percent": null,
              "omitted": false
            },
            {
              "second_start": 16.000057,
              "second_end": 17.000056,
              "throughput_mbps": 4.646,
              "transfer_mbytes": 0.581,
              "retransmissions": null,
              "packet_loss_percent": null,
              "omitted": false
            },
            {
              "second_start": 17.000056,
              "second_end": 18.000056,
              "throughput_mbps": 4.646,
              "transfer_mbytes": 0.581,
              "retransmissions": null,
              "packet_loss_percent": null,
              "omitted": false
            },
            {
              "second_start": 18.000056,
              "second_end": 19.000008,
              "throughput_mbps": 4.536,
              "transfer_mbytes": 0.567,
              "retransmissions": null,
              "packet_loss_percent": null,
              "omitted": false
            },
            {
              "second_start": 19.000008,
              "second_end": 20.000056,
              "throughput_mbps": 4.461,
              "transfer_mbytes": 0.558,
              "retransmissions": null,
              "packet_loss_percent": null,
              "omitted": false
            },
            {
              "second_start": 20.000056,
              "second_end": 21.000056,
              "throughput_mbps": 4.495,
              "transfer_mbytes": 0.562,
              "retransmissions": null,
              "packet_loss_percent": null,
              "omitted": false
            },
            {
              "second_start": 21.000056,
              "second_end": 22.000056,
              "throughput_mbps": 4.49,
              "transfer_mbytes": 0.561,
              "retransmissions": null,
              "packet_loss_percent": null,
              "omitted": false
            },
            {
              "second_start": 22.000056,
              "second_end": 23.000065,
              "throughput_mbps": 4.588,
              "transfer_mbytes": 0.574,
              "retransmissions": null,
              "packet_loss_percent": null,
              "omitted": false
            },
            {
              "second_start": 23.000065,
              "second_end": 24.000056,
              "throughput_mbps": 4.953,
              "transfer_mbytes": 0.619,
              "retransmissions": null,
              "packet_loss_percent": null,
              "omitted": false
            },
            {
              "second_start": 24.000056,
              "second_end": 25.000056,
              "throughput_mbps": 4.843,
              "transfer_mbytes": 0.605,
              "retransmissions": null,
              "packet_loss_percent": null,
              "omitted": false
            },
            {
              "second_start": 25.000056,
              "second_end": 26.000056,
              "throughput_mbps": 4.675,
              "transfer_mbytes": 0.584,
              "retransmissions": null,
              "packet_loss_percent": null,
              "omitted": false
            },
            {
              "second_start": 26.000056,
              "second_end": 27.000057,
              "throughput_mbps": 4.6,
              "transfer_mbytes": 0.575,
              "retransmissions": null,
              "packet_loss_percent": null,
              "omitted": false
            },
            {
              "second_start": 27.000057,
              "second_end": 28.000063,
              "throughput_mbps": 4.698,
              "transfer_mbytes": 0.587,
              "retransmissions": null,
              "packet_loss_percent": null,
              "omitted": false
            },
            {
              "second_start": 28.000063,
              "second_end": 29.000058,
              "throughput_mbps": 4.588,
              "transfer_mbytes": 0.574,
              "retransmissions": null,
              "packet_loss_percent": null,
              "omitted": false
            },
            {
              "second_start": 29.000058,
              "second_end": 30.00006,
              "throughput_mbps": 4.884,
              "transfer_mbytes": 0.61,
              "retransmissions": null,
              "packet_loss_percent": null,
              "omitted": false
            }
          ],
          "raw": {
            "command": "iperf3 -c 192.168.3.2 -p 5201 -P 1 -t 30 -i 1 -J -R",
            "stdout": "{\n\t\"start\":\t{\n\t\t\"connected\":\t[{\n\t\t\t\t\"socket\":\t5,\n\t\t\t\t\"local_host\":\t\"192.168.3.1\",\n\t\t\t\t\"local_port\":\t58462,\n\t\t\t\t\"remote_host\":\t\"192.168.3.2\",\n\t\t\t\t\"remote_port\":\t5201\n\t\t\t}],\n\t\t\"version\":\t\"iperf 3.10.1\",\n\t\t\"system_info\":\t\"Linux CBA-20240614 6.2.15-100.fc36.x86_64 #1 SMP PREEMPT_DYNAMIC Thu May 11 16:51:53 UTC 2023 x86_64\",\n\t\t\"timestamp\":\t{\n\t\t\t\"time\":\t\"Mon, 03 Aug 2026 09:33:50 GMT\",\n\t\t\t\"timesecs\":\t1785749630\n\t\t},\n\t\t\"connecting_to\":\t{\n\t\t\t\"host\":\t\"192.168.3.2\",\n\t\t\t\"port\":\t5201\n\t\t},\n\t\t\"cookie\":\t\"6zcqeyqikifpgt6c4p7fmxdtblos7di6bn32\",\n\t\t\"tcp_mss_default\":\t1448,\n\t\t\"sock_bufsize\":\t0,\n\t\t\"sndbuf_actual\":\t16384,\n\t\t\"rcvbuf_actual\":\t131072,\n\t\t\"test_start\":\t{\n\t\t\t\"protocol\":\t\"TCP\",\n\t\t\t\"num_streams\":\t1,\n\t\t\t\"blksize\":\t131072,\n\t\t\t\"omit\":\t0,\n\t\t\t\"duration\":\t30,\n\t\t\t\"bytes\":\t0,\n\t\t\t\"blocks\":\t0,\n\t\t\t\"reverse\":\t1,\n\t\t\t\"tos\":\t0\n\t\t}\n\t},\n\t\"intervals\":\t[{\n\t\t\t\"streams\":\t[{\n\t\t\t\t\t\"socket\":\t5,\n\t\t\t\t\t\"start\":\t0,\n\t\t\t\t\t\"end\":\t1.000057,\n\t\t\t\t\t\"seconds\":\t1.0000569820404053,\n\t\t\t\t\t\"bytes\":\t605264,\n\t\t\t\t\t\"bits_per_second\":\t4841836.1022995831,\n\t\t\t\t\t\"omitted\":\tfalse,\n\t\t\t\t\t\"sender\":\tfalse\n\t\t\t\t}],\n\t\t\t\"sum\":\t{\n\t\t\t\t\"start\":\t0,\n\t\t\t\t\"end\":\t1.000057,\n\t\t\t\t\"seconds\":\t1.0000569820404053,\n\t\t\t\t\"bytes\":\t605264,\n\t\t\t\t\"bits_per_second\":\t4841836.1022995831,\n\t\t\t\t\"omitted\":\tfalse,\n\t\t\t\t\"sender\":\tfalse\n\t\t\t}\n\t\t}, {\n\t\t\t\"streams\":\t[{\n\t\t\t\t\t\"socket\":\t5,\n\t\t\t\t\t\"start\":\t1.000057,\n\t\t\t\t\t\"end\":\t2.000057,\n\t\t\t\t\t\"seconds\":\t1,\n\t\t\t\t\t\"bytes\":\t506800,\n\t\t\t\t\t\"bits_per_second\":\t4054400,\n\t\t\t\t\t\"omitted\":\tfalse,\n\t\t\t\t\t\"sender\":\tfalse\n\t\t\t\t}],\n\t\t\t\"sum\":\t{\n\t\t\t\t\"start\":\t1.000057,\n\t\t\t\t\"end\":\t2.000057,\n\t\t\t\t\"seconds\":\t1,\n\t\t\t\t\"bytes\":\t506800,\n\t\t\t\t\"bits_per_second\":\t4054400,\n\t\t\t\t\"omitted\":\tfalse,\n\t\t\t\t\"sender\":\tfalse\n\t\t\t}\n\t\t}, {\n\t\t\t\"streams\":\t[{\n\t\t\t\t\t\"socket\":\t5,\n\t\t\t\t\t\"start\":\t2.000057,\n\t\t\t\t\t\"end\":\t3.000058,\n\t\t\t\t\t\"seconds\":\t1.0000009536743164,\n\t\t\t\t\t\"bytes\":\t570848,\n\t\t\t\t\t\"bits_per_second\":\t4566779.6447795443,\n\t\t\t\t\t\"omitted\":\tfalse,\n\t\t\t\t\t\"sender\":\tfalse\n\t\t\t\t}],\n\t\t\t\"sum\":\t{\n\t\t\t\t\"start\":\t2.000057,\n\t\t\t\t\"end\":\t3.000058,\n\t\t\t\t\"seconds\":\t1.0000009536743164,\n\t\t\t\t\"bytes\":\t570848,\n\t\t\t\t\"bits_per_second\":\t4566779.6447795443,\n\t\t\t\t\"omitted\":\tfalse,\n\t\t\t\t\"sender\":\tfalse\n\t\t\t}\n\t\t}, {\n\t\t\t\"streams\":\t[{\n\t\t\t\t\t\"socket\":\t5,\n\t\t\t\t\t\"start\":\t3.000058,\n\t\t\t\t\t\"end\":\t4.000058,\n\t\t\t\t\t\"seconds\":\t1,\n\t\t\t\t\t\"bytes\":\t588752,\n\t\t\t\t\t\"bits_per_second\":\t4710016,\n\t\t\t\t\t\"omitted\":\tfalse,\n\t\t\t\t\t\"sender\":\tfalse\n\t\t\t\t}],\n\t\t\t\"sum\":\t{\n\t\t\t\t\"start\":\t3.000058,\n\t\t\t\t\"end\":\t4.000058,\n\t\t\t\t\"seconds\":\t1,\n\t\t\t\t\"bytes\":\t588752,\n\t\t\t\t\"bits_per_second\":\t4710016,\n\t\t\t\t\"omitted\":\tfalse,\n\t\t\t\t\"sender\":\tfalse\n\t\t\t}\n\t\t}, {\n\t\t\t\"streams\":\t[{\n\t\t\t\t\t\"socket\":\t5,\n\t\t\t\t\t\"start\":\t4.000058,\n\t\t\t\t\t\"end\":\t5.000003,\n\t\t\t\t\t\"seconds\":\t0.99994498491287231,\n\t\t\t\t\t\"bytes\":\t601032,\n\t\t\t\t\t\"bits_per_second\":\t4808520.5411765277,\n\t\t\t\t\t\"omitted\":\tfalse,\n\t\t\t\t\t\"sender\":\tfalse\n\t\t\t\t}],\n\t\t\t\"sum\":\t{\n\t\t\t\t\"start\":\t4.000058,\n\t\t\t\t\"end\":\t5.000003,\n\t\t\t\t\"seconds\":\t0.99994498491287231,\n\t\t\t\t\"bytes\":\t601032,\n\t\t\t\t\"bits_per_second\":\t4808520.5411765277,\n\t\t\t\t\"omitted\":\tfalse,\n\t\t\t\t\"sender\":\tfalse\n\t\t\t}\n\t\t}, {\n\t\t\t\"streams\":\t[{\n\t\t\t\t\t\"socket\":\t5,\n\t\t\t\t\t\"start\":\t5.000003,\n\t\t\t\t\t\"end\":\t6.000056,\n\t\t\t\t\t\"seconds\":\t1.00005304813385,\n\t\t\t\t\t\"bytes\":\t588752,\n\t\t\t\t\t\"bits_per_second\":\t4709766.15569457,\n\t\t\t\t\t\"omitted\":\tfalse,\n\t\t\t\t\t\"sender\":\tfalse\n\t\t\t\t}],\n\t\t\t\"sum\":\t{\n\t\t\t\t\"start\":\t5.000003,\n\t\t\t\t\"end\":\t6.000056,\n\t\t\t\t\"seconds\":\t1.00005304813385,\n\t\t\t\t\"bytes\":\t588752,\n\t\t\t\t\"bits_per_second\":\t4709766.15569457,\n\t\t\t\t\"omitted\":\tfalse,\n\t\t\t\t\"sender\":\tfalse\n\t\t\t}\n\t\t}, {\n\t\t\t\"streams\":\t[{\n\t\t\t\t\t\"socket\":\t5,\n\t\t\t\t\t\"start\":\t6.000056,\n\t\t\t\t\t\"end\":\t7.000057,\n\t\t\t\t\t\"seconds\":\t1.0000009536743164,\n\t\t\t\t\t\"bytes\":\t585104,\n\t\t\t\t\t\"bits_per_second\":\t4680827.536015,\n\t\t\t\t\t\"omitted\":\tfalse,\n\t\t\t\t\t\"sender\":\tfalse\n\t\t\t\t}],\n\t\t\t\"sum\":\t{\n\t\t\t\t\"start\":\t6.000056,\n\t\t\t\t\"end\":\t7.000057,\n\t\t\t\t\"seconds\":\t1.0000009536743164,\n\t\t\t\t\"bytes\":\t585104,\n\t\t\t\t\"bits_per_second\":\t4680827.536015,\n\t\t\t\t\"omitted\":\tfalse,\n\t\t\t\t\"sender\":\tfalse\n\t\t\t}\n\t\t}, {\n\t\t\t\"streams\":\t[{\n\t\t\t\t\t\"socket\":\t5,\n\t\t\t\t\t\"start\":\t7.000057,\n\t\t\t\t\t\"end\":\t8.000058,\n\t\t\t\t\t\"seconds\":\t1.0000009536743164,\n\t\t\t\t\t\"bytes\":\t646672,\n\t\t\t\t\t\"bits_per_second\":\t5173371.0662888847,\n\t\t\t\t\t\"omitted\":\tfalse,\n\t\t\t\t\t\"sender\":\tfalse\n\t\t\t\t}],\n\t\t\t\"sum\":\t{\n\t\t\t\t\"start\":\t7.000057,\n\t\t\t\t\"end\":\t8.000058,\n\t\t\t\t\"seconds\":\t1.0000009536743164,\n\t\t\t\t\"bytes\":\t646672,\n\t\t\t\t\"bits_per_second\":\t5173371.0662888847,\n\t\t\t\t\"omitted\":\tfalse,\n\t\t\t\t\"sender\":\tfalse\n\t\t\t}\n\t\t}, {\n\t\t\t\"streams\":\t[{\n\t\t\t\t\t\"socket\":\t5,\n\t\t\t\t\t\"start\":\t8.000058,\n\t\t\t\t\t\"end\":\t9.000058,\n\t\t\t\t\t\"seconds\":\t1,\n\t\t\t\t\t\"bytes\":\t611920,\n\t\t\t\t\t\"bits_per_second\":\t4895360,\n\t\t\t\t\t\"omitted\":\tfalse,\n\t\t\t\t\t\"sender\":\tfalse\n\t\t\t\t}],\n\t\t\t\"sum\":\t{\n\t\t\t\t\"start\":\t8.000058,\n\t\t\t\t\"end\":\t9.000058,\n\t\t\t\t\"seconds\":\t1,\n\t\t\t\t\"bytes\":\t611920,\n\t\t\t\t\"bits_per_second\":\t4895360,\n\t\t\t\t\"omitted\":\tfalse,\n\t\t\t\t\"sender\":\tfalse\n\t\t\t}\n\t\t}, {\n\t\t\t\"streams\":\t[{\n\t\t\t\t\t\"socket\":\t5,\n\t\t\t\t\t\"start\":\t9.000058,\n\t\t\t\t\t\"end\":\t10.000057,\n\t\t\t\t\t\"seconds\":\t0.99999898672103882,\n\t\t\t\t\t\"bytes\":\t640880,\n\t\t\t\t\t\"bits_per_second\":\t5127045.19512703,\n\t\t\t\t\t\"omitted\":\tfalse,\n\t\t\t\t\t\"sender\":\tfalse\n\t\t\t\t}],\n\t\t\t\"sum\":\t{\n\t\t\t\t\"start\":\t9.000058,\n\t\t\t\t\"end\":\t10.000057,\n\t\t\t\t\"seconds\":\t0.99999898672103882,\n\t\t\t\t\"bytes\":\t640880,\n\t\t\t\t\"bits_per_second\":\t5127045.19512703,\n\t\t\t\t\"omitted\":\tfalse,\n\t\t\t\t\"sender\":\tfalse\n\t\t\t}\n\t\t}, {\n\t\t\t\"streams\":\t[{\n\t\t\t\t\t\"socket\":\t5,\n\t\t\t\t\t\"start\":\t10.000057,\n\t\t\t\t\t\"end\":\t11.000057,\n\t\t\t\t\t\"seconds\":\t1,\n\t\t\t\t\t\"bytes\":\t590896,\n\t\t\t\t\t\"bits_per_second\":\t4727168,\n\t\t\t\t\t\"omitted\":\tfalse,\n\t\t\t\t\t\"sender\":\tfalse\n\t\t\t\t}],\n\t\t\t\"sum\":\t{\n\t\t\t\t\"start\":\t10.000057,\n\t\t\t\t\"end\":\t11.000057,\n\t\t\t\t\"seconds\":\t1,\n\t\t\t\t\"bytes\":\t590896,\n\t\t\t\t\"bits_per_second\":\t4727168,\n\t\t\t\t\"omitted\":\tfalse,\n\t\t\t\t\"sender\":\tfalse\n\t\t\t}\n\t\t}, {\n\t\t\t\"streams\":\t[{\n\t\t\t\t\t\"socket\":\t5,\n\t\t\t\t\t\"start\":\t11.000057,\n\t\t\t\t\t\"end\":\t12.000056,\n\t\t\t\t\t\"seconds\":\t0.99999898672103882,\n\t\t\t\t\t\"bytes\":\t624952,\n\t\t\t\t\t\"bits_per_second\":\t4999621.06601084,\n\t\t\t\t\t\"omitted\":\tfalse,\n\t\t\t\t\t\"sender\":\tfalse\n\t\t\t\t}],\n\t\t\t\"sum\":\t{\n\t\t\t\t\"start\":\t11.000057,\n\t\t\t\t\"end\":\t12.000056,\n\t\t\t\t\"seconds\":\t0.99999898672103882,\n\t\t\t\t\"bytes\":\t624952,\n\t\t\t\t\"bits_per_second\":\t4999621.06601084,\n\t\t\t\t\"omitted\":\tfalse,\n\t\t\t\t\"sender\":\tfalse\n\t\t\t}\n\t\t}, {\n\t\t\t\"streams\":\t[{\n\t\t\t\t\t\"socket\":\t5,\n\t\t\t\t\t\"start\":\t12.000056,\n\t\t\t\t\t\"end\":\t13.000057,\n\t\t\t\t\t\"seconds\":\t1.0000009536743164,\n\t\t\t\t\t\"bytes\":\t617712,\n\t\t\t\t\t\"bits_per_second\":\t4941691.28723594,\n\t\t\t\t\t\"omitted\":\tfalse,\n\t\t\t\t\t\"sender\":\tfalse\n\t\t\t\t}],\n\t\t\t\"sum\":\t{\n\t\t\t\t\"start\":\t12.000056,\n\t\t\t\t\"end\":\t13.000057,\n\t\t\t\t\"seconds\":\t1.0000009536743164,\n\t\t\t\t\"bytes\":\t617712,\n\t\t\t\t\"bits_per_second\":\t4941691.28723594,\n\t\t\t\t\"omitted\":\tfalse,\n\t\t\t\t\"sender\":\tfalse\n\t\t\t}\n\t\t}, {\n\t\t\t\"streams\":\t[{\n\t\t\t\t\t\"socket\":\t5,\n\t\t\t\t\t\"start\":\t13.000057,\n\t\t\t\t\t\"end\":\t14.000057,\n\t\t\t\t\t\"seconds\":\t1,\n\t\t\t\t\t\"bytes\":\t616264,\n\t\t\t\t\t\"bits_per_second\":\t4930112,\n\t\t\t\t\t\"omitted\":\tfalse,\n\t\t\t\t\t\"sender\":\tfalse\n\t\t\t\t}],\n\t\t\t\"sum\":\t{\n\t\t\t\t\"start\":\t13.000057,\n\t\t\t\t\"end\":\t14.000057,\n\t\t\t\t\"seconds\":\t1,\n\t\t\t\t\"bytes\":\t616264,\n\t\t\t\t\"bits_per_second\":\t4930112,\n\t\t\t\t\"omitted\":\tfalse,\n\t\t\t\t\"sender\":\tfalse\n\t\t\t}\n\t\t}, {\n\t\t\t\"streams\":\t[{\n\t\t\t\t\t\"socket\":\t5,\n\t\t\t\t\t\"start\":\t14.000057,\n\t\t\t\t\t\"end\":\t15.000056,\n\t\t\t\t\t\"seconds\":\t0.99999898672103882,\n\t\t\t\t\t\"bytes\":\t640128,\n\t\t\t\t\t\"bits_per_second\":\t5121029.1890311372,\n\t\t\t\t\t\"omitted\":\tfalse,\n\t\t\t\t\t\"sender\":\tfalse\n\t\t\t\t}],\n\t\t\t\"sum\":\t{\n\t\t\t\t\"start\":\t14.000057,\n\t\t\t\t\"end\":\t15.000056,\n\t\t\t\t\"seconds\":\t0.99999898672103882,\n\t\t\t\t\"bytes\":\t640128,\n\t\t\t\t\"bits_per_second\":\t5121029.1890311372,\n\t\t\t\t\"omitted\":\tfalse,\n\t\t\t\t\"sender\":\tfalse\n\t\t\t}\n\t\t}, {\n\t\t\t\"streams\":\t[{\n\t\t\t\t\t\"socket\":\t5,\n\t\t\t\t\t\"start\":\t15.000056,\n\t\t\t\t\t\"end\":\t16.000057,\n\t\t\t\t\t\"seconds\":\t1.0000009536743164,\n\t\t\t\t\t\"bytes\":\t540968,\n\t\t\t\t\t\"bits_per_second\":\t4327739.872745635,\n\t\t\t\t\t\"omitted\":\tfalse,\n\t\t\t\t\t\"sender\":\tfalse\n\t\t\t\t}],\n\t\t\t\"sum\":\t{\n\t\t\t\t\"start\":\t15.000056,\n\t\t\t\t\"end\":\t16.000057,\n\t\t\t\t\"seconds\":\t1.0000009536743164,\n\t\t\t\t\"bytes\":\t540968,\n\t\t\t\t\"bits_per_second\":\t4327739.872745635,\n\t\t\t\t\"omitted\":\tfalse,\n\t\t\t\t\"sender\":\tfalse\n\t\t\t}\n\t\t}, {\n\t\t\t\"streams\":\t[{\n\t\t\t\t\t\"socket\":\t5,\n\t\t\t\t\t\"start\":\t16.000057,\n\t\t\t\t\t\"end\":\t17.000056,\n\t\t\t\t\t\"seconds\":\t0.99999898672103882,\n\t\t\t\t\t\"bytes\":\t580760,\n\t\t\t\t\t\"bits_per_second\":\t4646084.7077798862,\n\t\t\t\t\t\"omitted\":\tfalse,\n\t\t\t\t\t\"sender\":\tfalse\n\t\t\t\t}],\n\t\t\t\"sum\":\t{\n\t\t\t\t\"start\":\t16.000057,\n\t\t\t\t\"end\":\t17.000056,\n\t\t\t\t\"seconds\":\t0.99999898672103882,\n\t\t\t\t\"bytes\":\t580760,\n\t\t\t\t\"bits_per_second\":\t4646084.7077798862,\n\t\t\t\t\"omitted\":\tfalse,\n\t\t\t\t\"sender\":\tfalse\n\t\t\t}\n\t\t}, {\n\t\t\t\"streams\":\t[{\n\t\t\t\t\t\"socket\":\t5,\n\t\t\t\t\t\"start\":\t17.000056,\n\t\t\t\t\t\"end\":\t18.000056,\n\t\t\t\t\t\"seconds\":\t1,\n\t\t\t\t\t\"bytes\":\t580760,\n\t\t\t\t\t\"bits_per_second\":\t4646080,\n\t\t\t\t\t\"omitted\":\tfalse,\n\t\t\t\t\t\"sender\":\tfalse\n\t\t\t\t}],\n\t\t\t\"sum\":\t{\n\t\t\t\t\"start\":\t17.000056,\n\t\t\t\t\"end\":\t18.000056,\n\t\t\t\t\"seconds\":\t1,\n\t\t\t\t\"bytes\":\t580760,\n\t\t\t\t\"bits_per_second\":\t4646080,\n\t\t\t\t\"omitted\":\tfalse,\n\t\t\t\t\"sender\":\tfalse\n\t\t\t}\n\t\t}, {\n\t\t\t\"streams\":\t[{\n\t\t\t\t\t\"socket\":\t5,\n\t\t\t\t\t\"start\":\t18.000056,\n\t\t\t\t\t\"end\":\t19.000008,\n\t\t\t\t\t\"seconds\":\t0.99995201826095581,\n\t\t\t\t\t\"bytes\":\t567032,\n\t\t\t\t\t\"bits_per_second\":\t4536473.6678957138,\n\t\t\t\t\t\"omitted\":\tfalse,\n\t\t\t\t\t\"sender\":\tfalse\n\t\t\t\t}],\n\t\t\t\"sum\":\t{\n\t\t\t\t\"start\":\t18.000056,\n\t\t\t\t\"end\":\t19.000008,\n\t\t\t\t\"seconds\":\t0.99995201826095581,\n\t\t\t\t\"bytes\":\t567032,\n\t\t\t\t\"bits_per_second\":\t4536473.6678957138,\n\t\t\t\t\"omitted\":\tfalse,\n\t\t\t\t\"sender\":\tfalse\n\t\t\t}\n\t\t}, {\n\t\t\t\"streams\":\t[{\n\t\t\t\t\t\"socket\":\t5,\n\t\t\t\t\t\"start\":\t19.000008,\n\t\t\t\t\t\"end\":\t20.000056,\n\t\t\t\t\t\"seconds\":\t1.000048041343689,\n\t\t\t\t\t\"bytes\":\t557592,\n\t\t\t\t\t\"bits_per_second\":\t4460521.71054347,\n\t\t\t\t\t\"omitted\":\tfalse,\n\t\t\t\t\t\"sender\":\tfalse\n\t\t\t\t}],\n\t\t\t\"sum\":\t{\n\t\t\t\t\"start\":\t19.000008,\n\t\t\t\t\"end\":\t20.000056,\n\t\t\t\t\"seconds\":\t1.000048041343689,\n\t\t\t\t\"bytes\":\t557592,\n\t\t\t\t\"bits_per_second\":\t4460521.71054347,\n\t\t\t\t\"omitted\":\tfalse,\n\t\t\t\t\"sender\":\tfalse\n\t\t\t}\n\t\t}, {\n\t\t\t\"streams\":\t[{\n\t\t\t\t\t\"socket\":\t5,\n\t\t\t\t\t\"start\":\t20.000056,\n\t\t\t\t\t\"end\":\t21.000056,\n\t\t\t\t\t\"seconds\":\t1,\n\t\t\t\t\t\"bytes\":\t561936,\n\t\t\t\t\t\"bits_per_second\":\t4495488,\n\t\t\t\t\t\"omitted\":\tfalse,\n\t\t\t\t\t\"sender\":\tfalse\n\t\t\t\t}],\n\t\t\t\"sum\":\t{\n\t\t\t\t\"start\":\t20.000056,\n\t\t\t\t\"end\":\t21.000056,\n\t\t\t\t\"seconds\":\t1,\n\t\t\t\t\"bytes\":\t561936,\n\t\t\t\t\"bits_per_second\":\t4495488,\n\t\t\t\t\"omitted\":\tfalse,\n\t\t\t\t\"sender\":\tfalse\n\t\t\t}\n\t\t}, {\n\t\t\t\"streams\":\t[{\n\t\t\t\t\t\"socket\":\t5,\n\t\t\t\t\t\"start\":\t21.000056,\n\t\t\t\t\t\"end\":\t22.000056,\n\t\t\t\t\t\"seconds\":\t1,\n\t\t\t\t\t\"bytes\":\t561240,\n\t\t\t\t\t\"bits_per_second\":\t4489920,\n\t\t\t\t\t\"omitted\":\tfalse,\n\t\t\t\t\t\"sender\":\tfalse\n\t\t\t\t}],\n\t\t\t\"sum\":\t{\n\t\t\t\t\"start\":\t21.000056,\n\t\t\t\t\"end\":\t22.000056,\n\t\t\t\t\"seconds\":\t1,\n\t\t\t\t\"bytes\":\t561240,\n\t\t\t\t\"bits_per_second\":\t4489920,\n\t\t\t\t\"omitted\":\tfalse,\n\t\t\t\t\"sender\":\tfalse\n\t\t\t}\n\t\t}, {\n\t\t\t\"streams\":\t[{\n\t\t\t\t\t\"socket\":\t5,\n\t\t\t\t\t\"start\":\t22.000056,\n\t\t\t\t\t\"end\":\t23.000065,\n\t\t\t\t\t\"seconds\":\t1.0000089406967163,\n\t\t\t\t\t\"bytes\":\t573520,\n\t\t\t\t\t\"bits_per_second\":\t4588118.97901971,\n\t\t\t\t\t\"omitted\":\tfalse,\n\t\t\t\t\t\"sender\":\tfalse\n\t\t\t\t}],\n\t\t\t\"sum\":\t{\n\t\t\t\t\"start\":\t22.000056,\n\t\t\t\t\"end\":\t23.000065,\n\t\t\t\t\"seconds\":\t1.0000089406967163,\n\t\t\t\t\"bytes\":\t573520,\n\t\t\t\t\"bits_per_second\":\t4588118.97901971,\n\t\t\t\t\"omitted\":\tfalse,\n\t\t\t\t\"sender\":\tfalse\n\t\t\t}\n\t\t}, {\n\t\t\t\"streams\":\t[{\n\t\t\t\t\t\"socket\":\t5,\n\t\t\t\t\t\"start\":\t23.000065,\n\t\t\t\t\t\"end\":\t24.000056,\n\t\t\t\t\t\"seconds\":\t0.999990999698639,\n\t\t\t\t\t\"bytes\":\t619160,\n\t\t\t\t\t\"bits_per_second\":\t4953324.5814139722,\n\t\t\t\t\t\"omitted\":\tfalse,\n\t\t\t\t\t\"sender\":\tfalse\n\t\t\t\t}],\n\t\t\t\"sum\":\t{\n\t\t\t\t\"start\":\t23.000065,\n\t\t\t\t\"end\":\t24.000056,\n\t\t\t\t\"seconds\":\t0.999990999698639,\n\t\t\t\t\"bytes\":\t619160,\n\t\t\t\t\"bits_per_second\":\t4953324.5814139722,\n\t\t\t\t\"omitted\":\tfalse,\n\t\t\t\t\"sender\":\tfalse\n\t\t\t}\n\t\t}, {\n\t\t\t\"streams\":\t[{\n\t\t\t\t\t\"socket\":\t5,\n\t\t\t\t\t\"start\":\t24.000056,\n\t\t\t\t\t\"end\":\t25.000056,\n\t\t\t\t\t\"seconds\":\t1,\n\t\t\t\t\t\"bytes\":\t605376,\n\t\t\t\t\t\"bits_per_second\":\t4843008,\n\t\t\t\t\t\"omitted\":\tfalse,\n\t\t\t\t\t\"sender\":\tfalse\n\t\t\t\t}],\n\t\t\t\"sum\":\t{\n\t\t\t\t\"start\":\t24.000056,\n\t\t\t\t\"end\":\t25.000056,\n\t\t\t\t\"seconds\":\t1,\n\t\t\t\t\"bytes\":\t605376,\n\t\t\t\t\"bits_per_second\":\t4843008,\n\t\t\t\t\"omitted\":\tfalse,\n\t\t\t\t\"sender\":\tfalse\n\t\t\t}\n\t\t}, {\n\t\t\t\"streams\":\t[{\n\t\t\t\t\t\"socket\":\t5,\n\t\t\t\t\t\"start\":\t25.000056,\n\t\t\t\t\t\"end\":\t26.000056,\n\t\t\t\t\t\"seconds\":\t1,\n\t\t\t\t\t\"bytes\":\t584408,\n\t\t\t\t\t\"bits_per_second\":\t4675264,\n\t\t\t\t\t\"omitted\":\tfalse,\n\t\t\t\t\t\"sender\":\tfalse\n\t\t\t\t}],\n\t\t\t\"sum\":\t{\n\t\t\t\t\"start\":\t25.000056,\n\t\t\t\t\"end\":\t26.000056,\n\t\t\t\t\"seconds\":\t1,\n\t\t\t\t\"bytes\":\t584408,\n\t\t\t\t\"bits_per_second\":\t4675264,\n\t\t\t\t\"omitted\":\tfalse,\n\t\t\t\t\"sender\":\tfalse\n\t\t\t}\n\t\t}, {\n\t\t\t\"streams\":\t[{\n\t\t\t\t\t\"socket\":\t5,\n\t\t\t\t\t\"start\":\t26.000056,\n\t\t\t\t\t\"end\":\t27.000057,\n\t\t\t\t\t\"seconds\":\t1.0000009536743164,\n\t\t\t\t\t\"bytes\":\t574968,\n\t\t\t\t\t\"bits_per_second\":\t4599739.61334647,\n\t\t\t\t\t\"omitted\":\tfalse,\n\t\t\t\t\t\"sender\":\tfalse\n\t\t\t\t}],\n\t\t\t\"sum\":\t{\n\t\t\t\t\"start\":\t26.000056,\n\t\t\t\t\"end\":\t27.000057,\n\t\t\t\t\"seconds\":\t1.0000009536743164,\n\t\t\t\t\"bytes\":\t574968,\n\t\t\t\t\"bits_per_second\":\t4599739.61334647,\n\t\t\t\t\"omitted\":\tfalse,\n\t\t\t\t\"sender\":\tfalse\n\t\t\t}\n\t\t}, {\n\t\t\t\"streams\":\t[{\n\t\t\t\t\t\"socket\":\t5,\n\t\t\t\t\t\"start\":\t27.000057,\n\t\t\t\t\t\"end\":\t28.000063,\n\t\t\t\t\t\"seconds\":\t1.0000059604644775,\n\t\t\t\t\t\"bytes\":\t587304,\n\t\t\t\t\t\"bits_per_second\":\t4698403.9953298848,\n\t\t\t\t\t\"omitted\":\tfalse,\n\t\t\t\t\t\"sender\":\tfalse\n\t\t\t\t}],\n\t\t\t\"sum\":\t{\n\t\t\t\t\"start\":\t27.000057,\n\t\t\t\t\"end\":\t28.000063,\n\t\t\t\t\"seconds\":\t1.0000059604644775,\n\t\t\t\t\"bytes\":\t587304,\n\t\t\t\t\"bits_per_second\":\t4698403.9953298848,\n\t\t\t\t\"omitted\":\tfalse,\n\t\t\t\t\"sender\":\tfalse\n\t\t\t}\n\t\t}, {\n\t\t\t\"streams\":\t[{\n\t\t\t\t\t\"socket\":\t5,\n\t\t\t\t\t\"start\":\t28.000063,\n\t\t\t\t\t\"end\":\t29.000058,\n\t\t\t\t\t\"seconds\":\t0.999994993209839,\n\t\t\t\t\t\"bytes\":\t573520,\n\t\t\t\t\t\"bits_per_second\":\t4588182.9720693622,\n\t\t\t\t\t\"omitted\":\tfalse,\n\t\t\t\t\t\"sender\":\tfalse\n\t\t\t\t}],\n\t\t\t\"sum\":\t{\n\t\t\t\t\"start\":\t28.000063,\n\t\t\t\t\"end\":\t29.000058,\n\t\t\t\t\"seconds\":\t0.999994993209839,\n\t\t\t\t\"bytes\":\t573520,\n\t\t\t\t\"bits_per_second\":\t4588182.9720693622,\n\t\t\t\t\"omitted\":\tfalse,\n\t\t\t\t\"sender\":\tfalse\n\t\t\t}\n\t\t}, {\n\t\t\t\"streams\":\t[{\n\t\t\t\t\t\"socket\":\t5,\n\t\t\t\t\t\"start\":\t29.000058,\n\t\t\t\t\t\"end\":\t30.00006,\n\t\t\t\t\t\"seconds\":\t1.0000020265579224,\n\t\t\t\t\t\"bytes\":\t610472,\n\t\t\t\t\t\"bits_per_second\":\t4883766.1027651131,\n\t\t\t\t\t\"omitted\":\tfalse,\n\t\t\t\t\t\"sender\":\tfalse\n\t\t\t\t}],\n\t\t\t\"sum\":\t{\n\t\t\t\t\"start\":\t29.000058,\n\t\t\t\t\"end\":\t30.00006,\n\t\t\t\t\"seconds\":\t1.0000020265579224,\n\t\t\t\t\"bytes\":\t610472,\n\t\t\t\t\"bits_per_second\":\t4883766.1027651131,\n\t\t\t\t\"omitted\":\tfalse,\n\t\t\t\t\"sender\":\tfalse\n\t\t\t}\n\t\t}],\n\t\"end\":\t{\n\t\t\"streams\":\t[{\n\t\t\t\t\"sender\":\t{\n\t\t\t\t\t\"socket\":\t5,\n\t\t\t\t\t\"start\":\t0,\n\t\t\t\t\t\"end\":\t30.00006,\n\t\t\t\t\t\"seconds\":\t30.00006,\n\t\t\t\t\t\"bytes\":\t17956864,\n\t\t\t\t\t\"bits_per_second\":\t4788487.4896916868,\n\t\t\t\t\t\"sender\":\tfalse\n\t\t\t\t},\n\t\t\t\t\"receiver\":\t{\n\t\t\t\t\t\"socket\":\t5,\n\t\t\t\t\t\"start\":\t0,\n\t\t\t\t\t\"end\":\t30.00006,\n\t\t\t\t\t\"seconds\":\t30.00006,\n\t\t\t\t\t\"bytes\":\t17714992,\n\t\t\t\t\t\"bits_per_second\":\t4723988.41868983,\n\t\t\t\t\t\"sender\":\tfalse\n\t\t\t\t}\n\t\t\t}],\n\t\t\"sum_sent\":\t{\n\t\t\t\"start\":\t0,\n\t\t\t\"end\":\t30.00006,\n\t\t\t\"seconds\":\t30.00006,\n\t\t\t\"bytes\":\t17956864,\n\t\t\t\"bits_per_second\":\t4788487.4896916868,\n\t\t\t\"sender\":\tfalse\n\t\t},\n\t\t\"sum_received\":\t{\n\t\t\t\"start\":\t0,\n\t\t\t\"end\":\t30.00006,\n\t\t\t\"seconds\":\t30.00006,\n\t\t\t\"bytes\":\t17714992,\n\t\t\t\"bits_per_second\":\t4723988.41868983,\n\t\t\t\"sender\":\tfalse\n\t\t},\n\t\t\"cpu_utilization_percent\":\t{\n\t\t\t\"host_total\":\t0.24839031925487023,\n\t\t\t\"host_user\":\t0.040225825325315982,\n\t\t\t\"host_system\":\t0.208167815632719,\n\t\t\t\"remote_total\":\t0.308163,\n\t\t\t\"remote_user\":\t0.155738,\n\t\t\t\"remote_system\":\t0.152425\n\t\t},\n\t\t\"receiver_tcp_congestion\":\t\"bbr\"\n\t}\n}\n",
            "stderr": "",
            "exit_code": 0,
            "iperf_json": {
              "start": {
                "connected": [
                  {
                    "socket": 5,
                    "local_host": "192.168.3.1",
                    "local_port": 58462,
                    "remote_host": "192.168.3.2",
                    "remote_port": 5201
                  }
                ],
                "version": "iperf 3.10.1",
                "system_info": "Linux CBA-20240614 6.2.15-100.fc36.x86_64 #1 SMP PREEMPT_DYNAMIC Thu May 11 16:51:53 UTC 2023 x86_64",
                "timestamp": {
                  "time": "Mon, 03 Aug 2026 09:33:50 GMT",
                  "timesecs": 1785749630
                },
                "connecting_to": {
                  "host": "192.168.3.2",
                  "port": 5201
                },
                "cookie": "6zcqeyqikifpgt6c4p7fmxdtblos7di6bn32",
                "tcp_mss_default": 1448,
                "sock_bufsize": 0,
                "sndbuf_actual": 16384,
                "rcvbuf_actual": 131072,
                "test_start": {
                  "protocol": "TCP",
                  "num_streams": 1,
                  "blksize": 131072,
                  "omit": 0,
                  "duration": 30,
                  "bytes": 0,
                  "blocks": 0,
                  "reverse": 1,
                  "tos": 0
                }
              },
              "intervals": [
                {
                  "streams": [
                    {
                      "socket": 5,
                      "start": 0,
                      "end": 1.000057,
                      "seconds": 1.0000569820404053,
                      "bytes": 605264,
                      "bits_per_second": 4841836.102299583,
                      "omitted": false,
                      "sender": false
                    }
                  ],
                  "sum": {
                    "start": 0,
                    "end": 1.000057,
                    "seconds": 1.0000569820404053,
                    "bytes": 605264,
                    "bits_per_second": 4841836.102299583,
                    "omitted": false,
                    "sender": false
                  }
                },
                {
                  "streams": [
                    {
                      "socket": 5,
                      "start": 1.000057,
                      "end": 2.000057,
                      "seconds": 1,
                      "bytes": 506800,
                      "bits_per_second": 4054400,
                      "omitted": false,
                      "sender": false
                    }
                  ],
                  "sum": {
                    "start": 1.000057,
                    "end": 2.000057,
                    "seconds": 1,
                    "bytes": 506800,
                    "bits_per_second": 4054400,
                    "omitted": false,
                    "sender": false
                  }
                },
                {
                  "streams": [
                    {
                      "socket": 5,
                      "start": 2.000057,
                      "end": 3.000058,
                      "seconds": 1.0000009536743164,
                      "bytes": 570848,
                      "bits_per_second": 4566779.644779544,
                      "omitted": false,
                      "sender": false
                    }
                  ],
                  "sum": {
                    "start": 2.000057,
                    "end": 3.000058,
                    "seconds": 1.0000009536743164,
                    "bytes": 570848,
                    "bits_per_second": 4566779.644779544,
                    "omitted": false,
                    "sender": false
                  }
                },
                {
                  "streams": [
                    {
                      "socket": 5,
                      "start": 3.000058,
                      "end": 4.000058,
                      "seconds": 1,
                      "bytes": 588752,
                      "bits_per_second": 4710016,
                      "omitted": false,
                      "sender": false
                    }
                  ],
                  "sum": {
                    "start": 3.000058,
                    "end": 4.000058,
                    "seconds": 1,
                    "bytes": 588752,
                    "bits_per_second": 4710016,
                    "omitted": false,
                    "sender": false
                  }
                },
                {
                  "streams": [
                    {
                      "socket": 5,
                      "start": 4.000058,
                      "end": 5.000003,
                      "seconds": 0.9999449849128723,
                      "bytes": 601032,
                      "bits_per_second": 4808520.541176528,
                      "omitted": false,
                      "sender": false
                    }
                  ],
                  "sum": {
                    "start": 4.000058,
                    "end": 5.000003,
                    "seconds": 0.9999449849128723,
                    "bytes": 601032,
                    "bits_per_second": 4808520.541176528,
                    "omitted": false,
                    "sender": false
                  }
                },
                {
                  "streams": [
                    {
                      "socket": 5,
                      "start": 5.000003,
                      "end": 6.000056,
                      "seconds": 1.00005304813385,
                      "bytes": 588752,
                      "bits_per_second": 4709766.15569457,
                      "omitted": false,
                      "sender": false
                    }
                  ],
                  "sum": {
                    "start": 5.000003,
                    "end": 6.000056,
                    "seconds": 1.00005304813385,
                    "bytes": 588752,
                    "bits_per_second": 4709766.15569457,
                    "omitted": false,
                    "sender": false
                  }
                },
                {
                  "streams": [
                    {
                      "socket": 5,
                      "start": 6.000056,
                      "end": 7.000057,
                      "seconds": 1.0000009536743164,
                      "bytes": 585104,
                      "bits_per_second": 4680827.536015,
                      "omitted": false,
                      "sender": false
                    }
                  ],
                  "sum": {
                    "start": 6.000056,
                    "end": 7.000057,
                    "seconds": 1.0000009536743164,
                    "bytes": 585104,
                    "bits_per_second": 4680827.536015,
                    "omitted": false,
                    "sender": false
                  }
                },
                {
                  "streams": [
                    {
                      "socket": 5,
                      "start": 7.000057,
                      "end": 8.000058,
                      "seconds": 1.0000009536743164,
                      "bytes": 646672,
                      "bits_per_second": 5173371.066288885,
                      "omitted": false,
                      "sender": false
                    }
                  ],
                  "sum": {
                    "start": 7.000057,
                    "end": 8.000058,
                    "seconds": 1.0000009536743164,
                    "bytes": 646672,
                    "bits_per_second": 5173371.066288885,
                    "omitted": false,
                    "sender": false
                  }
                },
                {
                  "streams": [
                    {
                      "socket": 5,
                      "start": 8.000058,
                      "end": 9.000058,
                      "seconds": 1,
                      "bytes": 611920,
                      "bits_per_second": 4895360,
                      "omitted": false,
                      "sender": false
                    }
                  ],
                  "sum": {
                    "start": 8.000058,
                    "end": 9.000058,
                    "seconds": 1,
                    "bytes": 611920,
                    "bits_per_second": 4895360,
                    "omitted": false,
                    "sender": false
                  }
                },
                {
                  "streams": [
                    {
                      "socket": 5,
                      "start": 9.000058,
                      "end": 10.000057,
                      "seconds": 0.9999989867210388,
                      "bytes": 640880,
                      "bits_per_second": 5127045.19512703,
                      "omitted": false,
                      "sender": false
                    }
                  ],
                  "sum": {
                    "start": 9.000058,
                    "end": 10.000057,
                    "seconds": 0.9999989867210388,
                    "bytes": 640880,
                    "bits_per_second": 5127045.19512703,
                    "omitted": false,
                    "sender": false
                  }
                },
                {
                  "streams": [
                    {
                      "socket": 5,
                      "start": 10.000057,
                      "end": 11.000057,
                      "seconds": 1,
                      "bytes": 590896,
                      "bits_per_second": 4727168,
                      "omitted": false,
                      "sender": false
                    }
                  ],
                  "sum": {
                    "start": 10.000057,
                    "end": 11.000057,
                    "seconds": 1,
                    "bytes": 590896,
                    "bits_per_second": 4727168,
                    "omitted": false,
                    "sender": false
                  }
                },
                {
                  "streams": [
                    {
                      "socket": 5,
                      "start": 11.000057,
                      "end": 12.000056,
                      "seconds": 0.9999989867210388,
                      "bytes": 624952,
                      "bits_per_second": 4999621.06601084,
                      "omitted": false,
                      "sender": false
                    }
                  ],
                  "sum": {
                    "start": 11.000057,
                    "end": 12.000056,
                    "seconds": 0.9999989867210388,
                    "bytes": 624952,
                    "bits_per_second": 4999621.06601084,
                    "omitted": false,
                    "sender": false
                  }
                },
                {
                  "streams": [
                    {
                      "socket": 5,
                      "start": 12.000056,
                      "end": 13.000057,
                      "seconds": 1.0000009536743164,
                      "bytes": 617712,
                      "bits_per_second": 4941691.28723594,
                      "omitted": false,
                      "sender": false
                    }
                  ],
                  "sum": {
                    "start": 12.000056,
                    "end": 13.000057,
                    "seconds": 1.0000009536743164,
                    "bytes": 617712,
                    "bits_per_second": 4941691.28723594,
                    "omitted": false,
                    "sender": false
                  }
                },
                {
                  "streams": [
                    {
                      "socket": 5,
                      "start": 13.000057,
                      "end": 14.000057,
                      "seconds": 1,
                      "bytes": 616264,
                      "bits_per_second": 4930112,
                      "omitted": false,
                      "sender": false
                    }
                  ],
                  "sum": {
                    "start": 13.000057,
                    "end": 14.000057,
                    "seconds": 1,
                    "bytes": 616264,
                    "bits_per_second": 4930112,
                    "omitted": false,
                    "sender": false
                  }
                },
                {
                  "streams": [
                    {
                      "socket": 5,
                      "start": 14.000057,
                      "end": 15.000056,
                      "seconds": 0.9999989867210388,
                      "bytes": 640128,
                      "bits_per_second": 5121029.189031137,
                      "omitted": false,
                      "sender": false
                    }
                  ],
                  "sum": {
                    "start": 14.000057,
                    "end": 15.000056,
                    "seconds": 0.9999989867210388,
                    "bytes": 640128,
                    "bits_per_second": 5121029.189031137,
                    "omitted": false,
                    "sender": false
                  }
                },
                {
                  "streams": [
                    {
                      "socket": 5,
                      "start": 15.000056,
                      "end": 16.000057,
                      "seconds": 1.0000009536743164,
                      "bytes": 540968,
                      "bits_per_second": 4327739.872745635,
                      "omitted": false,
                      "sender": false
                    }
                  ],
                  "sum": {
                    "start": 15.000056,
                    "end": 16.000057,
                    "seconds": 1.0000009536743164,
                    "bytes": 540968,
                    "bits_per_second": 4327739.872745635,
                    "omitted": false,
                    "sender": false
                  }
                },
                {
                  "streams": [
                    {
                      "socket": 5,
                      "start": 16.000057,
                      "end": 17.000056,
                      "seconds": 0.9999989867210388,
                      "bytes": 580760,
                      "bits_per_second": 4646084.707779886,
                      "omitted": false,
                      "sender": false
                    }
                  ],
                  "sum": {
                    "start": 16.000057,
                    "end": 17.000056,
                    "seconds": 0.9999989867210388,
                    "bytes": 580760,
                    "bits_per_second": 4646084.707779886,
                    "omitted": false,
                    "sender": false
                  }
                },
                {
                  "streams": [
                    {
                      "socket": 5,
                      "start": 17.000056,
                      "end": 18.000056,
                      "seconds": 1,
                      "bytes": 580760,
                      "bits_per_second": 4646080,
                      "omitted": false,
                      "sender": false
                    }
                  ],
                  "sum": {
                    "start": 17.000056,
                    "end": 18.000056,
                    "seconds": 1,
                    "bytes": 580760,
                    "bits_per_second": 4646080,
                    "omitted": false,
                    "sender": false
                  }
                },
                {
                  "streams": [
                    {
                      "socket": 5,
                      "start": 18.000056,
                      "end": 19.000008,
                      "seconds": 0.9999520182609558,
                      "bytes": 567032,
                      "bits_per_second": 4536473.667895714,
                      "omitted": false,
                      "sender": false
                    }
                  ],
                  "sum": {
                    "start": 18.000056,
                    "end": 19.000008,
                    "seconds": 0.9999520182609558,
                    "bytes": 567032,
                    "bits_per_second": 4536473.667895714,
                    "omitted": false,
                    "sender": false
                  }
                },
                {
                  "streams": [
                    {
                      "socket": 5,
                      "start": 19.000008,
                      "end": 20.000056,
                      "seconds": 1.000048041343689,
                      "bytes": 557592,
                      "bits_per_second": 4460521.71054347,
                      "omitted": false,
                      "sender": false
                    }
                  ],
                  "sum": {
                    "start": 19.000008,
                    "end": 20.000056,
                    "seconds": 1.000048041343689,
                    "bytes": 557592,
                    "bits_per_second": 4460521.71054347,
                    "omitted": false,
                    "sender": false
                  }
                },
                {
                  "streams": [
                    {
                      "socket": 5,
                      "start": 20.000056,
                      "end": 21.000056,
                      "seconds": 1,
                      "bytes": 561936,
                      "bits_per_second": 4495488,
                      "omitted": false,
                      "sender": false
                    }
                  ],
                  "sum": {
                    "start": 20.000056,
                    "end": 21.000056,
                    "seconds": 1,
                    "bytes": 561936,
                    "bits_per_second": 4495488,
                    "omitted": false,
                    "sender": false
                  }
                },
                {
                  "streams": [
                    {
                      "socket": 5,
                      "start": 21.000056,
                      "end": 22.000056,
                      "seconds": 1,
                      "bytes": 561240,
                      "bits_per_second": 4489920,
                      "omitted": false,
                      "sender": false
                    }
                  ],
                  "sum": {
                    "start": 21.000056,
                    "end": 22.000056,
                    "seconds": 1,
                    "bytes": 561240,
                    "bits_per_second": 4489920,
                    "omitted": false,
                    "sender": false
                  }
                },
                {
                  "streams": [
                    {
                      "socket": 5,
                      "start": 22.000056,
                      "end": 23.000065,
                      "seconds": 1.0000089406967163,
                      "bytes": 573520,
                      "bits_per_second": 4588118.97901971,
                      "omitted": false,
                      "sender": false
                    }
                  ],
                  "sum": {
                    "start": 22.000056,
                    "end": 23.000065,
                    "seconds": 1.0000089406967163,
                    "bytes": 573520,
                    "bits_per_second": 4588118.97901971,
                    "omitted": false,
                    "sender": false
                  }
                },
                {
                  "streams": [
                    {
                      "socket": 5,
                      "start": 23.000065,
                      "end": 24.000056,
                      "seconds": 0.999990999698639,
                      "bytes": 619160,
                      "bits_per_second": 4953324.581413972,
                      "omitted": false,
                      "sender": false
                    }
                  ],
                  "sum": {
                    "start": 23.000065,
                    "end": 24.000056,
                    "seconds": 0.999990999698639,
                    "bytes": 619160,
                    "bits_per_second": 4953324.581413972,
                    "omitted": false,
                    "sender": false
                  }
                },
                {
                  "streams": [
                    {
                      "socket": 5,
                      "start": 24.000056,
                      "end": 25.000056,
                      "seconds": 1,
                      "bytes": 605376,
                      "bits_per_second": 4843008,
                      "omitted": false,
                      "sender": false
                    }
                  ],
                  "sum": {
                    "start": 24.000056,
                    "end": 25.000056,
                    "seconds": 1,
                    "bytes": 605376,
                    "bits_per_second": 4843008,
                    "omitted": false,
                    "sender": false
                  }
                },
                {
                  "streams": [
                    {
                      "socket": 5,
                      "start": 25.000056,
                      "end": 26.000056,
                      "seconds": 1,
                      "bytes": 584408,
                      "bits_per_second": 4675264,
                      "omitted": false,
                      "sender": false
                    }
                  ],
                  "sum": {
                    "start": 25.000056,
                    "end": 26.000056,
                    "seconds": 1,
                    "bytes": 584408,
                    "bits_per_second": 4675264,
                    "omitted": false,
                    "sender": false
                  }
                },
                {
                  "streams": [
                    {
                      "socket": 5,
                      "start": 26.000056,
                      "end": 27.000057,
                      "seconds": 1.0000009536743164,
                      "bytes": 574968,
                      "bits_per_second": 4599739.61334647,
                      "omitted": false,
                      "sender": false
                    }
                  ],
                  "sum": {
                    "start": 26.000056,
                    "end": 27.000057,
                    "seconds": 1.0000009536743164,
                    "bytes": 574968,
                    "bits_per_second": 4599739.61334647,
                    "omitted": false,
                    "sender": false
                  }
                },
                {
                  "streams": [
                    {
                      "socket": 5,
                      "start": 27.000057,
                      "end": 28.000063,
                      "seconds": 1.0000059604644775,
                      "bytes": 587304,
                      "bits_per_second": 4698403.995329885,
                      "omitted": false,
                      "sender": false
                    }
                  ],
                  "sum": {
                    "start": 27.000057,
                    "end": 28.000063,
                    "seconds": 1.0000059604644775,
                    "bytes": 587304,
                    "bits_per_second": 4698403.995329885,
                    "omitted": false,
                    "sender": false
                  }
                },
                {
                  "streams": [
                    {
                      "socket": 5,
                      "start": 28.000063,
                      "end": 29.000058,
                      "seconds": 0.999994993209839,
                      "bytes": 573520,
                      "bits_per_second": 4588182.972069362,
                      "omitted": false,
                      "sender": false
                    }
                  ],
                  "sum": {
                    "start": 28.000063,
                    "end": 29.000058,
                    "seconds": 0.999994993209839,
                    "bytes": 573520,
                    "bits_per_second": 4588182.972069362,
                    "omitted": false,
                    "sender": false
                  }
                },
                {
                  "streams": [
                    {
                      "socket": 5,
                      "start": 29.000058,
                      "end": 30.00006,
                      "seconds": 1.0000020265579224,
                      "bytes": 610472,
                      "bits_per_second": 4883766.102765113,
                      "omitted": false,
                      "sender": false
                    }
                  ],
                  "sum": {
                    "start": 29.000058,
                    "end": 30.00006,
                    "seconds": 1.0000020265579224,
                    "bytes": 610472,
                    "bits_per_second": 4883766.102765113,
                    "omitted": false,
                    "sender": false
                  }
                }
              ],
              "end": {
                "streams": [
                  {
                    "sender": {
                      "socket": 5,
                      "start": 0,
                      "end": 30.00006,
                      "seconds": 30.00006,
                      "bytes": 17956864,
                      "bits_per_second": 4788487.489691687,
                      "sender": false
                    },
                    "receiver": {
                      "socket": 5,
                      "start": 0,
                      "end": 30.00006,
                      "seconds": 30.00006,
                      "bytes": 17714992,
                      "bits_per_second": 4723988.41868983,
                      "sender": false
                    }
                  }
                ],
                "sum_sent": {
                  "start": 0,
                  "end": 30.00006,
                  "seconds": 30.00006,
                  "bytes": 17956864,
                  "bits_per_second": 4788487.489691687,
                  "sender": false
                },
                "sum_received": {
                  "start": 0,
                  "end": 30.00006,
                  "seconds": 30.00006,
                  "bytes": 17714992,
                  "bits_per_second": 4723988.41868983,
                  "sender": false
                },
                "cpu_utilization_percent": {
                  "host_total": 0.24839031925487023,
                  "host_user": 0.04022582532531598,
                  "host_system": 0.208167815632719,
                  "remote_total": 0.308163,
                  "remote_user": 0.155738,
                  "remote_system": 0.152425
                },
                "receiver_tcp_congestion": "bbr"
              }
            }
          },
          "storage_targets": {
            "timeseries": "samples",
            "neo4j": "parameters + context + test relationship",
            "qdrant": "summary + future notes/log analysis"
          },
          "result_file": "D:\\NetworkAutomation\\results\\iperf\\2026-08-03\\iperf-20260803-174220-8cb635.json",
          "text_log_file": "D:\\NetworkAutomation\\results\\iperf\\2026-08-03\\iperf-20260803-174220-8cb635.txt",
          "returncode": 0
        }
      }
    ]
  },
  "schema_version": "1.0",
  "timestamp": "2026-08-03T17:42:20+08:00",
  "result_file": null
}
