{
  "success": true,
  "tool": "iperf.bidirectional",
  "human_summary": "PASS｜雙向 iPerf 測試完成\n\n【Download】\n方向：Download\nUE Data IP：192.168.3.2\n測試時間：30 秒\n平均速度：13.059 Mbps\n最低速度：10.945 Mbps\n最高速度：18.591 Mbps\n總傳輸量：48.97 MB\nRetransmissions：0\nTCP Congestion：BBR\n速度走勢：█▄▁▁▄▄▁▄▄▄▁▁▄▁▄▁▄▁▄▄▁▄▄▄▁▄▄▁▁▄\n\n【Upload】\n方向：Upload\nUE Data IP：192.168.3.2\n測試時間：30 秒\n平均速度：4.612 Mbps\n最低速度：3.824 Mbps\n最高速度：5.173 Mbps\n總傳輸量：17.295 MB\nRetransmissions：N/A\nTCP Congestion：BBR\n速度走勢：▇▇▇█▇▇▅▆▅▅▇▆▅▅▄▄▄▄▁▃▄▆▄▃▃▃▄▆▆▇\n\n結果：PASS",
  "machine_result": {
    "success": true,
    "ue_ip": "192.168.3.2",
    "duration_sec_each": 30,
    "results": [
      {
        "direction": "download",
        "result": {
          "success": true,
          "schema_version": "2.0",
          "test_id": "iperf-20260804-124237-740fb8",
          "test_type": "iperf3",
          "timestamp_end": "2026-08-04T12:42:37+08:00",
          "parameters": {
            "ue_ip": "192.168.3.2",
            "band": 5,
            "bandwidth_mhz": 10.0,
            "cell": 1,
            "dl_earfcn": 2525,
            "direction": "download",
            "duration_sec": 30,
            "port": 5201,
            "parallel_streams": 1,
            "interval_sec": 1,
            "reverse": false
          },
          "precheck": {
            "ue_ping": true,
            "ping_command": "ping -c 1 -W 2 192.168.3.2",
            "iperf_server": {
              "success": true,
              "ready": true,
              "action": "already_listening",
              "initial_check": {
                "success": true,
                "reachable": true,
                "host": "192.168.3.2",
                "port": 5201,
                "method": "executor_tcp",
                "command": "python3 -c 'import socket,sys;s=socket.socket();s.settimeout(3);r=s.connect_ex(('\"'\"'192.168.3.2'\"'\"',5201));s.close();sys.exit(0 if r==0 else 1)'",
                "stdout": "",
                "stderr": "",
                "exit_code": 0
              },
              "message": "iPerf Server 192.168.3.2:5201 已在 Listen。"
            }
          },
          "summary": {
            "average_mbps": 13.059,
            "minimum_mbps": 10.945,
            "maximum_mbps": 18.591,
            "total_transfer_mbytes": 48.97,
            "retransmissions": 0,
            "packet_loss_percent": null,
            "sample_count": 30
          },
          "samples": [
            {
              "second_start": 0,
              "second_end": 1.000085,
              "throughput_mbps": 18.591,
              "transfer_mbytes": 2.324,
              "retransmissions": 0,
              "packet_loss_percent": null,
              "omitted": false
            },
            {
              "second_start": 1.000085,
              "second_end": 2.000057,
              "throughput_mbps": 14.596,
              "transfer_mbytes": 1.824,
              "retransmissions": 0,
              "packet_loss_percent": null,
              "omitted": false
            },
            {
              "second_start": 2.000057,
              "second_end": 3.000018,
              "throughput_mbps": 10.947,
              "transfer_mbytes": 1.368,
              "retransmissions": 0,
              "packet_loss_percent": null,
              "omitted": false
            },
            {
              "second_start": 3.000018,
              "second_end": 4.000021,
              "throughput_mbps": 10.947,
              "transfer_mbytes": 1.368,
              "retransmissions": 0,
              "packet_loss_percent": null,
              "omitted": false
            },
            {
              "second_start": 4.000021,
              "second_end": 5.000019,
              "throughput_mbps": 14.596,
              "transfer_mbytes": 1.824,
              "retransmissions": 0,
              "packet_loss_percent": null,
              "omitted": false
            },
            {
              "second_start": 5.000019,
              "second_end": 6.000019,
              "throughput_mbps": 14.596,
              "transfer_mbytes": 1.824,
              "retransmissions": 0,
              "packet_loss_percent": null,
              "omitted": false
            },
            {
              "second_start": 6.000019,
              "second_end": 7.000019,
              "throughput_mbps": 10.947,
              "transfer_mbytes": 1.368,
              "retransmissions": 0,
              "packet_loss_percent": null,
              "omitted": false
            },
            {
              "second_start": 7.000019,
              "second_end": 8.000227,
              "throughput_mbps": 14.593,
              "transfer_mbytes": 1.824,
              "retransmissions": 0,
              "packet_loss_percent": null,
              "omitted": false
            },
            {
              "second_start": 8.000227,
              "second_end": 9.000215,
              "throughput_mbps": 14.596,
              "transfer_mbytes": 1.824,
              "retransmissions": 0,
              "packet_loss_percent": null,
              "omitted": false
            },
            {
              "second_start": 9.000215,
              "second_end": 10.000018,
              "throughput_mbps": 14.599,
              "transfer_mbytes": 1.824,
              "retransmissions": 0,
              "packet_loss_percent": null,
              "omitted": false
            },
            {
              "second_start": 10.000018,
              "second_end": 11.000018,
              "throughput_mbps": 10.947,
              "transfer_mbytes": 1.368,
              "retransmissions": 0,
              "packet_loss_percent": null,
              "omitted": false
            },
            {
              "second_start": 11.000018,
              "second_end": 12.000018,
              "throughput_mbps": 10.947,
              "transfer_mbytes": 1.368,
              "retransmissions": 0,
              "packet_loss_percent": null,
              "omitted": false
            },
            {
              "second_start": 12.000018,
              "second_end": 13.00016,
              "throughput_mbps": 14.594,
              "transfer_mbytes": 1.824,
              "retransmissions": 0,
              "packet_loss_percent": null,
              "omitted": false
            },
            {
              "second_start": 13.00016,
              "second_end": 14.000018,
              "throughput_mbps": 10.948,
              "transfer_mbytes": 1.368,
              "retransmissions": 0,
              "packet_loss_percent": null,
              "omitted": false
            },
            {
              "second_start": 14.000018,
              "second_end": 15.000018,
              "throughput_mbps": 14.596,
              "transfer_mbytes": 1.824,
              "retransmissions": 0,
              "packet_loss_percent": null,
              "omitted": false
            },
            {
              "second_start": 15.000018,
              "second_end": 16.000019,
              "throughput_mbps": 10.947,
              "transfer_mbytes": 1.368,
              "retransmissions": 0,
              "packet_loss_percent": null,
              "omitted": false
            },
            {
              "second_start": 16.000019,
              "second_end": 17.000018,
              "throughput_mbps": 14.596,
              "transfer_mbytes": 1.824,
              "retransmissions": 0,
              "packet_loss_percent": null,
              "omitted": false
            },
            {
              "second_start": 17.000018,
              "second_end": 18.000229,
              "throughput_mbps": 10.945,
              "transfer_mbytes": 1.368,
              "retransmissions": 0,
              "packet_loss_percent": null,
              "omitted": false
            },
            {
              "second_start": 18.000229,
              "second_end": 19.00018,
              "throughput_mbps": 14.597,
              "transfer_mbytes": 1.824,
              "retransmissions": 0,
              "packet_loss_percent": null,
              "omitted": false
            },
            {
              "second_start": 19.00018,
              "second_end": 20.000018,
              "throughput_mbps": 14.598,
              "transfer_mbytes": 1.824,
              "retransmissions": 0,
              "packet_loss_percent": null,
              "omitted": false
            },
            {
              "second_start": 20.000018,
              "second_end": 21.000018,
              "throughput_mbps": 10.947,
              "transfer_mbytes": 1.368,
              "retransmissions": 0,
              "packet_loss_percent": null,
              "omitted": false
            },
            {
              "second_start": 21.000018,
              "second_end": 22.000093,
              "throughput_mbps": 14.595,
              "transfer_mbytes": 1.824,
              "retransmissions": 0,
              "packet_loss_percent": null,
              "omitted": false
            },
            {
              "second_start": 22.000093,
              "second_end": 23.000067,
              "throughput_mbps": 14.596,
              "transfer_mbytes": 1.824,
              "retransmissions": 0,
              "packet_loss_percent": null,
              "omitted": false
            },
            {
              "second_start": 23.000067,
              "second_end": 24.000019,
              "throughput_mbps": 14.597,
              "transfer_mbytes": 1.824,
              "retransmissions": 0,
              "packet_loss_percent": null,
              "omitted": false
            },
            {
              "second_start": 24.000019,
              "second_end": 25.000018,
              "throughput_mbps": 10.947,
              "transfer_mbytes": 1.368,
              "retransmissions": 0,
              "packet_loss_percent": null,
              "omitted": false
            },
            {
              "second_start": 25.000018,
              "second_end": 26.000144,
              "throughput_mbps": 14.594,
              "transfer_mbytes": 1.824,
              "retransmissions": 0,
              "packet_loss_percent": null,
              "omitted": false
            },
            {
              "second_start": 26.000144,
              "second_end": 27.000075,
              "throughput_mbps": 14.597,
              "transfer_mbytes": 1.824,
              "retransmissions": 0,
              "packet_loss_percent": null,
              "omitted": false
            },
            {
              "second_start": 27.000075,
              "second_end": 28.000184,
              "throughput_mbps": 10.946,
              "transfer_mbytes": 1.368,
              "retransmissions": 0,
              "packet_loss_percent": null,
              "omitted": false
            },
            {
              "second_start": 28.000184,
              "second_end": 29.000257,
              "throughput_mbps": 10.946,
              "transfer_mbytes": 1.368,
              "retransmissions": 0,
              "packet_loss_percent": null,
              "omitted": false
            },
            {
              "second_start": 29.000257,
              "second_end": 30.00022,
              "throughput_mbps": 14.596,
              "transfer_mbytes": 1.824,
              "retransmissions": 0,
              "packet_loss_percent": null,
              "omitted": false
            }
          ],
          "raw": {
            "command": "iperf3 -c 192.168.3.2 -p 5201 -P 1 -t 30 -i 1 -J",
            "stdout": "{\n\t\"start\":\t{\n\t\t\"connected\":\t[{\n\t\t\t\t\"socket\":\t5,\n\t\t\t\t\"local_host\":\t\"192.168.3.1\",\n\t\t\t\t\"local_port\":\t47424,\n\t\t\t\t\"remote_host\":\t\"192.168.3.2\",\n\t\t\t\t\"remote_port\":\t5201\n\t\t\t}],\n\t\t\"version\":\t\"iperf 3.10.1\",\n\t\t\"system_info\":\t\"Linux CBA-20240614 6.2.15-100.fc36.x86_64 #1 SMP PREEMPT_DYNAMIC Thu May 11 16:51:53 UTC 2023 x86_64\",\n\t\t\"timestamp\":\t{\n\t\t\t\"time\":\t\"Tue, 04 Aug 2026 04:34:06 GMT\",\n\t\t\t\"timesecs\":\t1785818046\n\t\t},\n\t\t\"connecting_to\":\t{\n\t\t\t\"host\":\t\"192.168.3.2\",\n\t\t\t\"port\":\t5201\n\t\t},\n\t\t\"cookie\":\t\"jm6cyau4myufrq3y3rapk2xcjspgvz24gcb7\",\n\t\t\"tcp_mss_default\":\t1448,\n\t\t\"sock_bufsize\":\t0,\n\t\t\"sndbuf_actual\":\t16384,\n\t\t\"rcvbuf_actual\":\t131072,\n\t\t\"test_start\":\t{\n\t\t\t\"protocol\":\t\"TCP\",\n\t\t\t\"num_streams\":\t1,\n\t\t\t\"blksize\":\t131072,\n\t\t\t\"omit\":\t0,\n\t\t\t\"duration\":\t30,\n\t\t\t\"bytes\":\t0,\n\t\t\t\"blocks\":\t0,\n\t\t\t\"reverse\":\t0,\n\t\t\t\"tos\":\t0\n\t\t}\n\t},\n\t\"intervals\":\t[{\n\t\t\t\"streams\":\t[{\n\t\t\t\t\t\"socket\":\t5,\n\t\t\t\t\t\"start\":\t0,\n\t\t\t\t\t\"end\":\t1.000085,\n\t\t\t\t\t\"seconds\":\t1.00008499622345,\n\t\t\t\t\t\"bytes\":\t2324040,\n\t\t\t\t\t\"bits_per_second\":\t18590739.85732099,\n\t\t\t\t\t\"retransmits\":\t0,\n\t\t\t\t\t\"snd_cwnd\":\t130320,\n\t\t\t\t\t\"snd_wnd\":\t212992,\n\t\t\t\t\t\"rtt\":\t31884,\n\t\t\t\t\t\"rttvar\":\t3517,\n\t\t\t\t\t\"pmtu\":\t1500,\n\t\t\t\t\t\"omitted\":\tfalse,\n\t\t\t\t\t\"sender\":\ttrue\n\t\t\t\t}],\n\t\t\t\"sum\":\t{\n\t\t\t\t\"start\":\t0,\n\t\t\t\t\"end\":\t1.000085,\n\t\t\t\t\"seconds\":\t1.00008499622345,\n\t\t\t\t\"bytes\":\t2324040,\n\t\t\t\t\"bits_per_second\":\t18590739.85732099,\n\t\t\t\t\"retransmits\":\t0,\n\t\t\t\t\"omitted\":\tfalse,\n\t\t\t\t\"sender\":\ttrue\n\t\t\t}\n\t\t}, {\n\t\t\t\"streams\":\t[{\n\t\t\t\t\t\"socket\":\t5,\n\t\t\t\t\t\"start\":\t1.000085,\n\t\t\t\t\t\"end\":\t2.000057,\n\t\t\t\t\t\"seconds\":\t0.99997198581695557,\n\t\t\t\t\t\"bytes\":\t1824480,\n\t\t\t\t\t\"bits_per_second\":\t14596248.9019885,\n\t\t\t\t\t\"retransmits\":\t0,\n\t\t\t\t\t\"snd_cwnd\":\t92672,\n\t\t\t\t\t\"snd_wnd\":\t212992,\n\t\t\t\t\t\"rtt\":\t61078,\n\t\t\t\t\t\"rttvar\":\t12872,\n\t\t\t\t\t\"pmtu\":\t1500,\n\t\t\t\t\t\"omitted\":\tfalse,\n\t\t\t\t\t\"sender\":\ttrue\n\t\t\t\t}],\n\t\t\t\"sum\":\t{\n\t\t\t\t\"start\":\t1.000085,\n\t\t\t\t\"end\":\t2.000057,\n\t\t\t\t\"seconds\":\t0.99997198581695557,\n\t\t\t\t\"bytes\":\t1824480,\n\t\t\t\t\"bits_per_second\":\t14596248.9019885,\n\t\t\t\t\"retransmits\":\t0,\n\t\t\t\t\"omitted\":\tfalse,\n\t\t\t\t\"sender\":\ttrue\n\t\t\t}\n\t\t}, {\n\t\t\t\"streams\":\t[{\n\t\t\t\t\t\"socket\":\t5,\n\t\t\t\t\t\"start\":\t2.000057,\n\t\t\t\t\t\"end\":\t3.000018,\n\t\t\t\t\t\"seconds\":\t0.999961018562317,\n\t\t\t\t\t\"bytes\":\t1368360,\n\t\t\t\t\t\"bits_per_second\":\t10947306.741755551,\n\t\t\t\t\t\"retransmits\":\t0,\n\t\t\t\t\t\"snd_cwnd\":\t81088,\n\t\t\t\t\t\"snd_wnd\":\t212992,\n\t\t\t\t\t\"rtt\":\t44315,\n\t\t\t\t\t\"rttvar\":\t1900,\n\t\t\t\t\t\"pmtu\":\t1500,\n\t\t\t\t\t\"omitted\":\tfalse,\n\t\t\t\t\t\"sender\":\ttrue\n\t\t\t\t}],\n\t\t\t\"sum\":\t{\n\t\t\t\t\"start\":\t2.000057,\n\t\t\t\t\"end\":\t3.000018,\n\t\t\t\t\"seconds\":\t0.999961018562317,\n\t\t\t\t\"bytes\":\t1368360,\n\t\t\t\t\"bits_per_second\":\t10947306.741755551,\n\t\t\t\t\"retransmits\":\t0,\n\t\t\t\t\"omitted\":\tfalse,\n\t\t\t\t\"sender\":\ttrue\n\t\t\t}\n\t\t}, {\n\t\t\t\"streams\":\t[{\n\t\t\t\t\t\"socket\":\t5,\n\t\t\t\t\t\"start\":\t3.000018,\n\t\t\t\t\t\"end\":\t4.000021,\n\t\t\t\t\t\"seconds\":\t1.0000029802322388,\n\t\t\t\t\t\"bytes\":\t1368360,\n\t\t\t\t\t\"bits_per_second\":\t10946847.375852538,\n\t\t\t\t\t\"retransmits\":\t0,\n\t\t\t\t\t\"snd_cwnd\":\t101360,\n\t\t\t\t\t\"snd_wnd\":\t212992,\n\t\t\t\t\t\"rtt\":\t71446,\n\t\t\t\t\t\"rttvar\":\t12274,\n\t\t\t\t\t\"pmtu\":\t1500,\n\t\t\t\t\t\"omitted\":\tfalse,\n\t\t\t\t\t\"sender\":\ttrue\n\t\t\t\t}],\n\t\t\t\"sum\":\t{\n\t\t\t\t\"start\":\t3.000018,\n\t\t\t\t\"end\":\t4.000021,\n\t\t\t\t\"seconds\":\t1.0000029802322388,\n\t\t\t\t\"bytes\":\t1368360,\n\t\t\t\t\"bits_per_second\":\t10946847.375852538,\n\t\t\t\t\"retransmits\":\t0,\n\t\t\t\t\"omitted\":\tfalse,\n\t\t\t\t\"sender\":\ttrue\n\t\t\t}\n\t\t}, {\n\t\t\t\"streams\":\t[{\n\t\t\t\t\t\"socket\":\t5,\n\t\t\t\t\t\"start\":\t4.000021,\n\t\t\t\t\t\"end\":\t5.000019,\n\t\t\t\t\t\"seconds\":\t0.99999797344207764,\n\t\t\t\t\t\"bytes\":\t1824480,\n\t\t\t\t\t\"bits_per_second\":\t14595869.579375129,\n\t\t\t\t\t\"retransmits\":\t0,\n\t\t\t\t\t\"snd_cwnd\":\t104256,\n\t\t\t\t\t\"snd_wnd\":\t212992,\n\t\t\t\t\t\"rtt\":\t51807,\n\t\t\t\t\t\"rttvar\":\t3655,\n\t\t\t\t\t\"pmtu\":\t1500,\n\t\t\t\t\t\"omitted\":\tfalse,\n\t\t\t\t\t\"sender\":\ttrue\n\t\t\t\t}],\n\t\t\t\"sum\":\t{\n\t\t\t\t\"start\":\t4.000021,\n\t\t\t\t\"end\":\t5.000019,\n\t\t\t\t\"seconds\":\t0.99999797344207764,\n\t\t\t\t\"bytes\":\t1824480,\n\t\t\t\t\"bits_per_second\":\t14595869.579375129,\n\t\t\t\t\"retransmits\":\t0,\n\t\t\t\t\"omitted\":\tfalse,\n\t\t\t\t\"sender\":\ttrue\n\t\t\t}\n\t\t}, {\n\t\t\t\"streams\":\t[{\n\t\t\t\t\t\"socket\":\t5,\n\t\t\t\t\t\"start\":\t5.000019,\n\t\t\t\t\t\"end\":\t6.000019,\n\t\t\t\t\t\"seconds\":\t1,\n\t\t\t\t\t\"bytes\":\t1824480,\n\t\t\t\t\t\"bits_per_second\":\t14595840,\n\t\t\t\t\t\"retransmits\":\t0,\n\t\t\t\t\t\"snd_cwnd\":\t115840,\n\t\t\t\t\t\"snd_wnd\":\t212992,\n\t\t\t\t\t\"rtt\":\t44437,\n\t\t\t\t\t\"rttvar\":\t3159,\n\t\t\t\t\t\"pmtu\":\t1500,\n\t\t\t\t\t\"omitted\":\tfalse,\n\t\t\t\t\t\"sender\":\ttrue\n\t\t\t\t}],\n\t\t\t\"sum\":\t{\n\t\t\t\t\"start\":\t5.000019,\n\t\t\t\t\"end\":\t6.000019,\n\t\t\t\t\"seconds\":\t1,\n\t\t\t\t\"bytes\":\t1824480,\n\t\t\t\t\"bits_per_second\":\t14595840,\n\t\t\t\t\"retransmits\":\t0,\n\t\t\t\t\"omitted\":\tfalse,\n\t\t\t\t\"sender\":\ttrue\n\t\t\t}\n\t\t}, {\n\t\t\t\"streams\":\t[{\n\t\t\t\t\t\"socket\":\t5,\n\t\t\t\t\t\"start\":\t6.000019,\n\t\t\t\t\t\"end\":\t7.000019,\n\t\t\t\t\t\"seconds\":\t1,\n\t\t\t\t\t\"bytes\":\t1368360,\n\t\t\t\t\t\"bits_per_second\":\t10946880,\n\t\t\t\t\t\"retransmits\":\t0,\n\t\t\t\t\t\"snd_cwnd\":\t112944,\n\t\t\t\t\t\"snd_wnd\":\t212992,\n\t\t\t\t\t\"rtt\":\t53086,\n\t\t\t\t\t\"rttvar\":\t4975,\n\t\t\t\t\t\"pmtu\":\t1500,\n\t\t\t\t\t\"omitted\":\tfalse,\n\t\t\t\t\t\"sender\":\ttrue\n\t\t\t\t}],\n\t\t\t\"sum\":\t{\n\t\t\t\t\"start\":\t6.000019,\n\t\t\t\t\"end\":\t7.000019,\n\t\t\t\t\"seconds\":\t1,\n\t\t\t\t\"bytes\":\t1368360,\n\t\t\t\t\"bits_per_second\":\t10946880,\n\t\t\t\t\"retransmits\":\t0,\n\t\t\t\t\"omitted\":\tfalse,\n\t\t\t\t\"sender\":\ttrue\n\t\t\t}\n\t\t}, {\n\t\t\t\"streams\":\t[{\n\t\t\t\t\t\"socket\":\t5,\n\t\t\t\t\t\"start\":\t7.000019,\n\t\t\t\t\t\"end\":\t8.000227,\n\t\t\t\t\t\"seconds\":\t1.0002080202102661,\n\t\t\t\t\t\"bytes\":\t1824480,\n\t\t\t\t\t\"bits_per_second\":\t14592804.401759973,\n\t\t\t\t\t\"retransmits\":\t0,\n\t\t\t\t\t\"snd_cwnd\":\t118736,\n\t\t\t\t\t\"snd_wnd\":\t212992,\n\t\t\t\t\t\"rtt\":\t44673,\n\t\t\t\t\t\"rttvar\":\t709,\n\t\t\t\t\t\"pmtu\":\t1500,\n\t\t\t\t\t\"omitted\":\tfalse,\n\t\t\t\t\t\"sender\":\ttrue\n\t\t\t\t}],\n\t\t\t\"sum\":\t{\n\t\t\t\t\"start\":\t7.000019,\n\t\t\t\t\"end\":\t8.000227,\n\t\t\t\t\"seconds\":\t1.0002080202102661,\n\t\t\t\t\"bytes\":\t1824480,\n\t\t\t\t\"bits_per_second\":\t14592804.401759973,\n\t\t\t\t\"retransmits\":\t0,\n\t\t\t\t\"omitted\":\tfalse,\n\t\t\t\t\"sender\":\ttrue\n\t\t\t}\n\t\t}, {\n\t\t\t\"streams\":\t[{\n\t\t\t\t\t\"socket\":\t5,\n\t\t\t\t\t\"start\":\t8.000227,\n\t\t\t\t\t\"end\":\t9.000215,\n\t\t\t\t\t\"seconds\":\t0.9999880194664,\n\t\t\t\t\t\"bytes\":\t1824480,\n\t\t\t\t\t\"bits_per_second\":\t14596014.86804655,\n\t\t\t\t\t\"retransmits\":\t0,\n\t\t\t\t\t\"snd_cwnd\":\t98464,\n\t\t\t\t\t\"snd_wnd\":\t212992,\n\t\t\t\t\t\"rtt\":\t43438,\n\t\t\t\t\t\"rttvar\":\t3114,\n\t\t\t\t\t\"pmtu\":\t1500,\n\t\t\t\t\t\"omitted\":\tfalse,\n\t\t\t\t\t\"sender\":\ttrue\n\t\t\t\t}],\n\t\t\t\"sum\":\t{\n\t\t\t\t\"start\":\t8.000227,\n\t\t\t\t\"end\":\t9.000215,\n\t\t\t\t\"seconds\":\t0.9999880194664,\n\t\t\t\t\"bytes\":\t1824480,\n\t\t\t\t\"bits_per_second\":\t14596014.86804655,\n\t\t\t\t\"retransmits\":\t0,\n\t\t\t\t\"omitted\":\tfalse,\n\t\t\t\t\"sender\":\ttrue\n\t\t\t}\n\t\t}, {\n\t\t\t\"streams\":\t[{\n\t\t\t\t\t\"socket\":\t5,\n\t\t\t\t\t\"start\":\t9.000215,\n\t\t\t\t\t\"end\":\t10.000018,\n\t\t\t\t\t\"seconds\":\t0.99980300664901733,\n\t\t\t\t\t\"bytes\":\t1824480,\n\t\t\t\t\t\"bits_per_second\":\t14598715.849955326,\n\t\t\t\t\t\"retransmits\":\t0,\n\t\t\t\t\t\"snd_cwnd\":\t89776,\n\t\t\t\t\t\"snd_wnd\":\t212992,\n\t\t\t\t\t\"rtt\":\t80008,\n\t\t\t\t\t\"rttvar\":\t1832,\n\t\t\t\t\t\"pmtu\":\t1500,\n\t\t\t\t\t\"omitted\":\tfalse,\n\t\t\t\t\t\"sender\":\ttrue\n\t\t\t\t}],\n\t\t\t\"sum\":\t{\n\t\t\t\t\"start\":\t9.000215,\n\t\t\t\t\"end\":\t10.000018,\n\t\t\t\t\"seconds\":\t0.99980300664901733,\n\t\t\t\t\"bytes\":\t1824480,\n\t\t\t\t\"bits_per_second\":\t14598715.849955326,\n\t\t\t\t\"retransmits\":\t0,\n\t\t\t\t\"omitted\":\tfalse,\n\t\t\t\t\"sender\":\ttrue\n\t\t\t}\n\t\t}, {\n\t\t\t\"streams\":\t[{\n\t\t\t\t\t\"socket\":\t5,\n\t\t\t\t\t\"start\":\t10.000018,\n\t\t\t\t\t\"end\":\t11.000018,\n\t\t\t\t\t\"seconds\":\t1,\n\t\t\t\t\t\"bytes\":\t1368360,\n\t\t\t\t\t\"bits_per_second\":\t10946880,\n\t\t\t\t\t\"retransmits\":\t0,\n\t\t\t\t\t\"snd_cwnd\":\t98464,\n\t\t\t\t\t\"snd_wnd\":\t212992,\n\t\t\t\t\t\"rtt\":\t40640,\n\t\t\t\t\t\"rttvar\":\t3261,\n\t\t\t\t\t\"pmtu\":\t1500,\n\t\t\t\t\t\"omitted\":\tfalse,\n\t\t\t\t\t\"sender\":\ttrue\n\t\t\t\t}],\n\t\t\t\"sum\":\t{\n\t\t\t\t\"start\":\t10.000018,\n\t\t\t\t\"end\":\t11.000018,\n\t\t\t\t\"seconds\":\t1,\n\t\t\t\t\"bytes\":\t1368360,\n\t\t\t\t\"bits_per_second\":\t10946880,\n\t\t\t\t\"retransmits\":\t0,\n\t\t\t\t\"omitted\":\tfalse,\n\t\t\t\t\"sender\":\ttrue\n\t\t\t}\n\t\t}, {\n\t\t\t\"streams\":\t[{\n\t\t\t\t\t\"socket\":\t5,\n\t\t\t\t\t\"start\":\t11.000018,\n\t\t\t\t\t\"end\":\t12.000018,\n\t\t\t\t\t\"seconds\":\t1,\n\t\t\t\t\t\"bytes\":\t1368360,\n\t\t\t\t\t\"bits_per_second\":\t10946880,\n\t\t\t\t\t\"retransmits\":\t0,\n\t\t\t\t\t\"snd_cwnd\":\t110048,\n\t\t\t\t\t\"snd_wnd\":\t212992,\n\t\t\t\t\t\"rtt\":\t60993,\n\t\t\t\t\t\"rttvar\":\t13825,\n\t\t\t\t\t\"pmtu\":\t1500,\n\t\t\t\t\t\"omitted\":\tfalse,\n\t\t\t\t\t\"sender\":\ttrue\n\t\t\t\t}],\n\t\t\t\"sum\":\t{\n\t\t\t\t\"start\":\t11.000018,\n\t\t\t\t\"end\":\t12.000018,\n\t\t\t\t\"seconds\":\t1,\n\t\t\t\t\"bytes\":\t1368360,\n\t\t\t\t\"bits_per_second\":\t10946880,\n\t\t\t\t\"retransmits\":\t0,\n\t\t\t\t\"omitted\":\tfalse,\n\t\t\t\t\"sender\":\ttrue\n\t\t\t}\n\t\t}, {\n\t\t\t\"streams\":\t[{\n\t\t\t\t\t\"socket\":\t5,\n\t\t\t\t\t\"start\":\t12.000018,\n\t\t\t\t\t\"end\":\t13.00016,\n\t\t\t\t\t\"seconds\":\t1.000141978263855,\n\t\t\t\t\t\"bytes\":\t1824480,\n\t\t\t\t\t\"bits_per_second\":\t14593768.002155952,\n\t\t\t\t\t\"retransmits\":\t0,\n\t\t\t\t\t\"snd_cwnd\":\t92672,\n\t\t\t\t\t\"snd_wnd\":\t212992,\n\t\t\t\t\t\"rtt\":\t60939,\n\t\t\t\t\t\"rttvar\":\t1158,\n\t\t\t\t\t\"pmtu\":\t1500,\n\t\t\t\t\t\"omitted\":\tfalse,\n\t\t\t\t\t\"sender\":\ttrue\n\t\t\t\t}],\n\t\t\t\"sum\":\t{\n\t\t\t\t\"start\":\t12.000018,\n\t\t\t\t\"end\":\t13.00016,\n\t\t\t\t\"seconds\":\t1.000141978263855,\n\t\t\t\t\"bytes\":\t1824480,\n\t\t\t\t\"bits_per_second\":\t14593768.002155952,\n\t\t\t\t\"retransmits\":\t0,\n\t\t\t\t\"omitted\":\tfalse,\n\t\t\t\t\"sender\":\ttrue\n\t\t\t}\n\t\t}, {\n\t\t\t\"streams\":\t[{\n\t\t\t\t\t\"socket\":\t5,\n\t\t\t\t\t\"start\":\t13.00016,\n\t\t\t\t\t\"end\":\t14.000018,\n\t\t\t\t\t\"seconds\":\t0.999858021736145,\n\t\t\t\t\t\"bytes\":\t1368360,\n\t\t\t\t\t\"bits_per_second\":\t10948434.439713681,\n\t\t\t\t\t\"retransmits\":\t0,\n\t\t\t\t\t\"snd_cwnd\":\t89776,\n\t\t\t\t\t\"snd_wnd\":\t212992,\n\t\t\t\t\t\"rtt\":\t40696,\n\t\t\t\t\t\"rttvar\":\t2591,\n\t\t\t\t\t\"pmtu\":\t1500,\n\t\t\t\t\t\"omitted\":\tfalse,\n\t\t\t\t\t\"sender\":\ttrue\n\t\t\t\t}],\n\t\t\t\"sum\":\t{\n\t\t\t\t\"start\":\t13.00016,\n\t\t\t\t\"end\":\t14.000018,\n\t\t\t\t\"seconds\":\t0.999858021736145,\n\t\t\t\t\"bytes\":\t1368360,\n\t\t\t\t\"bits_per_second\":\t10948434.439713681,\n\t\t\t\t\"retransmits\":\t0,\n\t\t\t\t\"omitted\":\tfalse,\n\t\t\t\t\"sender\":\ttrue\n\t\t\t}\n\t\t}, {\n\t\t\t\"streams\":\t[{\n\t\t\t\t\t\"socket\":\t5,\n\t\t\t\t\t\"start\":\t14.000018,\n\t\t\t\t\t\"end\":\t15.000018,\n\t\t\t\t\t\"seconds\":\t1,\n\t\t\t\t\t\"bytes\":\t1824480,\n\t\t\t\t\t\"bits_per_second\":\t14595840,\n\t\t\t\t\t\"retransmits\":\t0,\n\t\t\t\t\t\"snd_cwnd\":\t89776,\n\t\t\t\t\t\"snd_wnd\":\t212992,\n\t\t\t\t\t\"rtt\":\t49090,\n\t\t\t\t\t\"rttvar\":\t4035,\n\t\t\t\t\t\"pmtu\":\t1500,\n\t\t\t\t\t\"omitted\":\tfalse,\n\t\t\t\t\t\"sender\":\ttrue\n\t\t\t\t}],\n\t\t\t\"sum\":\t{\n\t\t\t\t\"start\":\t14.000018,\n\t\t\t\t\"end\":\t15.000018,\n\t\t\t\t\"seconds\":\t1,\n\t\t\t\t\"bytes\":\t1824480,\n\t\t\t\t\"bits_per_second\":\t14595840,\n\t\t\t\t\"retransmits\":\t0,\n\t\t\t\t\"omitted\":\tfalse,\n\t\t\t\t\"sender\":\ttrue\n\t\t\t}\n\t\t}, {\n\t\t\t\"streams\":\t[{\n\t\t\t\t\t\"socket\":\t5,\n\t\t\t\t\t\"start\":\t15.000018,\n\t\t\t\t\t\"end\":\t16.000019,\n\t\t\t\t\t\"seconds\":\t1.0000009536743164,\n\t\t\t\t\t\"bytes\":\t1368360,\n\t\t\t\t\t\"bits_per_second\":\t10946869.560251655,\n\t\t\t\t\t\"retransmits\":\t0,\n\t\t\t\t\t\"snd_cwnd\":\t98464,\n\t\t\t\t\t\"snd_wnd\":\t212992,\n\t\t\t\t\t\"rtt\":\t45189,\n\t\t\t\t\t\"rttvar\":\t3202,\n\t\t\t\t\t\"pmtu\":\t1500,\n\t\t\t\t\t\"omitted\":\tfalse,\n\t\t\t\t\t\"sender\":\ttrue\n\t\t\t\t}],\n\t\t\t\"sum\":\t{\n\t\t\t\t\"start\":\t15.000018,\n\t\t\t\t\"end\":\t16.000019,\n\t\t\t\t\"seconds\":\t1.0000009536743164,\n\t\t\t\t\"bytes\":\t1368360,\n\t\t\t\t\"bits_per_second\":\t10946869.560251655,\n\t\t\t\t\"retransmits\":\t0,\n\t\t\t\t\"omitted\":\tfalse,\n\t\t\t\t\"sender\":\ttrue\n\t\t\t}\n\t\t}, {\n\t\t\t\"streams\":\t[{\n\t\t\t\t\t\"socket\":\t5,\n\t\t\t\t\t\"start\":\t16.000019,\n\t\t\t\t\t\"end\":\t17.000018,\n\t\t\t\t\t\"seconds\":\t0.99999898672103882,\n\t\t\t\t\t\"bytes\":\t1824480,\n\t\t\t\t\t\"bits_per_second\":\t14595854.78967258,\n\t\t\t\t\t\"retransmits\":\t0,\n\t\t\t\t\t\"snd_cwnd\":\t118736,\n\t\t\t\t\t\"snd_wnd\":\t212992,\n\t\t\t\t\t\"rtt\":\t44614,\n\t\t\t\t\t\"rttvar\":\t2257,\n\t\t\t\t\t\"pmtu\":\t1500,\n\t\t\t\t\t\"omitted\":\tfalse,\n\t\t\t\t\t\"sender\":\ttrue\n\t\t\t\t}],\n\t\t\t\"sum\":\t{\n\t\t\t\t\"start\":\t16.000019,\n\t\t\t\t\"end\":\t17.000018,\n\t\t\t\t\"seconds\":\t0.99999898672103882,\n\t\t\t\t\"bytes\":\t1824480,\n\t\t\t\t\"bits_per_second\":\t14595854.78967258,\n\t\t\t\t\"retransmits\":\t0,\n\t\t\t\t\"omitted\":\tfalse,\n\t\t\t\t\"sender\":\ttrue\n\t\t\t}\n\t\t}, {\n\t\t\t\"streams\":\t[{\n\t\t\t\t\t\"socket\":\t5,\n\t\t\t\t\t\"start\":\t17.000018,\n\t\t\t\t\t\"end\":\t18.000229,\n\t\t\t\t\t\"seconds\":\t1.0002110004425049,\n\t\t\t\t\t\"bytes\":\t1368360,\n\t\t\t\t\t\"bits_per_second\":\t10944570.690741228,\n\t\t\t\t\t\"retransmits\":\t0,\n\t\t\t\t\t\"snd_cwnd\":\t86880,\n\t\t\t\t\t\"snd_wnd\":\t212992,\n\t\t\t\t\t\"rtt\":\t42566,\n\t\t\t\t\t\"rttvar\":\t2915,\n\t\t\t\t\t\"pmtu\":\t1500,\n\t\t\t\t\t\"omitted\":\tfalse,\n\t\t\t\t\t\"sender\":\ttrue\n\t\t\t\t}],\n\t\t\t\"sum\":\t{\n\t\t\t\t\"start\":\t17.000018,\n\t\t\t\t\"end\":\t18.000229,\n\t\t\t\t\"seconds\":\t1.0002110004425049,\n\t\t\t\t\"bytes\":\t1368360,\n\t\t\t\t\"bits_per_second\":\t10944570.690741228,\n\t\t\t\t\"retransmits\":\t0,\n\t\t\t\t\"omitted\":\tfalse,\n\t\t\t\t\"sender\":\ttrue\n\t\t\t}\n\t\t}, {\n\t\t\t\"streams\":\t[{\n\t\t\t\t\t\"socket\":\t5,\n\t\t\t\t\t\"start\":\t18.000229,\n\t\t\t\t\t\"end\":\t19.00018,\n\t\t\t\t\t\"seconds\":\t0.99995100498199463,\n\t\t\t\t\t\"bytes\":\t1824480,\n\t\t\t\t\t\"bits_per_second\":\t14596555.158482807,\n\t\t\t\t\t\"retransmits\":\t0,\n\t\t\t\t\t\"snd_cwnd\":\t95568,\n\t\t\t\t\t\"snd_wnd\":\t212992,\n\t\t\t\t\t\"rtt\":\t72643,\n\t\t\t\t\t\"rttvar\":\t3560,\n\t\t\t\t\t\"pmtu\":\t1500,\n\t\t\t\t\t\"omitted\":\tfalse,\n\t\t\t\t\t\"sender\":\ttrue\n\t\t\t\t}],\n\t\t\t\"sum\":\t{\n\t\t\t\t\"start\":\t18.000229,\n\t\t\t\t\"end\":\t19.00018,\n\t\t\t\t\"seconds\":\t0.99995100498199463,\n\t\t\t\t\"bytes\":\t1824480,\n\t\t\t\t\"bits_per_second\":\t14596555.158482807,\n\t\t\t\t\"retransmits\":\t0,\n\t\t\t\t\"omitted\":\tfalse,\n\t\t\t\t\"sender\":\ttrue\n\t\t\t}\n\t\t}, {\n\t\t\t\"streams\":\t[{\n\t\t\t\t\t\"socket\":\t5,\n\t\t\t\t\t\"start\":\t19.00018,\n\t\t\t\t\t\"end\":\t20.000018,\n\t\t\t\t\t\"seconds\":\t0.99983799457550049,\n\t\t\t\t\t\"bytes\":\t1824480,\n\t\t\t\t\t\"bits_per_second\":\t14598204.988396076,\n\t\t\t\t\t\"retransmits\":\t0,\n\t\t\t\t\t\"snd_cwnd\":\t101360,\n\t\t\t\t\t\"snd_wnd\":\t212992,\n\t\t\t\t\t\"rtt\":\t48118,\n\t\t\t\t\t\"rttvar\":\t1814,\n\t\t\t\t\t\"pmtu\":\t1500,\n\t\t\t\t\t\"omitted\":\tfalse,\n\t\t\t\t\t\"sender\":\ttrue\n\t\t\t\t}],\n\t\t\t\"sum\":\t{\n\t\t\t\t\"start\":\t19.00018,\n\t\t\t\t\"end\":\t20.000018,\n\t\t\t\t\"seconds\":\t0.99983799457550049,\n\t\t\t\t\"bytes\":\t1824480,\n\t\t\t\t\"bits_per_second\":\t14598204.988396076,\n\t\t\t\t\"retransmits\":\t0,\n\t\t\t\t\"omitted\":\tfalse,\n\t\t\t\t\"sender\":\ttrue\n\t\t\t}\n\t\t}, {\n\t\t\t\"streams\":\t[{\n\t\t\t\t\t\"socket\":\t5,\n\t\t\t\t\t\"start\":\t20.000018,\n\t\t\t\t\t\"end\":\t21.000018,\n\t\t\t\t\t\"seconds\":\t1,\n\t\t\t\t\t\"bytes\":\t1368360,\n\t\t\t\t\t\"bits_per_second\":\t10946880,\n\t\t\t\t\t\"retransmits\":\t0,\n\t\t\t\t\t\"snd_cwnd\":\t72400,\n\t\t\t\t\t\"snd_wnd\":\t212992,\n\t\t\t\t\t\"rtt\":\t28176,\n\t\t\t\t\t\"rttvar\":\t6788,\n\t\t\t\t\t\"pmtu\":\t1500,\n\t\t\t\t\t\"omitted\":\tfalse,\n\t\t\t\t\t\"sender\":\ttrue\n\t\t\t\t}],\n\t\t\t\"sum\":\t{\n\t\t\t\t\"start\":\t20.000018,\n\t\t\t\t\"end\":\t21.000018,\n\t\t\t\t\"seconds\":\t1,\n\t\t\t\t\"bytes\":\t1368360,\n\t\t\t\t\"bits_per_second\":\t10946880,\n\t\t\t\t\"retransmits\":\t0,\n\t\t\t\t\"omitted\":\tfalse,\n\t\t\t\t\"sender\":\ttrue\n\t\t\t}\n\t\t}, {\n\t\t\t\"streams\":\t[{\n\t\t\t\t\t\"socket\":\t5,\n\t\t\t\t\t\"start\":\t21.000018,\n\t\t\t\t\t\"end\":\t22.000093,\n\t\t\t\t\t\"seconds\":\t1.0000749826431274,\n\t\t\t\t\t\"bytes\":\t1824480,\n\t\t\t\t\t\"bits_per_second\":\t14594745.647395585,\n\t\t\t\t\t\"retransmits\":\t0,\n\t\t\t\t\t\"snd_cwnd\":\t101360,\n\t\t\t\t\t\"snd_wnd\":\t212992,\n\t\t\t\t\t\"rtt\":\t45624,\n\t\t\t\t\t\"rttvar\":\t1379,\n\t\t\t\t\t\"pmtu\":\t1500,\n\t\t\t\t\t\"omitted\":\tfalse,\n\t\t\t\t\t\"sender\":\ttrue\n\t\t\t\t}],\n\t\t\t\"sum\":\t{\n\t\t\t\t\"start\":\t21.000018,\n\t\t\t\t\"end\":\t22.000093,\n\t\t\t\t\"seconds\":\t1.0000749826431274,\n\t\t\t\t\"bytes\":\t1824480,\n\t\t\t\t\"bits_per_second\":\t14594745.647395585,\n\t\t\t\t\"retransmits\":\t0,\n\t\t\t\t\"omitted\":\tfalse,\n\t\t\t\t\"sender\":\ttrue\n\t\t\t}\n\t\t}, {\n\t\t\t\"streams\":\t[{\n\t\t\t\t\t\"socket\":\t5,\n\t\t\t\t\t\"start\":\t22.000093,\n\t\t\t\t\t\"end\":\t23.000067,\n\t\t\t\t\t\"seconds\":\t0.999974012374878,\n\t\t\t\t\t\"bytes\":\t1824480,\n\t\t\t\t\t\"bits_per_second\":\t14596219.321075916,\n\t\t\t\t\t\"retransmits\":\t0,\n\t\t\t\t\t\"snd_cwnd\":\t95568,\n\t\t\t\t\t\"snd_wnd\":\t212992,\n\t\t\t\t\t\"rtt\":\t40459,\n\t\t\t\t\t\"rttvar\":\t3366,\n\t\t\t\t\t\"pmtu\":\t1500,\n\t\t\t\t\t\"omitted\":\tfalse,\n\t\t\t\t\t\"sender\":\ttrue\n\t\t\t\t}],\n\t\t\t\"sum\":\t{\n\t\t\t\t\"start\":\t22.000093,\n\t\t\t\t\"end\":\t23.000067,\n\t\t\t\t\"seconds\":\t0.999974012374878,\n\t\t\t\t\"bytes\":\t1824480,\n\t\t\t\t\"bits_per_second\":\t14596219.321075916,\n\t\t\t\t\"retransmits\":\t0,\n\t\t\t\t\"omitted\":\tfalse,\n\t\t\t\t\"sender\":\ttrue\n\t\t\t}\n\t\t}, {\n\t\t\t\"streams\":\t[{\n\t\t\t\t\t\"socket\":\t5,\n\t\t\t\t\t\"start\":\t23.000067,\n\t\t\t\t\t\"end\":\t24.000019,\n\t\t\t\t\t\"seconds\":\t0.99995201826095581,\n\t\t\t\t\t\"bytes\":\t1824480,\n\t\t\t\t\t\"bits_per_second\":\t14596540.367390856,\n\t\t\t\t\t\"retransmits\":\t0,\n\t\t\t\t\t\"snd_cwnd\":\t110048,\n\t\t\t\t\t\"snd_wnd\":\t212992,\n\t\t\t\t\t\"rtt\":\t39893,\n\t\t\t\t\t\"rttvar\":\t1386,\n\t\t\t\t\t\"pmtu\":\t1500,\n\t\t\t\t\t\"omitted\":\tfalse,\n\t\t\t\t\t\"sender\":\ttrue\n\t\t\t\t}],\n\t\t\t\"sum\":\t{\n\t\t\t\t\"start\":\t23.000067,\n\t\t\t\t\"end\":\t24.000019,\n\t\t\t\t\"seconds\":\t0.99995201826095581,\n\t\t\t\t\"bytes\":\t1824480,\n\t\t\t\t\"bits_per_second\":\t14596540.367390856,\n\t\t\t\t\"retransmits\":\t0,\n\t\t\t\t\"omitted\":\tfalse,\n\t\t\t\t\"sender\":\ttrue\n\t\t\t}\n\t\t}, {\n\t\t\t\"streams\":\t[{\n\t\t\t\t\t\"socket\":\t5,\n\t\t\t\t\t\"start\":\t24.000019,\n\t\t\t\t\t\"end\":\t25.000018,\n\t\t\t\t\t\"seconds\":\t0.99999898672103882,\n\t\t\t\t\t\"bytes\":\t1368360,\n\t\t\t\t\t\"bits_per_second\":\t10946891.092254434,\n\t\t\t\t\t\"retransmits\":\t0,\n\t\t\t\t\t\"snd_cwnd\":\t136112,\n\t\t\t\t\t\"snd_wnd\":\t212992,\n\t\t\t\t\t\"rtt\":\t28944,\n\t\t\t\t\t\"rttvar\":\t4589,\n\t\t\t\t\t\"pmtu\":\t1500,\n\t\t\t\t\t\"omitted\":\tfalse,\n\t\t\t\t\t\"sender\":\ttrue\n\t\t\t\t}],\n\t\t\t\"sum\":\t{\n\t\t\t\t\"start\":\t24.000019,\n\t\t\t\t\"end\":\t25.000018,\n\t\t\t\t\"seconds\":\t0.99999898672103882,\n\t\t\t\t\"bytes\":\t1368360,\n\t\t\t\t\"bits_per_second\":\t10946891.092254434,\n\t\t\t\t\"retransmits\":\t0,\n\t\t\t\t\"omitted\":\tfalse,\n\t\t\t\t\"sender\":\ttrue\n\t\t\t}\n\t\t}, {\n\t\t\t\"streams\":\t[{\n\t\t\t\t\t\"socket\":\t5,\n\t\t\t\t\t\"start\":\t25.000018,\n\t\t\t\t\t\"end\":\t26.000144,\n\t\t\t\t\t\"seconds\":\t1.0001260042190552,\n\t\t\t\t\t\"bytes\":\t1824480,\n\t\t\t\t\t\"bits_per_second\":\t14594001.094289225,\n\t\t\t\t\t\"retransmits\":\t0,\n\t\t\t\t\t\"snd_cwnd\":\t98464,\n\t\t\t\t\t\"snd_wnd\":\t212992,\n\t\t\t\t\t\"rtt\":\t38237,\n\t\t\t\t\t\"rttvar\":\t2088,\n\t\t\t\t\t\"pmtu\":\t1500,\n\t\t\t\t\t\"omitted\":\tfalse,\n\t\t\t\t\t\"sender\":\ttrue\n\t\t\t\t}],\n\t\t\t\"sum\":\t{\n\t\t\t\t\"start\":\t25.000018,\n\t\t\t\t\"end\":\t26.000144,\n\t\t\t\t\"seconds\":\t1.0001260042190552,\n\t\t\t\t\"bytes\":\t1824480,\n\t\t\t\t\"bits_per_second\":\t14594001.094289225,\n\t\t\t\t\"retransmits\":\t0,\n\t\t\t\t\"omitted\":\tfalse,\n\t\t\t\t\"sender\":\ttrue\n\t\t\t}\n\t\t}, {\n\t\t\t\"streams\":\t[{\n\t\t\t\t\t\"socket\":\t5,\n\t\t\t\t\t\"start\":\t26.000144,\n\t\t\t\t\t\"end\":\t27.000075,\n\t\t\t\t\t\"seconds\":\t0.99993097782135,\n\t\t\t\t\t\"bytes\":\t1824480,\n\t\t\t\t\t\"bits_per_second\":\t14596847.5062163,\n\t\t\t\t\t\"retransmits\":\t0,\n\t\t\t\t\t\"snd_cwnd\":\t89776,\n\t\t\t\t\t\"snd_wnd\":\t212992,\n\t\t\t\t\t\"rtt\":\t43131,\n\t\t\t\t\t\"rttvar\":\t2805,\n\t\t\t\t\t\"pmtu\":\t1500,\n\t\t\t\t\t\"omitted\":\tfalse,\n\t\t\t\t\t\"sender\":\ttrue\n\t\t\t\t}],\n\t\t\t\"sum\":\t{\n\t\t\t\t\"start\":\t26.000144,\n\t\t\t\t\"end\":\t27.000075,\n\t\t\t\t\"seconds\":\t0.99993097782135,\n\t\t\t\t\"bytes\":\t1824480,\n\t\t\t\t\"bits_per_second\":\t14596847.5062163,\n\t\t\t\t\"retransmits\":\t0,\n\t\t\t\t\"omitted\":\tfalse,\n\t\t\t\t\"sender\":\ttrue\n\t\t\t}\n\t\t}, {\n\t\t\t\"streams\":\t[{\n\t\t\t\t\t\"socket\":\t5,\n\t\t\t\t\t\"start\":\t27.000075,\n\t\t\t\t\t\"end\":\t28.000184,\n\t\t\t\t\t\"seconds\":\t1.0001089572906494,\n\t\t\t\t\t\"bytes\":\t1368360,\n\t\t\t\t\t\"bits_per_second\":\t10945687.387557955,\n\t\t\t\t\t\"retransmits\":\t0,\n\t\t\t\t\t\"snd_cwnd\":\t101360,\n\t\t\t\t\t\"snd_wnd\":\t212992,\n\t\t\t\t\t\"rtt\":\t47559,\n\t\t\t\t\t\"rttvar\":\t2638,\n\t\t\t\t\t\"pmtu\":\t1500,\n\t\t\t\t\t\"omitted\":\tfalse,\n\t\t\t\t\t\"sender\":\ttrue\n\t\t\t\t}],\n\t\t\t\"sum\":\t{\n\t\t\t\t\"start\":\t27.000075,\n\t\t\t\t\"end\":\t28.000184,\n\t\t\t\t\"seconds\":\t1.0001089572906494,\n\t\t\t\t\"bytes\":\t1368360,\n\t\t\t\t\"bits_per_second\":\t10945687.387557955,\n\t\t\t\t\"retransmits\":\t0,\n\t\t\t\t\"omitted\":\tfalse,\n\t\t\t\t\"sender\":\ttrue\n\t\t\t}\n\t\t}, {\n\t\t\t\"streams\":\t[{\n\t\t\t\t\t\"socket\":\t5,\n\t\t\t\t\t\"start\":\t28.000184,\n\t\t\t\t\t\"end\":\t29.000257,\n\t\t\t\t\t\"seconds\":\t1.0000729560852051,\n\t\t\t\t\t\"bytes\":\t1368360,\n\t\t\t\t\t\"bits_per_second\":\t10946081.4167515,\n\t\t\t\t\t\"retransmits\":\t0,\n\t\t\t\t\t\"snd_cwnd\":\t89776,\n\t\t\t\t\t\"snd_wnd\":\t212992,\n\t\t\t\t\t\"rtt\":\t43716,\n\t\t\t\t\t\"rttvar\":\t4127,\n\t\t\t\t\t\"pmtu\":\t1500,\n\t\t\t\t\t\"omitted\":\tfalse,\n\t\t\t\t\t\"sender\":\ttrue\n\t\t\t\t}],\n\t\t\t\"sum\":\t{\n\t\t\t\t\"start\":\t28.000184,\n\t\t\t\t\"end\":\t29.000257,\n\t\t\t\t\"seconds\":\t1.0000729560852051,\n\t\t\t\t\"bytes\":\t1368360,\n\t\t\t\t\"bits_per_second\":\t10946081.4167515,\n\t\t\t\t\"retransmits\":\t0,\n\t\t\t\t\"omitted\":\tfalse,\n\t\t\t\t\"sender\":\ttrue\n\t\t\t}\n\t\t}, {\n\t\t\t\"streams\":\t[{\n\t\t\t\t\t\"socket\":\t5,\n\t\t\t\t\t\"start\":\t29.000257,\n\t\t\t\t\t\"end\":\t30.00022,\n\t\t\t\t\t\"seconds\":\t0.99996298551559448,\n\t\t\t\t\t\"bytes\":\t1824480,\n\t\t\t\t\t\"bits_per_second\":\t14596380.277490158,\n\t\t\t\t\t\"retransmits\":\t0,\n\t\t\t\t\t\"snd_cwnd\":\t92672,\n\t\t\t\t\t\"snd_wnd\":\t212992,\n\t\t\t\t\t\"rtt\":\t39880,\n\t\t\t\t\t\"rttvar\":\t2220,\n\t\t\t\t\t\"pmtu\":\t1500,\n\t\t\t\t\t\"omitted\":\tfalse,\n\t\t\t\t\t\"sender\":\ttrue\n\t\t\t\t}],\n\t\t\t\"sum\":\t{\n\t\t\t\t\"start\":\t29.000257,\n\t\t\t\t\"end\":\t30.00022,\n\t\t\t\t\"seconds\":\t0.99996298551559448,\n\t\t\t\t\"bytes\":\t1824480,\n\t\t\t\t\"bits_per_second\":\t14596380.277490158,\n\t\t\t\t\"retransmits\":\t0,\n\t\t\t\t\"omitted\":\tfalse,\n\t\t\t\t\"sender\":\ttrue\n\t\t\t}\n\t\t}],\n\t\"end\":\t{\n\t\t\"streams\":\t[{\n\t\t\t\t\"sender\":\t{\n\t\t\t\t\t\"socket\":\t5,\n\t\t\t\t\t\"start\":\t0,\n\t\t\t\t\t\"end\":\t30.00022,\n\t\t\t\t\t\"seconds\":\t30.00022,\n\t\t\t\t\t\"bytes\":\t49760520,\n\t\t\t\t\t\"bits_per_second\":\t13269374.691252265,\n\t\t\t\t\t\"retransmits\":\t0,\n\t\t\t\t\t\"max_snd_cwnd\":\t136112,\n\t\t\t\t\t\"max_snd_wnd\":\t212992,\n\t\t\t\t\t\"max_rtt\":\t80008,\n\t\t\t\t\t\"min_rtt\":\t28176,\n\t\t\t\t\t\"mean_rtt\":\t47575,\n\t\t\t\t\t\"sender\":\ttrue\n\t\t\t\t},\n\t\t\t\t\"receiver\":\t{\n\t\t\t\t\t\"socket\":\t5,\n\t\t\t\t\t\"start\":\t0,\n\t\t\t\t\t\"end\":\t30.00022,\n\t\t\t\t\t\"seconds\":\t30.00022,\n\t\t\t\t\t\"bytes\":\t48969912,\n\t\t\t\t\t\"bits_per_second\":\t13058547.437318794,\n\t\t\t\t\t\"sender\":\ttrue\n\t\t\t\t}\n\t\t\t}],\n\t\t\"sum_sent\":\t{\n\t\t\t\"start\":\t0,\n\t\t\t\"end\":\t30.00022,\n\t\t\t\"seconds\":\t30.00022,\n\t\t\t\"bytes\":\t49760520,\n\t\t\t\"bits_per_second\":\t13269374.691252265,\n\t\t\t\"retransmits\":\t0,\n\t\t\t\"sender\":\ttrue\n\t\t},\n\t\t\"sum_received\":\t{\n\t\t\t\"start\":\t0,\n\t\t\t\"end\":\t30.00022,\n\t\t\t\"seconds\":\t30.00022,\n\t\t\t\"bytes\":\t48969912,\n\t\t\t\"bits_per_second\":\t13058547.437318794,\n\t\t\t\"sender\":\ttrue\n\t\t},\n\t\t\"cpu_utilization_percent\":\t{\n\t\t\t\"host_total\":\t0.1424632024849955,\n\t\t\t\"host_user\":\t0.00999829155728787,\n\t\t\t\"host_system\":\t0.1324682315160694,\n\t\t\t\"remote_total\":\t13.652935,\n\t\t\t\"remote_user\":\t7.447055,\n\t\t\t\"remote_system\":\t6.20588\n\t\t},\n\t\t\"sender_tcp_congestion\":\t\"bbr\"\n\t}\n}\n",
            "stderr": "",
            "exit_code": 0,
            "iperf_json": {
              "start": {
                "connected": [
                  {
                    "socket": 5,
                    "local_host": "192.168.3.1",
                    "local_port": 47424,
                    "remote_host": "192.168.3.2",
                    "remote_port": 5201
                  }
                ],
                "version": "iperf 3.10.1",
                "system_info": "Linux CBA-20240614 6.2.15-100.fc36.x86_64 #1 SMP PREEMPT_DYNAMIC Thu May 11 16:51:53 UTC 2023 x86_64",
                "timestamp": {
                  "time": "Tue, 04 Aug 2026 04:34:06 GMT",
                  "timesecs": 1785818046
                },
                "connecting_to": {
                  "host": "192.168.3.2",
                  "port": 5201
                },
                "cookie": "jm6cyau4myufrq3y3rapk2xcjspgvz24gcb7",
                "tcp_mss_default": 1448,
                "sock_bufsize": 0,
                "sndbuf_actual": 16384,
                "rcvbuf_actual": 131072,
                "test_start": {
                  "protocol": "TCP",
                  "num_streams": 1,
                  "blksize": 131072,
                  "omit": 0,
                  "duration": 30,
                  "bytes": 0,
                  "blocks": 0,
                  "reverse": 0,
                  "tos": 0
                }
              },
              "intervals": [
                {
                  "streams": [
                    {
                      "socket": 5,
                      "start": 0,
                      "end": 1.000085,
                      "seconds": 1.00008499622345,
                      "bytes": 2324040,
                      "bits_per_second": 18590739.85732099,
                      "retransmits": 0,
                      "snd_cwnd": 130320,
                      "snd_wnd": 212992,
                      "rtt": 31884,
                      "rttvar": 3517,
                      "pmtu": 1500,
                      "omitted": false,
                      "sender": true
                    }
                  ],
                  "sum": {
                    "start": 0,
                    "end": 1.000085,
                    "seconds": 1.00008499622345,
                    "bytes": 2324040,
                    "bits_per_second": 18590739.85732099,
                    "retransmits": 0,
                    "omitted": false,
                    "sender": true
                  }
                },
                {
                  "streams": [
                    {
                      "socket": 5,
                      "start": 1.000085,
                      "end": 2.000057,
                      "seconds": 0.9999719858169556,
                      "bytes": 1824480,
                      "bits_per_second": 14596248.9019885,
                      "retransmits": 0,
                      "snd_cwnd": 92672,
                      "snd_wnd": 212992,
                      "rtt": 61078,
                      "rttvar": 12872,
                      "pmtu": 1500,
                      "omitted": false,
                      "sender": true
                    }
                  ],
                  "sum": {
                    "start": 1.000085,
                    "end": 2.000057,
                    "seconds": 0.9999719858169556,
                    "bytes": 1824480,
                    "bits_per_second": 14596248.9019885,
                    "retransmits": 0,
                    "omitted": false,
                    "sender": true
                  }
                },
                {
                  "streams": [
                    {
                      "socket": 5,
                      "start": 2.000057,
                      "end": 3.000018,
                      "seconds": 0.999961018562317,
                      "bytes": 1368360,
                      "bits_per_second": 10947306.74175555,
                      "retransmits": 0,
                      "snd_cwnd": 81088,
                      "snd_wnd": 212992,
                      "rtt": 44315,
                      "rttvar": 1900,
                      "pmtu": 1500,
                      "omitted": false,
                      "sender": true
                    }
                  ],
                  "sum": {
                    "start": 2.000057,
                    "end": 3.000018,
                    "seconds": 0.999961018562317,
                    "bytes": 1368360,
                    "bits_per_second": 10947306.74175555,
                    "retransmits": 0,
                    "omitted": false,
                    "sender": true
                  }
                },
                {
                  "streams": [
                    {
                      "socket": 5,
                      "start": 3.000018,
                      "end": 4.000021,
                      "seconds": 1.0000029802322388,
                      "bytes": 1368360,
                      "bits_per_second": 10946847.375852538,
                      "retransmits": 0,
                      "snd_cwnd": 101360,
                      "snd_wnd": 212992,
                      "rtt": 71446,
                      "rttvar": 12274,
                      "pmtu": 1500,
                      "omitted": false,
                      "sender": true
                    }
                  ],
                  "sum": {
                    "start": 3.000018,
                    "end": 4.000021,
                    "seconds": 1.0000029802322388,
                    "bytes": 1368360,
                    "bits_per_second": 10946847.375852538,
                    "retransmits": 0,
                    "omitted": false,
                    "sender": true
                  }
                },
                {
                  "streams": [
                    {
                      "socket": 5,
                      "start": 4.000021,
                      "end": 5.000019,
                      "seconds": 0.9999979734420776,
                      "bytes": 1824480,
                      "bits_per_second": 14595869.57937513,
                      "retransmits": 0,
                      "snd_cwnd": 104256,
                      "snd_wnd": 212992,
                      "rtt": 51807,
                      "rttvar": 3655,
                      "pmtu": 1500,
                      "omitted": false,
                      "sender": true
                    }
                  ],
                  "sum": {
                    "start": 4.000021,
                    "end": 5.000019,
                    "seconds": 0.9999979734420776,
                    "bytes": 1824480,
                    "bits_per_second": 14595869.57937513,
                    "retransmits": 0,
                    "omitted": false,
                    "sender": true
                  }
                },
                {
                  "streams": [
                    {
                      "socket": 5,
                      "start": 5.000019,
                      "end": 6.000019,
                      "seconds": 1,
                      "bytes": 1824480,
                      "bits_per_second": 14595840,
                      "retransmits": 0,
                      "snd_cwnd": 115840,
                      "snd_wnd": 212992,
                      "rtt": 44437,
                      "rttvar": 3159,
                      "pmtu": 1500,
                      "omitted": false,
                      "sender": true
                    }
                  ],
                  "sum": {
                    "start": 5.000019,
                    "end": 6.000019,
                    "seconds": 1,
                    "bytes": 1824480,
                    "bits_per_second": 14595840,
                    "retransmits": 0,
                    "omitted": false,
                    "sender": true
                  }
                },
                {
                  "streams": [
                    {
                      "socket": 5,
                      "start": 6.000019,
                      "end": 7.000019,
                      "seconds": 1,
                      "bytes": 1368360,
                      "bits_per_second": 10946880,
                      "retransmits": 0,
                      "snd_cwnd": 112944,
                      "snd_wnd": 212992,
                      "rtt": 53086,
                      "rttvar": 4975,
                      "pmtu": 1500,
                      "omitted": false,
                      "sender": true
                    }
                  ],
                  "sum": {
                    "start": 6.000019,
                    "end": 7.000019,
                    "seconds": 1,
                    "bytes": 1368360,
                    "bits_per_second": 10946880,
                    "retransmits": 0,
                    "omitted": false,
                    "sender": true
                  }
                },
                {
                  "streams": [
                    {
                      "socket": 5,
                      "start": 7.000019,
                      "end": 8.000227,
                      "seconds": 1.0002080202102661,
                      "bytes": 1824480,
                      "bits_per_second": 14592804.401759973,
                      "retransmits": 0,
                      "snd_cwnd": 118736,
                      "snd_wnd": 212992,
                      "rtt": 44673,
                      "rttvar": 709,
                      "pmtu": 1500,
                      "omitted": false,
                      "sender": true
                    }
                  ],
                  "sum": {
                    "start": 7.000019,
                    "end": 8.000227,
                    "seconds": 1.0002080202102661,
                    "bytes": 1824480,
                    "bits_per_second": 14592804.401759973,
                    "retransmits": 0,
                    "omitted": false,
                    "sender": true
                  }
                },
                {
                  "streams": [
                    {
                      "socket": 5,
                      "start": 8.000227,
                      "end": 9.000215,
                      "seconds": 0.9999880194664,
                      "bytes": 1824480,
                      "bits_per_second": 14596014.86804655,
                      "retransmits": 0,
                      "snd_cwnd": 98464,
                      "snd_wnd": 212992,
                      "rtt": 43438,
                      "rttvar": 3114,
                      "pmtu": 1500,
                      "omitted": false,
                      "sender": true
                    }
                  ],
                  "sum": {
                    "start": 8.000227,
                    "end": 9.000215,
                    "seconds": 0.9999880194664,
                    "bytes": 1824480,
                    "bits_per_second": 14596014.86804655,
                    "retransmits": 0,
                    "omitted": false,
                    "sender": true
                  }
                },
                {
                  "streams": [
                    {
                      "socket": 5,
                      "start": 9.000215,
                      "end": 10.000018,
                      "seconds": 0.9998030066490173,
                      "bytes": 1824480,
                      "bits_per_second": 14598715.849955326,
                      "retransmits": 0,
                      "snd_cwnd": 89776,
                      "snd_wnd": 212992,
                      "rtt": 80008,
                      "rttvar": 1832,
                      "pmtu": 1500,
                      "omitted": false,
                      "sender": true
                    }
                  ],
                  "sum": {
                    "start": 9.000215,
                    "end": 10.000018,
                    "seconds": 0.9998030066490173,
                    "bytes": 1824480,
                    "bits_per_second": 14598715.849955326,
                    "retransmits": 0,
                    "omitted": false,
                    "sender": true
                  }
                },
                {
                  "streams": [
                    {
                      "socket": 5,
                      "start": 10.000018,
                      "end": 11.000018,
                      "seconds": 1,
                      "bytes": 1368360,
                      "bits_per_second": 10946880,
                      "retransmits": 0,
                      "snd_cwnd": 98464,
                      "snd_wnd": 212992,
                      "rtt": 40640,
                      "rttvar": 3261,
                      "pmtu": 1500,
                      "omitted": false,
                      "sender": true
                    }
                  ],
                  "sum": {
                    "start": 10.000018,
                    "end": 11.000018,
                    "seconds": 1,
                    "bytes": 1368360,
                    "bits_per_second": 10946880,
                    "retransmits": 0,
                    "omitted": false,
                    "sender": true
                  }
                },
                {
                  "streams": [
                    {
                      "socket": 5,
                      "start": 11.000018,
                      "end": 12.000018,
                      "seconds": 1,
                      "bytes": 1368360,
                      "bits_per_second": 10946880,
                      "retransmits": 0,
                      "snd_cwnd": 110048,
                      "snd_wnd": 212992,
                      "rtt": 60993,
                      "rttvar": 13825,
                      "pmtu": 1500,
                      "omitted": false,
                      "sender": true
                    }
                  ],
                  "sum": {
                    "start": 11.000018,
                    "end": 12.000018,
                    "seconds": 1,
                    "bytes": 1368360,
                    "bits_per_second": 10946880,
                    "retransmits": 0,
                    "omitted": false,
                    "sender": true
                  }
                },
                {
                  "streams": [
                    {
                      "socket": 5,
                      "start": 12.000018,
                      "end": 13.00016,
                      "seconds": 1.000141978263855,
                      "bytes": 1824480,
                      "bits_per_second": 14593768.002155952,
                      "retransmits": 0,
                      "snd_cwnd": 92672,
                      "snd_wnd": 212992,
                      "rtt": 60939,
                      "rttvar": 1158,
                      "pmtu": 1500,
                      "omitted": false,
                      "sender": true
                    }
                  ],
                  "sum": {
                    "start": 12.000018,
                    "end": 13.00016,
                    "seconds": 1.000141978263855,
                    "bytes": 1824480,
                    "bits_per_second": 14593768.002155952,
                    "retransmits": 0,
                    "omitted": false,
                    "sender": true
                  }
                },
                {
                  "streams": [
                    {
                      "socket": 5,
                      "start": 13.00016,
                      "end": 14.000018,
                      "seconds": 0.999858021736145,
                      "bytes": 1368360,
                      "bits_per_second": 10948434.439713681,
                      "retransmits": 0,
                      "snd_cwnd": 89776,
                      "snd_wnd": 212992,
                      "rtt": 40696,
                      "rttvar": 2591,
                      "pmtu": 1500,
                      "omitted": false,
                      "sender": true
                    }
                  ],
                  "sum": {
                    "start": 13.00016,
                    "end": 14.000018,
                    "seconds": 0.999858021736145,
                    "bytes": 1368360,
                    "bits_per_second": 10948434.439713681,
                    "retransmits": 0,
                    "omitted": false,
                    "sender": true
                  }
                },
                {
                  "streams": [
                    {
                      "socket": 5,
                      "start": 14.000018,
                      "end": 15.000018,
                      "seconds": 1,
                      "bytes": 1824480,
                      "bits_per_second": 14595840,
                      "retransmits": 0,
                      "snd_cwnd": 89776,
                      "snd_wnd": 212992,
                      "rtt": 49090,
                      "rttvar": 4035,
                      "pmtu": 1500,
                      "omitted": false,
                      "sender": true
                    }
                  ],
                  "sum": {
                    "start": 14.000018,
                    "end": 15.000018,
                    "seconds": 1,
                    "bytes": 1824480,
                    "bits_per_second": 14595840,
                    "retransmits": 0,
                    "omitted": false,
                    "sender": true
                  }
                },
                {
                  "streams": [
                    {
                      "socket": 5,
                      "start": 15.000018,
                      "end": 16.000019,
                      "seconds": 1.0000009536743164,
                      "bytes": 1368360,
                      "bits_per_second": 10946869.560251655,
                      "retransmits": 0,
                      "snd_cwnd": 98464,
                      "snd_wnd": 212992,
                      "rtt": 45189,
                      "rttvar": 3202,
                      "pmtu": 1500,
                      "omitted": false,
                      "sender": true
                    }
                  ],
                  "sum": {
                    "start": 15.000018,
                    "end": 16.000019,
                    "seconds": 1.0000009536743164,
                    "bytes": 1368360,
                    "bits_per_second": 10946869.560251655,
                    "retransmits": 0,
                    "omitted": false,
                    "sender": true
                  }
                },
                {
                  "streams": [
                    {
                      "socket": 5,
                      "start": 16.000019,
                      "end": 17.000018,
                      "seconds": 0.9999989867210388,
                      "bytes": 1824480,
                      "bits_per_second": 14595854.78967258,
                      "retransmits": 0,
                      "snd_cwnd": 118736,
                      "snd_wnd": 212992,
                      "rtt": 44614,
                      "rttvar": 2257,
                      "pmtu": 1500,
                      "omitted": false,
                      "sender": true
                    }
                  ],
                  "sum": {
                    "start": 16.000019,
                    "end": 17.000018,
                    "seconds": 0.9999989867210388,
                    "bytes": 1824480,
                    "bits_per_second": 14595854.78967258,
                    "retransmits": 0,
                    "omitted": false,
                    "sender": true
                  }
                },
                {
                  "streams": [
                    {
                      "socket": 5,
                      "start": 17.000018,
                      "end": 18.000229,
                      "seconds": 1.0002110004425049,
                      "bytes": 1368360,
                      "bits_per_second": 10944570.690741228,
                      "retransmits": 0,
                      "snd_cwnd": 86880,
                      "snd_wnd": 212992,
                      "rtt": 42566,
                      "rttvar": 2915,
                      "pmtu": 1500,
                      "omitted": false,
                      "sender": true
                    }
                  ],
                  "sum": {
                    "start": 17.000018,
                    "end": 18.000229,
                    "seconds": 1.0002110004425049,
                    "bytes": 1368360,
                    "bits_per_second": 10944570.690741228,
                    "retransmits": 0,
                    "omitted": false,
                    "sender": true
                  }
                },
                {
                  "streams": [
                    {
                      "socket": 5,
                      "start": 18.000229,
                      "end": 19.00018,
                      "seconds": 0.9999510049819946,
                      "bytes": 1824480,
                      "bits_per_second": 14596555.158482807,
                      "retransmits": 0,
                      "snd_cwnd": 95568,
                      "snd_wnd": 212992,
                      "rtt": 72643,
                      "rttvar": 3560,
                      "pmtu": 1500,
                      "omitted": false,
                      "sender": true
                    }
                  ],
                  "sum": {
                    "start": 18.000229,
                    "end": 19.00018,
                    "seconds": 0.9999510049819946,
                    "bytes": 1824480,
                    "bits_per_second": 14596555.158482807,
                    "retransmits": 0,
                    "omitted": false,
                    "sender": true
                  }
                },
                {
                  "streams": [
                    {
                      "socket": 5,
                      "start": 19.00018,
                      "end": 20.000018,
                      "seconds": 0.9998379945755005,
                      "bytes": 1824480,
                      "bits_per_second": 14598204.988396076,
                      "retransmits": 0,
                      "snd_cwnd": 101360,
                      "snd_wnd": 212992,
                      "rtt": 48118,
                      "rttvar": 1814,
                      "pmtu": 1500,
                      "omitted": false,
                      "sender": true
                    }
                  ],
                  "sum": {
                    "start": 19.00018,
                    "end": 20.000018,
                    "seconds": 0.9998379945755005,
                    "bytes": 1824480,
                    "bits_per_second": 14598204.988396076,
                    "retransmits": 0,
                    "omitted": false,
                    "sender": true
                  }
                },
                {
                  "streams": [
                    {
                      "socket": 5,
                      "start": 20.000018,
                      "end": 21.000018,
                      "seconds": 1,
                      "bytes": 1368360,
                      "bits_per_second": 10946880,
                      "retransmits": 0,
                      "snd_cwnd": 72400,
                      "snd_wnd": 212992,
                      "rtt": 28176,
                      "rttvar": 6788,
                      "pmtu": 1500,
                      "omitted": false,
                      "sender": true
                    }
                  ],
                  "sum": {
                    "start": 20.000018,
                    "end": 21.000018,
                    "seconds": 1,
                    "bytes": 1368360,
                    "bits_per_second": 10946880,
                    "retransmits": 0,
                    "omitted": false,
                    "sender": true
                  }
                },
                {
                  "streams": [
                    {
                      "socket": 5,
                      "start": 21.000018,
                      "end": 22.000093,
                      "seconds": 1.0000749826431274,
                      "bytes": 1824480,
                      "bits_per_second": 14594745.647395585,
                      "retransmits": 0,
                      "snd_cwnd": 101360,
                      "snd_wnd": 212992,
                      "rtt": 45624,
                      "rttvar": 1379,
                      "pmtu": 1500,
                      "omitted": false,
                      "sender": true
                    }
                  ],
                  "sum": {
                    "start": 21.000018,
                    "end": 22.000093,
                    "seconds": 1.0000749826431274,
                    "bytes": 1824480,
                    "bits_per_second": 14594745.647395585,
                    "retransmits": 0,
                    "omitted": false,
                    "sender": true
                  }
                },
                {
                  "streams": [
                    {
                      "socket": 5,
                      "start": 22.000093,
                      "end": 23.000067,
                      "seconds": 0.999974012374878,
                      "bytes": 1824480,
                      "bits_per_second": 14596219.321075916,
                      "retransmits": 0,
                      "snd_cwnd": 95568,
                      "snd_wnd": 212992,
                      "rtt": 40459,
                      "rttvar": 3366,
                      "pmtu": 1500,
                      "omitted": false,
                      "sender": true
                    }
                  ],
                  "sum": {
                    "start": 22.000093,
                    "end": 23.000067,
                    "seconds": 0.999974012374878,
                    "bytes": 1824480,
                    "bits_per_second": 14596219.321075916,
                    "retransmits": 0,
                    "omitted": false,
                    "sender": true
                  }
                },
                {
                  "streams": [
                    {
                      "socket": 5,
                      "start": 23.000067,
                      "end": 24.000019,
                      "seconds": 0.9999520182609558,
                      "bytes": 1824480,
                      "bits_per_second": 14596540.367390856,
                      "retransmits": 0,
                      "snd_cwnd": 110048,
                      "snd_wnd": 212992,
                      "rtt": 39893,
                      "rttvar": 1386,
                      "pmtu": 1500,
                      "omitted": false,
                      "sender": true
                    }
                  ],
                  "sum": {
                    "start": 23.000067,
                    "end": 24.000019,
                    "seconds": 0.9999520182609558,
                    "bytes": 1824480,
                    "bits_per_second": 14596540.367390856,
                    "retransmits": 0,
                    "omitted": false,
                    "sender": true
                  }
                },
                {
                  "streams": [
                    {
                      "socket": 5,
                      "start": 24.000019,
                      "end": 25.000018,
                      "seconds": 0.9999989867210388,
                      "bytes": 1368360,
                      "bits_per_second": 10946891.092254434,
                      "retransmits": 0,
                      "snd_cwnd": 136112,
                      "snd_wnd": 212992,
                      "rtt": 28944,
                      "rttvar": 4589,
                      "pmtu": 1500,
                      "omitted": false,
                      "sender": true
                    }
                  ],
                  "sum": {
                    "start": 24.000019,
                    "end": 25.000018,
                    "seconds": 0.9999989867210388,
                    "bytes": 1368360,
                    "bits_per_second": 10946891.092254434,
                    "retransmits": 0,
                    "omitted": false,
                    "sender": true
                  }
                },
                {
                  "streams": [
                    {
                      "socket": 5,
                      "start": 25.000018,
                      "end": 26.000144,
                      "seconds": 1.0001260042190552,
                      "bytes": 1824480,
                      "bits_per_second": 14594001.094289225,
                      "retransmits": 0,
                      "snd_cwnd": 98464,
                      "snd_wnd": 212992,
                      "rtt": 38237,
                      "rttvar": 2088,
                      "pmtu": 1500,
                      "omitted": false,
                      "sender": true
                    }
                  ],
                  "sum": {
                    "start": 25.000018,
                    "end": 26.000144,
                    "seconds": 1.0001260042190552,
                    "bytes": 1824480,
                    "bits_per_second": 14594001.094289225,
                    "retransmits": 0,
                    "omitted": false,
                    "sender": true
                  }
                },
                {
                  "streams": [
                    {
                      "socket": 5,
                      "start": 26.000144,
                      "end": 27.000075,
                      "seconds": 0.99993097782135,
                      "bytes": 1824480,
                      "bits_per_second": 14596847.5062163,
                      "retransmits": 0,
                      "snd_cwnd": 89776,
                      "snd_wnd": 212992,
                      "rtt": 43131,
                      "rttvar": 2805,
                      "pmtu": 1500,
                      "omitted": false,
                      "sender": true
                    }
                  ],
                  "sum": {
                    "start": 26.000144,
                    "end": 27.000075,
                    "seconds": 0.99993097782135,
                    "bytes": 1824480,
                    "bits_per_second": 14596847.5062163,
                    "retransmits": 0,
                    "omitted": false,
                    "sender": true
                  }
                },
                {
                  "streams": [
                    {
                      "socket": 5,
                      "start": 27.000075,
                      "end": 28.000184,
                      "seconds": 1.0001089572906494,
                      "bytes": 1368360,
                      "bits_per_second": 10945687.387557955,
                      "retransmits": 0,
                      "snd_cwnd": 101360,
                      "snd_wnd": 212992,
                      "rtt": 47559,
                      "rttvar": 2638,
                      "pmtu": 1500,
                      "omitted": false,
                      "sender": true
                    }
                  ],
                  "sum": {
                    "start": 27.000075,
                    "end": 28.000184,
                    "seconds": 1.0001089572906494,
                    "bytes": 1368360,
                    "bits_per_second": 10945687.387557955,
                    "retransmits": 0,
                    "omitted": false,
                    "sender": true
                  }
                },
                {
                  "streams": [
                    {
                      "socket": 5,
                      "start": 28.000184,
                      "end": 29.000257,
                      "seconds": 1.000072956085205,
                      "bytes": 1368360,
                      "bits_per_second": 10946081.4167515,
                      "retransmits": 0,
                      "snd_cwnd": 89776,
                      "snd_wnd": 212992,
                      "rtt": 43716,
                      "rttvar": 4127,
                      "pmtu": 1500,
                      "omitted": false,
                      "sender": true
                    }
                  ],
                  "sum": {
                    "start": 28.000184,
                    "end": 29.000257,
                    "seconds": 1.000072956085205,
                    "bytes": 1368360,
                    "bits_per_second": 10946081.4167515,
                    "retransmits": 0,
                    "omitted": false,
                    "sender": true
                  }
                },
                {
                  "streams": [
                    {
                      "socket": 5,
                      "start": 29.000257,
                      "end": 30.00022,
                      "seconds": 0.9999629855155945,
                      "bytes": 1824480,
                      "bits_per_second": 14596380.277490158,
                      "retransmits": 0,
                      "snd_cwnd": 92672,
                      "snd_wnd": 212992,
                      "rtt": 39880,
                      "rttvar": 2220,
                      "pmtu": 1500,
                      "omitted": false,
                      "sender": true
                    }
                  ],
                  "sum": {
                    "start": 29.000257,
                    "end": 30.00022,
                    "seconds": 0.9999629855155945,
                    "bytes": 1824480,
                    "bits_per_second": 14596380.277490158,
                    "retransmits": 0,
                    "omitted": false,
                    "sender": true
                  }
                }
              ],
              "end": {
                "streams": [
                  {
                    "sender": {
                      "socket": 5,
                      "start": 0,
                      "end": 30.00022,
                      "seconds": 30.00022,
                      "bytes": 49760520,
                      "bits_per_second": 13269374.691252265,
                      "retransmits": 0,
                      "max_snd_cwnd": 136112,
                      "max_snd_wnd": 212992,
                      "max_rtt": 80008,
                      "min_rtt": 28176,
                      "mean_rtt": 47575,
                      "sender": true
                    },
                    "receiver": {
                      "socket": 5,
                      "start": 0,
                      "end": 30.00022,
                      "seconds": 30.00022,
                      "bytes": 48969912,
                      "bits_per_second": 13058547.437318794,
                      "sender": true
                    }
                  }
                ],
                "sum_sent": {
                  "start": 0,
                  "end": 30.00022,
                  "seconds": 30.00022,
                  "bytes": 49760520,
                  "bits_per_second": 13269374.691252265,
                  "retransmits": 0,
                  "sender": true
                },
                "sum_received": {
                  "start": 0,
                  "end": 30.00022,
                  "seconds": 30.00022,
                  "bytes": 48969912,
                  "bits_per_second": 13058547.437318794,
                  "sender": true
                },
                "cpu_utilization_percent": {
                  "host_total": 0.1424632024849955,
                  "host_user": 0.00999829155728787,
                  "host_system": 0.1324682315160694,
                  "remote_total": 13.652935,
                  "remote_user": 7.447055,
                  "remote_system": 6.20588
                },
                "sender_tcp_congestion": "bbr"
              }
            }
          },
          "storage_targets": {
            "timeseries": "samples",
            "neo4j": "parameters + context + test relationship",
            "qdrant": "summary + future notes/log analysis"
          },
          "result_file": "D:\\NetworkAutomation\\results\\iperf\\2026-08-04\\iperf-20260804-124237-740fb8.json",
          "text_log_file": "D:\\NetworkAutomation\\results\\iperf\\2026-08-04\\iperf-20260804-124237-740fb8.txt",
          "returncode": 0
        }
      },
      {
        "direction": "upload",
        "result": {
          "success": true,
          "schema_version": "2.0",
          "test_id": "iperf-20260804-124309-86c4b0",
          "test_type": "iperf3",
          "timestamp_end": "2026-08-04T12:43:09+08:00",
          "parameters": {
            "ue_ip": "192.168.3.2",
            "band": 5,
            "bandwidth_mhz": 10.0,
            "cell": 1,
            "dl_earfcn": 2525,
            "direction": "upload",
            "duration_sec": 30,
            "port": 5201,
            "parallel_streams": 1,
            "interval_sec": 1,
            "reverse": true
          },
          "precheck": {
            "ue_ping": true,
            "ping_command": "ping -c 1 -W 2 192.168.3.2",
            "iperf_server": {
              "success": true,
              "ready": true,
              "action": "already_listening",
              "initial_check": {
                "success": true,
                "reachable": true,
                "host": "192.168.3.2",
                "port": 5201,
                "method": "executor_tcp",
                "command": "python3 -c 'import socket,sys;s=socket.socket();s.settimeout(3);r=s.connect_ex(('\"'\"'192.168.3.2'\"'\"',5201));s.close();sys.exit(0 if r==0 else 1)'",
                "stdout": "",
                "stderr": "",
                "exit_code": 0
              },
              "message": "iPerf Server 192.168.3.2:5201 已在 Listen。"
            }
          },
          "summary": {
            "average_mbps": 4.612,
            "minimum_mbps": 3.824,
            "maximum_mbps": 5.173,
            "total_transfer_mbytes": 17.295,
            "retransmissions": null,
            "packet_loss_percent": null,
            "sample_count": 30
          },
          "samples": [
            {
              "second_start": 0,
              "second_end": 1.000056,
              "throughput_mbps": 5.016,
              "transfer_mbytes": 0.627,
              "retransmissions": null,
              "packet_loss_percent": null,
              "omitted": false
            },
            {
              "second_start": 1.000056,
              "second_end": 2.000056,
              "throughput_mbps": 5.046,
              "transfer_mbytes": 0.631,
              "retransmissions": null,
              "packet_loss_percent": null,
              "omitted": false
            },
            {
              "second_start": 2.000056,
              "second_end": 3.000055,
              "throughput_mbps": 4.907,
              "transfer_mbytes": 0.613,
              "retransmissions": null,
              "packet_loss_percent": null,
              "omitted": false
            },
            {
              "second_start": 3.000055,
              "second_end": 4.000046,
              "throughput_mbps": 5.173,
              "transfer_mbytes": 0.647,
              "retransmissions": null,
              "packet_loss_percent": null,
              "omitted": false
            },
            {
              "second_start": 4.000046,
              "second_end": 5.000056,
              "throughput_mbps": 4.959,
              "transfer_mbytes": 0.62,
              "retransmissions": null,
              "packet_loss_percent": null,
              "omitted": false
            },
            {
              "second_start": 5.000056,
              "second_end": 6.000055,
              "throughput_mbps": 5.058,
              "transfer_mbytes": 0.632,
              "retransmissions": null,
              "packet_loss_percent": null,
              "omitted": false
            },
            {
              "second_start": 6.000055,
              "second_end": 7.000056,
              "throughput_mbps": 4.617,
              "transfer_mbytes": 0.577,
              "retransmissions": null,
              "packet_loss_percent": null,
              "omitted": false
            },
            {
              "second_start": 7.000056,
              "second_end": 8.000056,
              "throughput_mbps": 4.808,
              "transfer_mbytes": 0.601,
              "retransmissions": null,
              "packet_loss_percent": null,
              "omitted": false
            },
            {
              "second_start": 8.000056,
              "second_end": 9.000029,
              "throughput_mbps": 4.571,
              "transfer_mbytes": 0.571,
              "retransmissions": null,
              "packet_loss_percent": null,
              "omitted": false
            },
            {
              "second_start": 9.000029,
              "second_end": 10.000056,
              "throughput_mbps": 4.576,
              "transfer_mbytes": 0.572,
              "retransmissions": null,
              "packet_loss_percent": null,
              "omitted": false
            },
            {
              "second_start": 10.000056,
              "second_end": 11.000056,
              "throughput_mbps": 4.907,
              "transfer_mbytes": 0.613,
              "retransmissions": null,
              "packet_loss_percent": null,
              "omitted": false
            },
            {
              "second_start": 11.000056,
              "second_end": 12.000056,
              "throughput_mbps": 4.855,
              "transfer_mbytes": 0.607,
              "retransmissions": null,
              "packet_loss_percent": null,
              "omitted": false
            },
            {
              "second_start": 12.000056,
              "second_end": 13.000056,
              "throughput_mbps": 4.594,
              "transfer_mbytes": 0.574,
              "retransmissions": null,
              "packet_loss_percent": null,
              "omitted": false
            },
            {
              "second_start": 13.000056,
              "second_end": 14.000055,
              "throughput_mbps": 4.669,
              "transfer_mbytes": 0.584,
              "retransmissions": null,
              "packet_loss_percent": null,
              "omitted": false
            },
            {
              "second_start": 14.000055,
              "second_end": 15.000056,
              "throughput_mbps": 4.472,
              "transfer_mbytes": 0.559,
              "retransmissions": null,
              "packet_loss_percent": null,
              "omitted": false
            },
            {
              "second_start": 15.000056,
              "second_end": 16.000055,
              "throughput_mbps": 4.42,
              "transfer_mbytes": 0.553,
              "retransmissions": null,
              "packet_loss_percent": null,
              "omitted": false
            },
            {
              "second_start": 16.000055,
              "second_end": 17.00005,
              "throughput_mbps": 4.414,
              "transfer_mbytes": 0.552,
              "retransmissions": null,
              "packet_loss_percent": null,
              "omitted": false
            },
            {
              "second_start": 17.00005,
              "second_end": 18.000056,
              "throughput_mbps": 4.333,
              "transfer_mbytes": 0.542,
              "retransmissions": null,
              "packet_loss_percent": null,
              "omitted": false
            },
            {
              "second_start": 18.000056,
              "second_end": 19.000056,
              "throughput_mbps": 3.824,
              "transfer_mbytes": 0.478,
              "retransmissions": null,
              "packet_loss_percent": null,
              "omitted": false
            },
            {
              "second_start": 19.000056,
              "second_end": 20.000056,
              "throughput_mbps": 4.206,
              "transfer_mbytes": 0.526,
              "retransmissions": null,
              "packet_loss_percent": null,
              "omitted": false
            },
            {
              "second_start": 20.000056,
              "second_end": 21.000034,
              "throughput_mbps": 4.322,
              "transfer_mbytes": 0.54,
              "retransmissions": null,
              "packet_loss_percent": null,
              "omitted": false
            },
            {
              "second_start": 21.000034,
              "second_end": 22.000056,
              "throughput_mbps": 4.715,
              "transfer_mbytes": 0.589,
              "retransmissions": null,
              "packet_loss_percent": null,
              "omitted": false
            },
            {
              "second_start": 22.000056,
              "second_end": 23.000056,
              "throughput_mbps": 4.449,
              "transfer_mbytes": 0.556,
              "retransmissions": null,
              "packet_loss_percent": null,
              "omitted": false
            },
            {
              "second_start": 23.000056,
              "second_end": 24.000055,
              "throughput_mbps": 4.217,
              "transfer_mbytes": 0.527,
              "retransmissions": null,
              "packet_loss_percent": null,
              "omitted": false
            },
            {
              "second_start": 24.000055,
              "second_end": 25.000055,
              "throughput_mbps": 4.148,
              "transfer_mbytes": 0.518,
              "retransmissions": null,
              "packet_loss_percent": null,
              "omitted": false
            },
            {
              "second_start": 25.000055,
              "second_end": 26.000056,
              "throughput_mbps": 4.229,
              "transfer_mbytes": 0.529,
              "retransmissions": null,
              "packet_loss_percent": null,
              "omitted": false
            },
            {
              "second_start": 26.000056,
              "second_end": 27.000055,
              "throughput_mbps": 4.374,
              "transfer_mbytes": 0.547,
              "retransmissions": null,
              "packet_loss_percent": null,
              "omitted": false
            },
            {
              "second_start": 27.000055,
              "second_end": 28.000056,
              "throughput_mbps": 4.716,
              "transfer_mbytes": 0.589,
              "retransmissions": null,
              "packet_loss_percent": null,
              "omitted": false
            },
            {
              "second_start": 28.000056,
              "second_end": 29.000056,
              "throughput_mbps": 4.698,
              "transfer_mbytes": 0.587,
              "retransmissions": null,
              "packet_loss_percent": null,
              "omitted": false
            },
            {
              "second_start": 29.000056,
              "second_end": 30.000061,
              "throughput_mbps": 5.063,
              "transfer_mbytes": 0.633,
              "retransmissions": null,
              "packet_loss_percent": null,
              "omitted": false
            }
          ],
          "raw": {
            "command": "iperf3 -c 192.168.3.2 -p 5201 -P 1 -t 30 -i 1 -J -R",
            "stdout": "{\n\t\"start\":\t{\n\t\t\"connected\":\t[{\n\t\t\t\t\"socket\":\t5,\n\t\t\t\t\"local_host\":\t\"192.168.3.1\",\n\t\t\t\t\"local_port\":\t36252,\n\t\t\t\t\"remote_host\":\t\"192.168.3.2\",\n\t\t\t\t\"remote_port\":\t5201\n\t\t\t}],\n\t\t\"version\":\t\"iperf 3.10.1\",\n\t\t\"system_info\":\t\"Linux CBA-20240614 6.2.15-100.fc36.x86_64 #1 SMP PREEMPT_DYNAMIC Thu May 11 16:51:53 UTC 2023 x86_64\",\n\t\t\"timestamp\":\t{\n\t\t\t\"time\":\t\"Tue, 04 Aug 2026 04:34:38 GMT\",\n\t\t\t\"timesecs\":\t1785818078\n\t\t},\n\t\t\"connecting_to\":\t{\n\t\t\t\"host\":\t\"192.168.3.2\",\n\t\t\t\"port\":\t5201\n\t\t},\n\t\t\"cookie\":\t\"c4vcofz2pghgqu27vczqzgltsiylnwov2p34\",\n\t\t\"tcp_mss_default\":\t1448,\n\t\t\"sock_bufsize\":\t0,\n\t\t\"sndbuf_actual\":\t16384,\n\t\t\"rcvbuf_actual\":\t131072,\n\t\t\"test_start\":\t{\n\t\t\t\"protocol\":\t\"TCP\",\n\t\t\t\"num_streams\":\t1,\n\t\t\t\"blksize\":\t131072,\n\t\t\t\"omit\":\t0,\n\t\t\t\"duration\":\t30,\n\t\t\t\"bytes\":\t0,\n\t\t\t\"blocks\":\t0,\n\t\t\t\"reverse\":\t1,\n\t\t\t\"tos\":\t0\n\t\t}\n\t},\n\t\"intervals\":\t[{\n\t\t\t\"streams\":\t[{\n\t\t\t\t\t\"socket\":\t5,\n\t\t\t\t\t\"start\":\t0,\n\t\t\t\t\t\"end\":\t1.000056,\n\t\t\t\t\t\"seconds\":\t1.0000560283660889,\n\t\t\t\t\t\"bytes\":\t627096,\n\t\t\t\t\t\"bits_per_second\":\t5016486.9344335571,\n\t\t\t\t\t\"omitted\":\tfalse,\n\t\t\t\t\t\"sender\":\tfalse\n\t\t\t\t}],\n\t\t\t\"sum\":\t{\n\t\t\t\t\"start\":\t0,\n\t\t\t\t\"end\":\t1.000056,\n\t\t\t\t\"seconds\":\t1.0000560283660889,\n\t\t\t\t\"bytes\":\t627096,\n\t\t\t\t\"bits_per_second\":\t5016486.9344335571,\n\t\t\t\t\"omitted\":\tfalse,\n\t\t\t\t\"sender\":\tfalse\n\t\t\t}\n\t\t}, {\n\t\t\t\"streams\":\t[{\n\t\t\t\t\t\"socket\":\t5,\n\t\t\t\t\t\"start\":\t1.000056,\n\t\t\t\t\t\"end\":\t2.000056,\n\t\t\t\t\t\"seconds\":\t1,\n\t\t\t\t\t\"bytes\":\t630744,\n\t\t\t\t\t\"bits_per_second\":\t5045952,\n\t\t\t\t\t\"omitted\":\tfalse,\n\t\t\t\t\t\"sender\":\tfalse\n\t\t\t\t}],\n\t\t\t\"sum\":\t{\n\t\t\t\t\"start\":\t1.000056,\n\t\t\t\t\"end\":\t2.000056,\n\t\t\t\t\"seconds\":\t1,\n\t\t\t\t\"bytes\":\t630744,\n\t\t\t\t\"bits_per_second\":\t5045952,\n\t\t\t\t\"omitted\":\tfalse,\n\t\t\t\t\"sender\":\tfalse\n\t\t\t}\n\t\t}, {\n\t\t\t\"streams\":\t[{\n\t\t\t\t\t\"socket\":\t5,\n\t\t\t\t\t\"start\":\t2.000056,\n\t\t\t\t\t\"end\":\t3.000055,\n\t\t\t\t\t\"seconds\":\t0.99999898672103882,\n\t\t\t\t\t\"bytes\":\t613368,\n\t\t\t\t\t\"bits_per_second\":\t4906948.9721081574,\n\t\t\t\t\t\"omitted\":\tfalse,\n\t\t\t\t\t\"sender\":\tfalse\n\t\t\t\t}],\n\t\t\t\"sum\":\t{\n\t\t\t\t\"start\":\t2.000056,\n\t\t\t\t\"end\":\t3.000055,\n\t\t\t\t\"seconds\":\t0.99999898672103882,\n\t\t\t\t\"bytes\":\t613368,\n\t\t\t\t\"bits_per_second\":\t4906948.9721081574,\n\t\t\t\t\"omitted\":\tfalse,\n\t\t\t\t\"sender\":\tfalse\n\t\t\t}\n\t\t}, {\n\t\t\t\"streams\":\t[{\n\t\t\t\t\t\"socket\":\t5,\n\t\t\t\t\t\"start\":\t3.000055,\n\t\t\t\t\t\"end\":\t4.000046,\n\t\t\t\t\t\"seconds\":\t0.999990999698639,\n\t\t\t\t\t\"bytes\":\t646672,\n\t\t\t\t\t\"bits_per_second\":\t5173422.56236213,\n\t\t\t\t\t\"omitted\":\tfalse,\n\t\t\t\t\t\"sender\":\tfalse\n\t\t\t\t}],\n\t\t\t\"sum\":\t{\n\t\t\t\t\"start\":\t3.000055,\n\t\t\t\t\"end\":\t4.000046,\n\t\t\t\t\"seconds\":\t0.999990999698639,\n\t\t\t\t\"bytes\":\t646672,\n\t\t\t\t\"bits_per_second\":\t5173422.56236213,\n\t\t\t\t\"omitted\":\tfalse,\n\t\t\t\t\"sender\":\tfalse\n\t\t\t}\n\t\t}, {\n\t\t\t\"streams\":\t[{\n\t\t\t\t\t\"socket\":\t5,\n\t\t\t\t\t\"start\":\t4.000046,\n\t\t\t\t\t\"end\":\t5.000056,\n\t\t\t\t\t\"seconds\":\t1.0000100135803223,\n\t\t\t\t\t\"bytes\":\t619856,\n\t\t\t\t\t\"bits_per_second\":\t4958798.3446744736,\n\t\t\t\t\t\"omitted\":\tfalse,\n\t\t\t\t\t\"sender\":\tfalse\n\t\t\t\t}],\n\t\t\t\"sum\":\t{\n\t\t\t\t\"start\":\t4.000046,\n\t\t\t\t\"end\":\t5.000056,\n\t\t\t\t\"seconds\":\t1.0000100135803223,\n\t\t\t\t\"bytes\":\t619856,\n\t\t\t\t\"bits_per_second\":\t4958798.3446744736,\n\t\t\t\t\"omitted\":\tfalse,\n\t\t\t\t\"sender\":\tfalse\n\t\t\t}\n\t\t}, {\n\t\t\t\"streams\":\t[{\n\t\t\t\t\t\"socket\":\t5,\n\t\t\t\t\t\"start\":\t5.000056,\n\t\t\t\t\t\"end\":\t6.000055,\n\t\t\t\t\t\"seconds\":\t0.99999898672103882,\n\t\t\t\t\t\"bytes\":\t632192,\n\t\t\t\t\t\"bits_per_second\":\t5057541.1247000173,\n\t\t\t\t\t\"omitted\":\tfalse,\n\t\t\t\t\t\"sender\":\tfalse\n\t\t\t\t}],\n\t\t\t\"sum\":\t{\n\t\t\t\t\"start\":\t5.000056,\n\t\t\t\t\"end\":\t6.000055,\n\t\t\t\t\"seconds\":\t0.99999898672103882,\n\t\t\t\t\"bytes\":\t632192,\n\t\t\t\t\"bits_per_second\":\t5057541.1247000173,\n\t\t\t\t\"omitted\":\tfalse,\n\t\t\t\t\"sender\":\tfalse\n\t\t\t}\n\t\t}, {\n\t\t\t\"streams\":\t[{\n\t\t\t\t\t\"socket\":\t5,\n\t\t\t\t\t\"start\":\t6.000055,\n\t\t\t\t\t\"end\":\t7.000056,\n\t\t\t\t\t\"seconds\":\t1.0000009536743164,\n\t\t\t\t\t\"bytes\":\t577168,\n\t\t\t\t\t\"bits_per_second\":\t4617339.5965618165,\n\t\t\t\t\t\"omitted\":\tfalse,\n\t\t\t\t\t\"sender\":\tfalse\n\t\t\t\t}],\n\t\t\t\"sum\":\t{\n\t\t\t\t\"start\":\t6.000055,\n\t\t\t\t\"end\":\t7.000056,\n\t\t\t\t\"seconds\":\t1.0000009536743164,\n\t\t\t\t\"bytes\":\t577168,\n\t\t\t\t\"bits_per_second\":\t4617339.5965618165,\n\t\t\t\t\"omitted\":\tfalse,\n\t\t\t\t\"sender\":\tfalse\n\t\t\t}\n\t\t}, {\n\t\t\t\"streams\":\t[{\n\t\t\t\t\t\"socket\":\t5,\n\t\t\t\t\t\"start\":\t7.000056,\n\t\t\t\t\t\"end\":\t8.000056,\n\t\t\t\t\t\"seconds\":\t1,\n\t\t\t\t\t\"bytes\":\t601032,\n\t\t\t\t\t\"bits_per_second\":\t4808256,\n\t\t\t\t\t\"omitted\":\tfalse,\n\t\t\t\t\t\"sender\":\tfalse\n\t\t\t\t}],\n\t\t\t\"sum\":\t{\n\t\t\t\t\"start\":\t7.000056,\n\t\t\t\t\"end\":\t8.000056,\n\t\t\t\t\"seconds\":\t1,\n\t\t\t\t\"bytes\":\t601032,\n\t\t\t\t\"bits_per_second\":\t4808256,\n\t\t\t\t\"omitted\":\tfalse,\n\t\t\t\t\"sender\":\tfalse\n\t\t\t}\n\t\t}, {\n\t\t\t\"streams\":\t[{\n\t\t\t\t\t\"socket\":\t5,\n\t\t\t\t\t\"start\":\t8.000056,\n\t\t\t\t\t\"end\":\t9.000029,\n\t\t\t\t\t\"seconds\":\t0.99997299909591675,\n\t\t\t\t\t\"bytes\":\t571376,\n\t\t\t\t\t\"bits_per_second\":\t4571131.42468115,\n\t\t\t\t\t\"omitted\":\tfalse,\n\t\t\t\t\t\"sender\":\tfalse\n\t\t\t\t}],\n\t\t\t\"sum\":\t{\n\t\t\t\t\"start\":\t8.000056,\n\t\t\t\t\"end\":\t9.000029,\n\t\t\t\t\"seconds\":\t0.99997299909591675,\n\t\t\t\t\"bytes\":\t571376,\n\t\t\t\t\"bits_per_second\":\t4571131.42468115,\n\t\t\t\t\"omitted\":\tfalse,\n\t\t\t\t\"sender\":\tfalse\n\t\t\t}\n\t\t}, {\n\t\t\t\"streams\":\t[{\n\t\t\t\t\t\"socket\":\t5,\n\t\t\t\t\t\"start\":\t9.000029,\n\t\t\t\t\t\"end\":\t10.000056,\n\t\t\t\t\t\"seconds\":\t1.0000269412994385,\n\t\t\t\t\t\"bytes\":\t572072,\n\t\t\t\t\t\"bits_per_second\":\t4576452.7044173246,\n\t\t\t\t\t\"omitted\":\tfalse,\n\t\t\t\t\t\"sender\":\tfalse\n\t\t\t\t}],\n\t\t\t\"sum\":\t{\n\t\t\t\t\"start\":\t9.000029,\n\t\t\t\t\"end\":\t10.000056,\n\t\t\t\t\"seconds\":\t1.0000269412994385,\n\t\t\t\t\"bytes\":\t572072,\n\t\t\t\t\"bits_per_second\":\t4576452.7044173246,\n\t\t\t\t\"omitted\":\tfalse,\n\t\t\t\t\"sender\":\tfalse\n\t\t\t}\n\t\t}, {\n\t\t\t\"streams\":\t[{\n\t\t\t\t\t\"socket\":\t5,\n\t\t\t\t\t\"start\":\t10.000056,\n\t\t\t\t\t\"end\":\t11.000056,\n\t\t\t\t\t\"seconds\":\t1,\n\t\t\t\t\t\"bytes\":\t613368,\n\t\t\t\t\t\"bits_per_second\":\t4906944,\n\t\t\t\t\t\"omitted\":\tfalse,\n\t\t\t\t\t\"sender\":\tfalse\n\t\t\t\t}],\n\t\t\t\"sum\":\t{\n\t\t\t\t\"start\":\t10.000056,\n\t\t\t\t\"end\":\t11.000056,\n\t\t\t\t\"seconds\":\t1,\n\t\t\t\t\"bytes\":\t613368,\n\t\t\t\t\"bits_per_second\":\t4906944,\n\t\t\t\t\"omitted\":\tfalse,\n\t\t\t\t\"sender\":\tfalse\n\t\t\t}\n\t\t}, {\n\t\t\t\"streams\":\t[{\n\t\t\t\t\t\"socket\":\t5,\n\t\t\t\t\t\"start\":\t11.000056,\n\t\t\t\t\t\"end\":\t12.000056,\n\t\t\t\t\t\"seconds\":\t1,\n\t\t\t\t\t\"bytes\":\t606824,\n\t\t\t\t\t\"bits_per_second\":\t4854592,\n\t\t\t\t\t\"omitted\":\tfalse,\n\t\t\t\t\t\"sender\":\tfalse\n\t\t\t\t}],\n\t\t\t\"sum\":\t{\n\t\t\t\t\"start\":\t11.000056,\n\t\t\t\t\"end\":\t12.000056,\n\t\t\t\t\"seconds\":\t1,\n\t\t\t\t\"bytes\":\t606824,\n\t\t\t\t\"bits_per_second\":\t4854592,\n\t\t\t\t\"omitted\":\tfalse,\n\t\t\t\t\"sender\":\tfalse\n\t\t\t}\n\t\t}, {\n\t\t\t\"streams\":\t[{\n\t\t\t\t\t\"socket\":\t5,\n\t\t\t\t\t\"start\":\t12.000056,\n\t\t\t\t\t\"end\":\t13.000056,\n\t\t\t\t\t\"seconds\":\t1,\n\t\t\t\t\t\"bytes\":\t574272,\n\t\t\t\t\t\"bits_per_second\":\t4594176,\n\t\t\t\t\t\"omitted\":\tfalse,\n\t\t\t\t\t\"sender\":\tfalse\n\t\t\t\t}],\n\t\t\t\"sum\":\t{\n\t\t\t\t\"start\":\t12.000056,\n\t\t\t\t\"end\":\t13.000056,\n\t\t\t\t\"seconds\":\t1,\n\t\t\t\t\"bytes\":\t574272,\n\t\t\t\t\"bits_per_second\":\t4594176,\n\t\t\t\t\"omitted\":\tfalse,\n\t\t\t\t\"sender\":\tfalse\n\t\t\t}\n\t\t}, {\n\t\t\t\"streams\":\t[{\n\t\t\t\t\t\"socket\":\t5,\n\t\t\t\t\t\"start\":\t13.000056,\n\t\t\t\t\t\"end\":\t14.000055,\n\t\t\t\t\t\"seconds\":\t0.99999898672103882,\n\t\t\t\t\t\"bytes\":\t583656,\n\t\t\t\t\t\"bits_per_second\":\t4669252.7312555574,\n\t\t\t\t\t\"omitted\":\tfalse,\n\t\t\t\t\t\"sender\":\tfalse\n\t\t\t\t}],\n\t\t\t\"sum\":\t{\n\t\t\t\t\"start\":\t13.000056,\n\t\t\t\t\"end\":\t14.000055,\n\t\t\t\t\"seconds\":\t0.99999898672103882,\n\t\t\t\t\"bytes\":\t583656,\n\t\t\t\t\"bits_per_second\":\t4669252.7312555574,\n\t\t\t\t\"omitted\":\tfalse,\n\t\t\t\t\"sender\":\tfalse\n\t\t\t}\n\t\t}, {\n\t\t\t\"streams\":\t[{\n\t\t\t\t\t\"socket\":\t5,\n\t\t\t\t\t\"start\":\t14.000055,\n\t\t\t\t\t\"end\":\t15.000056,\n\t\t\t\t\t\"seconds\":\t1.0000009536743164,\n\t\t\t\t\t\"bytes\":\t559040,\n\t\t\t\t\t\"bits_per_second\":\t4472315.7348673483,\n\t\t\t\t\t\"omitted\":\tfalse,\n\t\t\t\t\t\"sender\":\tfalse\n\t\t\t\t}],\n\t\t\t\"sum\":\t{\n\t\t\t\t\"start\":\t14.000055,\n\t\t\t\t\"end\":\t15.000056,\n\t\t\t\t\"seconds\":\t1.0000009536743164,\n\t\t\t\t\"bytes\":\t559040,\n\t\t\t\t\"bits_per_second\":\t4472315.7348673483,\n\t\t\t\t\"omitted\":\tfalse,\n\t\t\t\t\"sender\":\tfalse\n\t\t\t}\n\t\t}, {\n\t\t\t\"streams\":\t[{\n\t\t\t\t\t\"socket\":\t5,\n\t\t\t\t\t\"start\":\t15.000056,\n\t\t\t\t\t\"end\":\t16.000055,\n\t\t\t\t\t\"seconds\":\t0.99999898672103882,\n\t\t\t\t\t\"bytes\":\t552552,\n\t\t\t\t\t\"bits_per_second\":\t4420420.47911907,\n\t\t\t\t\t\"omitted\":\tfalse,\n\t\t\t\t\t\"sender\":\tfalse\n\t\t\t\t}],\n\t\t\t\"sum\":\t{\n\t\t\t\t\"start\":\t15.000056,\n\t\t\t\t\"end\":\t16.000055,\n\t\t\t\t\"seconds\":\t0.99999898672103882,\n\t\t\t\t\"bytes\":\t552552,\n\t\t\t\t\"bits_per_second\":\t4420420.47911907,\n\t\t\t\t\"omitted\":\tfalse,\n\t\t\t\t\"sender\":\tfalse\n\t\t\t}\n\t\t}, {\n\t\t\t\"streams\":\t[{\n\t\t\t\t\t\"socket\":\t5,\n\t\t\t\t\t\"start\":\t16.000055,\n\t\t\t\t\t\"end\":\t17.00005,\n\t\t\t\t\t\"seconds\":\t0.999994993209839,\n\t\t\t\t\t\"bytes\":\t551800,\n\t\t\t\t\t\"bits_per_second\":\t4414422.102085148,\n\t\t\t\t\t\"omitted\":\tfalse,\n\t\t\t\t\t\"sender\":\tfalse\n\t\t\t\t}],\n\t\t\t\"sum\":\t{\n\t\t\t\t\"start\":\t16.000055,\n\t\t\t\t\"end\":\t17.00005,\n\t\t\t\t\"seconds\":\t0.999994993209839,\n\t\t\t\t\"bytes\":\t551800,\n\t\t\t\t\"bits_per_second\":\t4414422.102085148,\n\t\t\t\t\"omitted\":\tfalse,\n\t\t\t\t\"sender\":\tfalse\n\t\t\t}\n\t\t}, {\n\t\t\t\"streams\":\t[{\n\t\t\t\t\t\"socket\":\t5,\n\t\t\t\t\t\"start\":\t17.00005,\n\t\t\t\t\t\"end\":\t18.000056,\n\t\t\t\t\t\"seconds\":\t1.0000059604644775,\n\t\t\t\t\t\"bytes\":\t541664,\n\t\t\t\t\t\"bits_per_second\":\t4333286.1716017034,\n\t\t\t\t\t\"omitted\":\tfalse,\n\t\t\t\t\t\"sender\":\tfalse\n\t\t\t\t}],\n\t\t\t\"sum\":\t{\n\t\t\t\t\"start\":\t17.00005,\n\t\t\t\t\"end\":\t18.000056,\n\t\t\t\t\"seconds\":\t1.0000059604644775,\n\t\t\t\t\"bytes\":\t541664,\n\t\t\t\t\"bits_per_second\":\t4333286.1716017034,\n\t\t\t\t\"omitted\":\tfalse,\n\t\t\t\t\"sender\":\tfalse\n\t\t\t}\n\t\t}, {\n\t\t\t\"streams\":\t[{\n\t\t\t\t\t\"socket\":\t5,\n\t\t\t\t\t\"start\":\t18.000056,\n\t\t\t\t\t\"end\":\t19.000056,\n\t\t\t\t\t\"seconds\":\t1,\n\t\t\t\t\t\"bytes\":\t477952,\n\t\t\t\t\t\"bits_per_second\":\t3823616,\n\t\t\t\t\t\"omitted\":\tfalse,\n\t\t\t\t\t\"sender\":\tfalse\n\t\t\t\t}],\n\t\t\t\"sum\":\t{\n\t\t\t\t\"start\":\t18.000056,\n\t\t\t\t\"end\":\t19.000056,\n\t\t\t\t\"seconds\":\t1,\n\t\t\t\t\"bytes\":\t477952,\n\t\t\t\t\"bits_per_second\":\t3823616,\n\t\t\t\t\"omitted\":\tfalse,\n\t\t\t\t\"sender\":\tfalse\n\t\t\t}\n\t\t}, {\n\t\t\t\"streams\":\t[{\n\t\t\t\t\t\"socket\":\t5,\n\t\t\t\t\t\"start\":\t19.000056,\n\t\t\t\t\t\"end\":\t20.000056,\n\t\t\t\t\t\"seconds\":\t1,\n\t\t\t\t\t\"bytes\":\t525736,\n\t\t\t\t\t\"bits_per_second\":\t4205888,\n\t\t\t\t\t\"omitted\":\tfalse,\n\t\t\t\t\t\"sender\":\tfalse\n\t\t\t\t}],\n\t\t\t\"sum\":\t{\n\t\t\t\t\"start\":\t19.000056,\n\t\t\t\t\"end\":\t20.000056,\n\t\t\t\t\"seconds\":\t1,\n\t\t\t\t\"bytes\":\t525736,\n\t\t\t\t\"bits_per_second\":\t4205888,\n\t\t\t\t\"omitted\":\tfalse,\n\t\t\t\t\"sender\":\tfalse\n\t\t\t}\n\t\t}, {\n\t\t\t\"streams\":\t[{\n\t\t\t\t\t\"socket\":\t5,\n\t\t\t\t\t\"start\":\t20.000056,\n\t\t\t\t\t\"end\":\t21.000034,\n\t\t\t\t\t\"seconds\":\t0.999978005886078,\n\t\t\t\t\t\"bytes\":\t540216,\n\t\t\t\t\t\"bits_per_second\":\t4321823.0546686156,\n\t\t\t\t\t\"omitted\":\tfalse,\n\t\t\t\t\t\"sender\":\tfalse\n\t\t\t\t}],\n\t\t\t\"sum\":\t{\n\t\t\t\t\"start\":\t20.000056,\n\t\t\t\t\"end\":\t21.000034,\n\t\t\t\t\"seconds\":\t0.999978005886078,\n\t\t\t\t\"bytes\":\t540216,\n\t\t\t\t\"bits_per_second\":\t4321823.0546686156,\n\t\t\t\t\"omitted\":\tfalse,\n\t\t\t\t\"sender\":\tfalse\n\t\t\t}\n\t\t}, {\n\t\t\t\"streams\":\t[{\n\t\t\t\t\t\"socket\":\t5,\n\t\t\t\t\t\"start\":\t21.000034,\n\t\t\t\t\t\"end\":\t22.000056,\n\t\t\t\t\t\"seconds\":\t1.0000220537185669,\n\t\t\t\t\t\"bytes\":\t589448,\n\t\t\t\t\t\"bits_per_second\":\t4715480.0061310371,\n\t\t\t\t\t\"omitted\":\tfalse,\n\t\t\t\t\t\"sender\":\tfalse\n\t\t\t\t}],\n\t\t\t\"sum\":\t{\n\t\t\t\t\"start\":\t21.000034,\n\t\t\t\t\"end\":\t22.000056,\n\t\t\t\t\"seconds\":\t1.0000220537185669,\n\t\t\t\t\"bytes\":\t589448,\n\t\t\t\t\"bits_per_second\":\t4715480.0061310371,\n\t\t\t\t\"omitted\":\tfalse,\n\t\t\t\t\"sender\":\tfalse\n\t\t\t}\n\t\t}, {\n\t\t\t\"streams\":\t[{\n\t\t\t\t\t\"socket\":\t5,\n\t\t\t\t\t\"start\":\t22.000056,\n\t\t\t\t\t\"end\":\t23.000056,\n\t\t\t\t\t\"seconds\":\t1,\n\t\t\t\t\t\"bytes\":\t556144,\n\t\t\t\t\t\"bits_per_second\":\t4449152,\n\t\t\t\t\t\"omitted\":\tfalse,\n\t\t\t\t\t\"sender\":\tfalse\n\t\t\t\t}],\n\t\t\t\"sum\":\t{\n\t\t\t\t\"start\":\t22.000056,\n\t\t\t\t\"end\":\t23.000056,\n\t\t\t\t\"seconds\":\t1,\n\t\t\t\t\"bytes\":\t556144,\n\t\t\t\t\"bits_per_second\":\t4449152,\n\t\t\t\t\"omitted\":\tfalse,\n\t\t\t\t\"sender\":\tfalse\n\t\t\t}\n\t\t}, {\n\t\t\t\"streams\":\t[{\n\t\t\t\t\t\"socket\":\t5,\n\t\t\t\t\t\"start\":\t23.000056,\n\t\t\t\t\t\"end\":\t24.000055,\n\t\t\t\t\t\"seconds\":\t0.99999898672103882,\n\t\t\t\t\t\"bytes\":\t527184,\n\t\t\t\t\t\"bits_per_second\":\t4217476.2734799776,\n\t\t\t\t\t\"omitted\":\tfalse,\n\t\t\t\t\t\"sender\":\tfalse\n\t\t\t\t}],\n\t\t\t\"sum\":\t{\n\t\t\t\t\"start\":\t23.000056,\n\t\t\t\t\"end\":\t24.000055,\n\t\t\t\t\"seconds\":\t0.99999898672103882,\n\t\t\t\t\"bytes\":\t527184,\n\t\t\t\t\"bits_per_second\":\t4217476.2734799776,\n\t\t\t\t\"omitted\":\tfalse,\n\t\t\t\t\"sender\":\tfalse\n\t\t\t}\n\t\t}, {\n\t\t\t\"streams\":\t[{\n\t\t\t\t\t\"socket\":\t5,\n\t\t\t\t\t\"start\":\t24.000055,\n\t\t\t\t\t\"end\":\t25.000055,\n\t\t\t\t\t\"seconds\":\t1,\n\t\t\t\t\t\"bytes\":\t518496,\n\t\t\t\t\t\"bits_per_second\":\t4147968,\n\t\t\t\t\t\"omitted\":\tfalse,\n\t\t\t\t\t\"sender\":\tfalse\n\t\t\t\t}],\n\t\t\t\"sum\":\t{\n\t\t\t\t\"start\":\t24.000055,\n\t\t\t\t\"end\":\t25.000055,\n\t\t\t\t\"seconds\":\t1,\n\t\t\t\t\"bytes\":\t518496,\n\t\t\t\t\"bits_per_second\":\t4147968,\n\t\t\t\t\"omitted\":\tfalse,\n\t\t\t\t\"sender\":\tfalse\n\t\t\t}\n\t\t}, {\n\t\t\t\"streams\":\t[{\n\t\t\t\t\t\"socket\":\t5,\n\t\t\t\t\t\"start\":\t25.000055,\n\t\t\t\t\t\"end\":\t26.000056,\n\t\t\t\t\t\"seconds\":\t1.0000009536743164,\n\t\t\t\t\t\"bytes\":\t528632,\n\t\t\t\t\t\"bits_per_second\":\t4229051.9668617565,\n\t\t\t\t\t\"omitted\":\tfalse,\n\t\t\t\t\t\"sender\":\tfalse\n\t\t\t\t}],\n\t\t\t\"sum\":\t{\n\t\t\t\t\"start\":\t25.000055,\n\t\t\t\t\"end\":\t26.000056,\n\t\t\t\t\"seconds\":\t1.0000009536743164,\n\t\t\t\t\"bytes\":\t528632,\n\t\t\t\t\"bits_per_second\":\t4229051.9668617565,\n\t\t\t\t\"omitted\":\tfalse,\n\t\t\t\t\"sender\":\tfalse\n\t\t\t}\n\t\t}, {\n\t\t\t\"streams\":\t[{\n\t\t\t\t\t\"socket\":\t5,\n\t\t\t\t\t\"start\":\t26.000056,\n\t\t\t\t\t\"end\":\t27.000055,\n\t\t\t\t\t\"seconds\":\t0.99999898672103882,\n\t\t\t\t\t\"bytes\":\t546760,\n\t\t\t\t\t\"bits_per_second\":\t4374084.43216773,\n\t\t\t\t\t\"omitted\":\tfalse,\n\t\t\t\t\t\"sender\":\tfalse\n\t\t\t\t}],\n\t\t\t\"sum\":\t{\n\t\t\t\t\"start\":\t26.000056,\n\t\t\t\t\"end\":\t27.000055,\n\t\t\t\t\"seconds\":\t0.99999898672103882,\n\t\t\t\t\"bytes\":\t546760,\n\t\t\t\t\"bits_per_second\":\t4374084.43216773,\n\t\t\t\t\"omitted\":\tfalse,\n\t\t\t\t\"sender\":\tfalse\n\t\t\t}\n\t\t}, {\n\t\t\t\"streams\":\t[{\n\t\t\t\t\t\"socket\":\t5,\n\t\t\t\t\t\"start\":\t27.000055,\n\t\t\t\t\t\"end\":\t28.000056,\n\t\t\t\t\t\"seconds\":\t1.0000009536743164,\n\t\t\t\t\t\"bytes\":\t589448,\n\t\t\t\t\t\"bits_per_second\":\t4715579.50287294,\n\t\t\t\t\t\"omitted\":\tfalse,\n\t\t\t\t\t\"sender\":\tfalse\n\t\t\t\t}],\n\t\t\t\"sum\":\t{\n\t\t\t\t\"start\":\t27.000055,\n\t\t\t\t\"end\":\t28.000056,\n\t\t\t\t\"seconds\":\t1.0000009536743164,\n\t\t\t\t\"bytes\":\t589448,\n\t\t\t\t\"bits_per_second\":\t4715579.50287294,\n\t\t\t\t\"omitted\":\tfalse,\n\t\t\t\t\"sender\":\tfalse\n\t\t\t}\n\t\t}, {\n\t\t\t\"streams\":\t[{\n\t\t\t\t\t\"socket\":\t5,\n\t\t\t\t\t\"start\":\t28.000056,\n\t\t\t\t\t\"end\":\t29.000056,\n\t\t\t\t\t\"seconds\":\t1,\n\t\t\t\t\t\"bytes\":\t587304,\n\t\t\t\t\t\"bits_per_second\":\t4698432,\n\t\t\t\t\t\"omitted\":\tfalse,\n\t\t\t\t\t\"sender\":\tfalse\n\t\t\t\t}],\n\t\t\t\"sum\":\t{\n\t\t\t\t\"start\":\t28.000056,\n\t\t\t\t\"end\":\t29.000056,\n\t\t\t\t\"seconds\":\t1,\n\t\t\t\t\"bytes\":\t587304,\n\t\t\t\t\"bits_per_second\":\t4698432,\n\t\t\t\t\"omitted\":\tfalse,\n\t\t\t\t\"sender\":\tfalse\n\t\t\t}\n\t\t}, {\n\t\t\t\"streams\":\t[{\n\t\t\t\t\t\"socket\":\t5,\n\t\t\t\t\t\"start\":\t29.000056,\n\t\t\t\t\t\"end\":\t30.000061,\n\t\t\t\t\t\"seconds\":\t1.0000050067901611,\n\t\t\t\t\t\"bytes\":\t632888,\n\t\t\t\t\t\"bits_per_second\":\t5063078.65022763,\n\t\t\t\t\t\"omitted\":\tfalse,\n\t\t\t\t\t\"sender\":\tfalse\n\t\t\t\t}],\n\t\t\t\"sum\":\t{\n\t\t\t\t\"start\":\t29.000056,\n\t\t\t\t\"end\":\t30.000061,\n\t\t\t\t\"seconds\":\t1.0000050067901611,\n\t\t\t\t\"bytes\":\t632888,\n\t\t\t\t\"bits_per_second\":\t5063078.65022763,\n\t\t\t\t\"omitted\":\tfalse,\n\t\t\t\t\"sender\":\tfalse\n\t\t\t}\n\t\t}],\n\t\"end\":\t{\n\t\t\"streams\":\t[{\n\t\t\t\t\"sender\":\t{\n\t\t\t\t\t\"socket\":\t5,\n\t\t\t\t\t\"start\":\t0,\n\t\t\t\t\t\"end\":\t30.000061,\n\t\t\t\t\t\"seconds\":\t30.000061,\n\t\t\t\t\t\"bytes\":\t17432576,\n\t\t\t\t\t\"bits_per_second\":\t4648677.4810224557,\n\t\t\t\t\t\"sender\":\tfalse\n\t\t\t\t},\n\t\t\t\t\"receiver\":\t{\n\t\t\t\t\t\"socket\":\t5,\n\t\t\t\t\t\"start\":\t0,\n\t\t\t\t\t\"end\":\t30.000061,\n\t\t\t\t\t\"seconds\":\t30.000061,\n\t\t\t\t\t\"bytes\":\t17294960,\n\t\t\t\t\t\"bits_per_second\":\t4611979.9556407575,\n\t\t\t\t\t\"sender\":\tfalse\n\t\t\t\t}\n\t\t\t}],\n\t\t\"sum_sent\":\t{\n\t\t\t\"start\":\t0,\n\t\t\t\"end\":\t30.000061,\n\t\t\t\"seconds\":\t30.000061,\n\t\t\t\"bytes\":\t17432576,\n\t\t\t\"bits_per_second\":\t4648677.4810224557,\n\t\t\t\"sender\":\tfalse\n\t\t},\n\t\t\"sum_received\":\t{\n\t\t\t\"start\":\t0,\n\t\t\t\"end\":\t30.000061,\n\t\t\t\"seconds\":\t30.000061,\n\t\t\t\"bytes\":\t17294960,\n\t\t\t\"bits_per_second\":\t4611979.9556407575,\n\t\t\t\"sender\":\tfalse\n\t\t},\n\t\t\"cpu_utilization_percent\":\t{\n\t\t\t\"host_total\":\t0.17489610259968977,\n\t\t\t\"host_user\":\t0.017951690221062574,\n\t\t\t\"host_system\":\t0.156947734305019,\n\t\t\t\"remote_total\":\t0.205387,\n\t\t\t\"remote_user\":\t0.152384,\n\t\t\t\"remote_system\":\t0.053003\n\t\t},\n\t\t\"receiver_tcp_congestion\":\t\"bbr\"\n\t}\n}\n",
            "stderr": "",
            "exit_code": 0,
            "iperf_json": {
              "start": {
                "connected": [
                  {
                    "socket": 5,
                    "local_host": "192.168.3.1",
                    "local_port": 36252,
                    "remote_host": "192.168.3.2",
                    "remote_port": 5201
                  }
                ],
                "version": "iperf 3.10.1",
                "system_info": "Linux CBA-20240614 6.2.15-100.fc36.x86_64 #1 SMP PREEMPT_DYNAMIC Thu May 11 16:51:53 UTC 2023 x86_64",
                "timestamp": {
                  "time": "Tue, 04 Aug 2026 04:34:38 GMT",
                  "timesecs": 1785818078
                },
                "connecting_to": {
                  "host": "192.168.3.2",
                  "port": 5201
                },
                "cookie": "c4vcofz2pghgqu27vczqzgltsiylnwov2p34",
                "tcp_mss_default": 1448,
                "sock_bufsize": 0,
                "sndbuf_actual": 16384,
                "rcvbuf_actual": 131072,
                "test_start": {
                  "protocol": "TCP",
                  "num_streams": 1,
                  "blksize": 131072,
                  "omit": 0,
                  "duration": 30,
                  "bytes": 0,
                  "blocks": 0,
                  "reverse": 1,
                  "tos": 0
                }
              },
              "intervals": [
                {
                  "streams": [
                    {
                      "socket": 5,
                      "start": 0,
                      "end": 1.000056,
                      "seconds": 1.0000560283660889,
                      "bytes": 627096,
                      "bits_per_second": 5016486.934433557,
                      "omitted": false,
                      "sender": false
                    }
                  ],
                  "sum": {
                    "start": 0,
                    "end": 1.000056,
                    "seconds": 1.0000560283660889,
                    "bytes": 627096,
                    "bits_per_second": 5016486.934433557,
                    "omitted": false,
                    "sender": false
                  }
                },
                {
                  "streams": [
                    {
                      "socket": 5,
                      "start": 1.000056,
                      "end": 2.000056,
                      "seconds": 1,
                      "bytes": 630744,
                      "bits_per_second": 5045952,
                      "omitted": false,
                      "sender": false
                    }
                  ],
                  "sum": {
                    "start": 1.000056,
                    "end": 2.000056,
                    "seconds": 1,
                    "bytes": 630744,
                    "bits_per_second": 5045952,
                    "omitted": false,
                    "sender": false
                  }
                },
                {
                  "streams": [
                    {
                      "socket": 5,
                      "start": 2.000056,
                      "end": 3.000055,
                      "seconds": 0.9999989867210388,
                      "bytes": 613368,
                      "bits_per_second": 4906948.972108157,
                      "omitted": false,
                      "sender": false
                    }
                  ],
                  "sum": {
                    "start": 2.000056,
                    "end": 3.000055,
                    "seconds": 0.9999989867210388,
                    "bytes": 613368,
                    "bits_per_second": 4906948.972108157,
                    "omitted": false,
                    "sender": false
                  }
                },
                {
                  "streams": [
                    {
                      "socket": 5,
                      "start": 3.000055,
                      "end": 4.000046,
                      "seconds": 0.999990999698639,
                      "bytes": 646672,
                      "bits_per_second": 5173422.56236213,
                      "omitted": false,
                      "sender": false
                    }
                  ],
                  "sum": {
                    "start": 3.000055,
                    "end": 4.000046,
                    "seconds": 0.999990999698639,
                    "bytes": 646672,
                    "bits_per_second": 5173422.56236213,
                    "omitted": false,
                    "sender": false
                  }
                },
                {
                  "streams": [
                    {
                      "socket": 5,
                      "start": 4.000046,
                      "end": 5.000056,
                      "seconds": 1.0000100135803223,
                      "bytes": 619856,
                      "bits_per_second": 4958798.344674474,
                      "omitted": false,
                      "sender": false
                    }
                  ],
                  "sum": {
                    "start": 4.000046,
                    "end": 5.000056,
                    "seconds": 1.0000100135803223,
                    "bytes": 619856,
                    "bits_per_second": 4958798.344674474,
                    "omitted": false,
                    "sender": false
                  }
                },
                {
                  "streams": [
                    {
                      "socket": 5,
                      "start": 5.000056,
                      "end": 6.000055,
                      "seconds": 0.9999989867210388,
                      "bytes": 632192,
                      "bits_per_second": 5057541.124700017,
                      "omitted": false,
                      "sender": false
                    }
                  ],
                  "sum": {
                    "start": 5.000056,
                    "end": 6.000055,
                    "seconds": 0.9999989867210388,
                    "bytes": 632192,
                    "bits_per_second": 5057541.124700017,
                    "omitted": false,
                    "sender": false
                  }
                },
                {
                  "streams": [
                    {
                      "socket": 5,
                      "start": 6.000055,
                      "end": 7.000056,
                      "seconds": 1.0000009536743164,
                      "bytes": 577168,
                      "bits_per_second": 4617339.5965618165,
                      "omitted": false,
                      "sender": false
                    }
                  ],
                  "sum": {
                    "start": 6.000055,
                    "end": 7.000056,
                    "seconds": 1.0000009536743164,
                    "bytes": 577168,
                    "bits_per_second": 4617339.5965618165,
                    "omitted": false,
                    "sender": false
                  }
                },
                {
                  "streams": [
                    {
                      "socket": 5,
                      "start": 7.000056,
                      "end": 8.000056,
                      "seconds": 1,
                      "bytes": 601032,
                      "bits_per_second": 4808256,
                      "omitted": false,
                      "sender": false
                    }
                  ],
                  "sum": {
                    "start": 7.000056,
                    "end": 8.000056,
                    "seconds": 1,
                    "bytes": 601032,
                    "bits_per_second": 4808256,
                    "omitted": false,
                    "sender": false
                  }
                },
                {
                  "streams": [
                    {
                      "socket": 5,
                      "start": 8.000056,
                      "end": 9.000029,
                      "seconds": 0.9999729990959167,
                      "bytes": 571376,
                      "bits_per_second": 4571131.42468115,
                      "omitted": false,
                      "sender": false
                    }
                  ],
                  "sum": {
                    "start": 8.000056,
                    "end": 9.000029,
                    "seconds": 0.9999729990959167,
                    "bytes": 571376,
                    "bits_per_second": 4571131.42468115,
                    "omitted": false,
                    "sender": false
                  }
                },
                {
                  "streams": [
                    {
                      "socket": 5,
                      "start": 9.000029,
                      "end": 10.000056,
                      "seconds": 1.0000269412994385,
                      "bytes": 572072,
                      "bits_per_second": 4576452.704417325,
                      "omitted": false,
                      "sender": false
                    }
                  ],
                  "sum": {
                    "start": 9.000029,
                    "end": 10.000056,
                    "seconds": 1.0000269412994385,
                    "bytes": 572072,
                    "bits_per_second": 4576452.704417325,
                    "omitted": false,
                    "sender": false
                  }
                },
                {
                  "streams": [
                    {
                      "socket": 5,
                      "start": 10.000056,
                      "end": 11.000056,
                      "seconds": 1,
                      "bytes": 613368,
                      "bits_per_second": 4906944,
                      "omitted": false,
                      "sender": false
                    }
                  ],
                  "sum": {
                    "start": 10.000056,
                    "end": 11.000056,
                    "seconds": 1,
                    "bytes": 613368,
                    "bits_per_second": 4906944,
                    "omitted": false,
                    "sender": false
                  }
                },
                {
                  "streams": [
                    {
                      "socket": 5,
                      "start": 11.000056,
                      "end": 12.000056,
                      "seconds": 1,
                      "bytes": 606824,
                      "bits_per_second": 4854592,
                      "omitted": false,
                      "sender": false
                    }
                  ],
                  "sum": {
                    "start": 11.000056,
                    "end": 12.000056,
                    "seconds": 1,
                    "bytes": 606824,
                    "bits_per_second": 4854592,
                    "omitted": false,
                    "sender": false
                  }
                },
                {
                  "streams": [
                    {
                      "socket": 5,
                      "start": 12.000056,
                      "end": 13.000056,
                      "seconds": 1,
                      "bytes": 574272,
                      "bits_per_second": 4594176,
                      "omitted": false,
                      "sender": false
                    }
                  ],
                  "sum": {
                    "start": 12.000056,
                    "end": 13.000056,
                    "seconds": 1,
                    "bytes": 574272,
                    "bits_per_second": 4594176,
                    "omitted": false,
                    "sender": false
                  }
                },
                {
                  "streams": [
                    {
                      "socket": 5,
                      "start": 13.000056,
                      "end": 14.000055,
                      "seconds": 0.9999989867210388,
                      "bytes": 583656,
                      "bits_per_second": 4669252.731255557,
                      "omitted": false,
                      "sender": false
                    }
                  ],
                  "sum": {
                    "start": 13.000056,
                    "end": 14.000055,
                    "seconds": 0.9999989867210388,
                    "bytes": 583656,
                    "bits_per_second": 4669252.731255557,
                    "omitted": false,
                    "sender": false
                  }
                },
                {
                  "streams": [
                    {
                      "socket": 5,
                      "start": 14.000055,
                      "end": 15.000056,
                      "seconds": 1.0000009536743164,
                      "bytes": 559040,
                      "bits_per_second": 4472315.734867348,
                      "omitted": false,
                      "sender": false
                    }
                  ],
                  "sum": {
                    "start": 14.000055,
                    "end": 15.000056,
                    "seconds": 1.0000009536743164,
                    "bytes": 559040,
                    "bits_per_second": 4472315.734867348,
                    "omitted": false,
                    "sender": false
                  }
                },
                {
                  "streams": [
                    {
                      "socket": 5,
                      "start": 15.000056,
                      "end": 16.000055,
                      "seconds": 0.9999989867210388,
                      "bytes": 552552,
                      "bits_per_second": 4420420.47911907,
                      "omitted": false,
                      "sender": false
                    }
                  ],
                  "sum": {
                    "start": 15.000056,
                    "end": 16.000055,
                    "seconds": 0.9999989867210388,
                    "bytes": 552552,
                    "bits_per_second": 4420420.47911907,
                    "omitted": false,
                    "sender": false
                  }
                },
                {
                  "streams": [
                    {
                      "socket": 5,
                      "start": 16.000055,
                      "end": 17.00005,
                      "seconds": 0.999994993209839,
                      "bytes": 551800,
                      "bits_per_second": 4414422.102085148,
                      "omitted": false,
                      "sender": false
                    }
                  ],
                  "sum": {
                    "start": 16.000055,
                    "end": 17.00005,
                    "seconds": 0.999994993209839,
                    "bytes": 551800,
                    "bits_per_second": 4414422.102085148,
                    "omitted": false,
                    "sender": false
                  }
                },
                {
                  "streams": [
                    {
                      "socket": 5,
                      "start": 17.00005,
                      "end": 18.000056,
                      "seconds": 1.0000059604644775,
                      "bytes": 541664,
                      "bits_per_second": 4333286.171601703,
                      "omitted": false,
                      "sender": false
                    }
                  ],
                  "sum": {
                    "start": 17.00005,
                    "end": 18.000056,
                    "seconds": 1.0000059604644775,
                    "bytes": 541664,
                    "bits_per_second": 4333286.171601703,
                    "omitted": false,
                    "sender": false
                  }
                },
                {
                  "streams": [
                    {
                      "socket": 5,
                      "start": 18.000056,
                      "end": 19.000056,
                      "seconds": 1,
                      "bytes": 477952,
                      "bits_per_second": 3823616,
                      "omitted": false,
                      "sender": false
                    }
                  ],
                  "sum": {
                    "start": 18.000056,
                    "end": 19.000056,
                    "seconds": 1,
                    "bytes": 477952,
                    "bits_per_second": 3823616,
                    "omitted": false,
                    "sender": false
                  }
                },
                {
                  "streams": [
                    {
                      "socket": 5,
                      "start": 19.000056,
                      "end": 20.000056,
                      "seconds": 1,
                      "bytes": 525736,
                      "bits_per_second": 4205888,
                      "omitted": false,
                      "sender": false
                    }
                  ],
                  "sum": {
                    "start": 19.000056,
                    "end": 20.000056,
                    "seconds": 1,
                    "bytes": 525736,
                    "bits_per_second": 4205888,
                    "omitted": false,
                    "sender": false
                  }
                },
                {
                  "streams": [
                    {
                      "socket": 5,
                      "start": 20.000056,
                      "end": 21.000034,
                      "seconds": 0.999978005886078,
                      "bytes": 540216,
                      "bits_per_second": 4321823.054668616,
                      "omitted": false,
                      "sender": false
                    }
                  ],
                  "sum": {
                    "start": 20.000056,
                    "end": 21.000034,
                    "seconds": 0.999978005886078,
                    "bytes": 540216,
                    "bits_per_second": 4321823.054668616,
                    "omitted": false,
                    "sender": false
                  }
                },
                {
                  "streams": [
                    {
                      "socket": 5,
                      "start": 21.000034,
                      "end": 22.000056,
                      "seconds": 1.000022053718567,
                      "bytes": 589448,
                      "bits_per_second": 4715480.006131037,
                      "omitted": false,
                      "sender": false
                    }
                  ],
                  "sum": {
                    "start": 21.000034,
                    "end": 22.000056,
                    "seconds": 1.000022053718567,
                    "bytes": 589448,
                    "bits_per_second": 4715480.006131037,
                    "omitted": false,
                    "sender": false
                  }
                },
                {
                  "streams": [
                    {
                      "socket": 5,
                      "start": 22.000056,
                      "end": 23.000056,
                      "seconds": 1,
                      "bytes": 556144,
                      "bits_per_second": 4449152,
                      "omitted": false,
                      "sender": false
                    }
                  ],
                  "sum": {
                    "start": 22.000056,
                    "end": 23.000056,
                    "seconds": 1,
                    "bytes": 556144,
                    "bits_per_second": 4449152,
                    "omitted": false,
                    "sender": false
                  }
                },
                {
                  "streams": [
                    {
                      "socket": 5,
                      "start": 23.000056,
                      "end": 24.000055,
                      "seconds": 0.9999989867210388,
                      "bytes": 527184,
                      "bits_per_second": 4217476.273479978,
                      "omitted": false,
                      "sender": false
                    }
                  ],
                  "sum": {
                    "start": 23.000056,
                    "end": 24.000055,
                    "seconds": 0.9999989867210388,
                    "bytes": 527184,
                    "bits_per_second": 4217476.273479978,
                    "omitted": false,
                    "sender": false
                  }
                },
                {
                  "streams": [
                    {
                      "socket": 5,
                      "start": 24.000055,
                      "end": 25.000055,
                      "seconds": 1,
                      "bytes": 518496,
                      "bits_per_second": 4147968,
                      "omitted": false,
                      "sender": false
                    }
                  ],
                  "sum": {
                    "start": 24.000055,
                    "end": 25.000055,
                    "seconds": 1,
                    "bytes": 518496,
                    "bits_per_second": 4147968,
                    "omitted": false,
                    "sender": false
                  }
                },
                {
                  "streams": [
                    {
                      "socket": 5,
                      "start": 25.000055,
                      "end": 26.000056,
                      "seconds": 1.0000009536743164,
                      "bytes": 528632,
                      "bits_per_second": 4229051.9668617565,
                      "omitted": false,
                      "sender": false
                    }
                  ],
                  "sum": {
                    "start": 25.000055,
                    "end": 26.000056,
                    "seconds": 1.0000009536743164,
                    "bytes": 528632,
                    "bits_per_second": 4229051.9668617565,
                    "omitted": false,
                    "sender": false
                  }
                },
                {
                  "streams": [
                    {
                      "socket": 5,
                      "start": 26.000056,
                      "end": 27.000055,
                      "seconds": 0.9999989867210388,
                      "bytes": 546760,
                      "bits_per_second": 4374084.43216773,
                      "omitted": false,
                      "sender": false
                    }
                  ],
                  "sum": {
                    "start": 26.000056,
                    "end": 27.000055,
                    "seconds": 0.9999989867210388,
                    "bytes": 546760,
                    "bits_per_second": 4374084.43216773,
                    "omitted": false,
                    "sender": false
                  }
                },
                {
                  "streams": [
                    {
                      "socket": 5,
                      "start": 27.000055,
                      "end": 28.000056,
                      "seconds": 1.0000009536743164,
                      "bytes": 589448,
                      "bits_per_second": 4715579.50287294,
                      "omitted": false,
                      "sender": false
                    }
                  ],
                  "sum": {
                    "start": 27.000055,
                    "end": 28.000056,
                    "seconds": 1.0000009536743164,
                    "bytes": 589448,
                    "bits_per_second": 4715579.50287294,
                    "omitted": false,
                    "sender": false
                  }
                },
                {
                  "streams": [
                    {
                      "socket": 5,
                      "start": 28.000056,
                      "end": 29.000056,
                      "seconds": 1,
                      "bytes": 587304,
                      "bits_per_second": 4698432,
                      "omitted": false,
                      "sender": false
                    }
                  ],
                  "sum": {
                    "start": 28.000056,
                    "end": 29.000056,
                    "seconds": 1,
                    "bytes": 587304,
                    "bits_per_second": 4698432,
                    "omitted": false,
                    "sender": false
                  }
                },
                {
                  "streams": [
                    {
                      "socket": 5,
                      "start": 29.000056,
                      "end": 30.000061,
                      "seconds": 1.0000050067901611,
                      "bytes": 632888,
                      "bits_per_second": 5063078.65022763,
                      "omitted": false,
                      "sender": false
                    }
                  ],
                  "sum": {
                    "start": 29.000056,
                    "end": 30.000061,
                    "seconds": 1.0000050067901611,
                    "bytes": 632888,
                    "bits_per_second": 5063078.65022763,
                    "omitted": false,
                    "sender": false
                  }
                }
              ],
              "end": {
                "streams": [
                  {
                    "sender": {
                      "socket": 5,
                      "start": 0,
                      "end": 30.000061,
                      "seconds": 30.000061,
                      "bytes": 17432576,
                      "bits_per_second": 4648677.481022456,
                      "sender": false
                    },
                    "receiver": {
                      "socket": 5,
                      "start": 0,
                      "end": 30.000061,
                      "seconds": 30.000061,
                      "bytes": 17294960,
                      "bits_per_second": 4611979.955640757,
                      "sender": false
                    }
                  }
                ],
                "sum_sent": {
                  "start": 0,
                  "end": 30.000061,
                  "seconds": 30.000061,
                  "bytes": 17432576,
                  "bits_per_second": 4648677.481022456,
                  "sender": false
                },
                "sum_received": {
                  "start": 0,
                  "end": 30.000061,
                  "seconds": 30.000061,
                  "bytes": 17294960,
                  "bits_per_second": 4611979.955640757,
                  "sender": false
                },
                "cpu_utilization_percent": {
                  "host_total": 0.17489610259968977,
                  "host_user": 0.017951690221062574,
                  "host_system": 0.156947734305019,
                  "remote_total": 0.205387,
                  "remote_user": 0.152384,
                  "remote_system": 0.053003
                },
                "receiver_tcp_congestion": "bbr"
              }
            }
          },
          "storage_targets": {
            "timeseries": "samples",
            "neo4j": "parameters + context + test relationship",
            "qdrant": "summary + future notes/log analysis"
          },
          "result_file": "D:\\NetworkAutomation\\results\\iperf\\2026-08-04\\iperf-20260804-124309-86c4b0.json",
          "text_log_file": "D:\\NetworkAutomation\\results\\iperf\\2026-08-04\\iperf-20260804-124309-86c4b0.txt",
          "returncode": 0
        }
      }
    ]
  },
  "schema_version": "1.0",
  "timestamp": "2026-08-04T12:43:09+08:00",
  "result_file": null
}
